trial_id,trial_type,input_state,byzantine_nodes,byzantine_strategies,n_coherent_flip,n_equivocate,n_withhold,detected_nodes,n_detected,n_undetected_byz,true_all_outcomes,reported_ctrl,recovered_ctrl,M_X_true,M_Z_true,M_X_rep,M_Z_rep,M_X_rec,M_Z_rec,M_correct_before,M_correct_after,fidelity_before,fidelity_after,bell_outcome,verification_pass,p_phi_plus,noise_level,n_controllers,max_byzantine,is_trap,trap_detected
0,regular,psi,"[2, 7]","{7: 'coherent_flip', 2: 'equivocate'}",1,1,0,[2],1,1,"[1, 1, 0, 1, 1, 0, 0, 1, 0, 1]","[0, 0, 1, 0, 0, 1, 1, 1]","[0, 1, 1, 0, 0, 1, 1, 1]",0,0,1,1,0,1,0,0,0.3114857600954144,0.30749018279198925,,,,0.01,8,2,False,False
1,regular,psi,"[3, 8]","{3: 'coherent_flip', 8: 'equivocate'}",1,1,0,[8],1,1,"[1, 0, 1, 0, 1, 0, 1, 0, 0, 0]","[1, 0, 0, 0, 1, 0, 0, 1]","[1, 0, 0, 0, 1, 0, 0, 0]",0,0,1,1,0,1,0,0,0.3114857680573853,0.30749022079443394,,,,0.01,8,2,False,False
2,regular,psi,"[3, 5]","{3: 'coherent_flip', 5: 'coherent_flip'}",2,0,0,[],0,2,"[1, 0, 0, 0, 1, 1, 1, 1, 0, 1]","[0, 0, 0, 1, 0, 1, 0, 1]","[0, 0, 0, 1, 0, 1, 0, 1]",1,1,1,1,1,1,1,1,0.9186053765933344,0.9186053765933344,,,,0.01,8,2,False,False
3,regular,psi,"[2, 7]","{2: 'coherent_flip', 7: 'coherent_flip'}",2,0,0,[],0,2,"[1, 0, 0, 0, 0, 1, 1, 1, 1, 0]","[0, 1, 0, 1, 1, 1, 0, 0]","[0, 1, 0, 1, 1, 1, 0, 0]",0,1,1,0,1,0,0,0,0.3114857455847376,0.3114857455847376,,,,0.01,8,2,False,False
4,regular,psi,"[4, 6]","{6: 'withhold', 4: 'withhold'}",0,0,2,"[4, 6]",2,0,"[1, 1, 1, 1, 1, 1, 1, 1, 0, 0]","[1, 1, 1, 1, 1, 1, 0, 0]","[1, 1, 1, 1, 1, 1, 0, 0]",0,0,0,0,0,0,1,1,0.9186052993902135,0.9186052993902135,,,,0.01,8,2,False,False
5,regular,psi,"[3, 8]","{3: 'coherent_flip', 8: 'withhold'}",1,0,1,[8],1,1,"[0, 1, 0, 0, 1, 1, 1, 0, 1, 1]","[0, 0, 0, 1, 1, 0, 1, 1]","[0, 0, 0, 1, 1, 0, 1, 1]",1,1,1,0,1,0,0,0,0.30749018646141135,0.30749018646141135,,,,0.01,8,2,False,False
6,verification,verification,"[1, 6]","{6: 'coherent_flip', 1: 'coherent_flip'}",2,0,0,[],0,2,"[1, 0, 0, 0, 0, 1, 0, 0, 1, 0]","[1, 0, 0, 1, 0, 1, 1, 0]","[1, 0, 0, 1, 0, 1, 1, 0]",1,0,0,1,0,1,0,0,,,Phi-,False,0.02616541177004941,0.01,8,2,False,False
7,regular,plus,"[4, 5]","{4: 'withhold', 5: 'equivocate'}",0,1,1,"[4, 5]",2,0,"[1, 0, 1, 1, 0, 0, 1, 0, 0, 0]","[1, 1, 0, 0, 0, 0, 0, 0]","[1, 1, 0, 0, 1, 0, 0, 0]",1,1,1,0,1,1,0,1,0.047808915376663215,0.9521910846233366,,,,0.01,8,2,True,False
8,regular,psi,"[3, 5]","{5: 'equivocate', 3: 'coherent_flip'}",1,1,0,[5],1,1,"[0, 1, 0, 0, 0, 0, 0, 1, 0, 0]","[0, 0, 1, 0, 1, 1, 0, 0]","[0, 0, 1, 0, 0, 1, 0, 0]",0,0,0,0,0,1,1,0,0.9186052830577923,0.3074902145503926,,,,0.01,8,2,False,False
9,regular,plus,"[1, 8]","{8: 'withhold', 1: 'coherent_flip'}",1,0,1,[8],1,1,"[1, 1, 0, 0, 1, 1, 1, 1, 1, 0]","[1, 0, 1, 1, 1, 1, 1, 0]","[1, 0, 1, 1, 1, 1, 1, 0]",1,0,1,1,1,1,0,0,0.047808915376663215,0.047808915376663215,,,,0.01,8,2,True,True
10,regular,psi,"[2, 5]","{2: 'withhold', 5: 'equivocate'}",0,1,1,"[2, 5]",2,0,"[0, 0, 1, 1, 1, 0, 1, 1, 1, 1]","[1, 1, 1, 0, 0, 1, 1, 1]","[1, 1, 1, 0, 1, 1, 1, 1]",1,0,1,1,1,0,0,1,0.3074901882673679,0.918605352619484,,,,0.01,8,2,False,False
11,regular,psi,"[1, 2]","{2: 'withhold', 1: 'equivocate'}",0,1,1,"[1, 2]",2,0,"[0, 1, 0, 0, 0, 1, 1, 0, 1, 0]","[1, 0, 0, 1, 1, 0, 1, 0]","[0, 0, 0, 1, 1, 0, 1, 0]",0,0,0,1,0,0,0,1,0.30749022617720145,0.9186052714309836,,,,0.01,8,2,False,False
12,regular,psi,"[3, 4]","{3: 'equivocate', 4: 'equivocate'}",0,2,0,"[3, 4]",2,0,"[0, 0, 1, 0, 0, 1, 0, 1, 0, 1]","[1, 0, 1, 0, 0, 1, 0, 1]","[1, 0, 0, 1, 0, 1, 0, 1]",1,1,0,0,1,1,0,1,0.3114857586534804,0.9186053394413579,,,,0.01,8,2,False,False
13,regular,psi,"[2, 3]","{2: 'withhold', 3: 'withhold'}",0,0,2,"[2, 3]",2,0,"[0, 0, 0, 1, 0, 1, 0, 1, 1, 1]","[0, 1, 0, 1, 0, 1, 1, 1]","[0, 1, 0, 1, 0, 1, 1, 1]",0,1,0,1,0,1,1,1,0.9186053047342603,0.9186053047342603,,,,0.01,8,2,False,False
14,regular,psi,"[1, 5]","{5: 'coherent_flip', 1: 'coherent_flip'}",2,0,0,[],0,2,"[1, 1, 0, 1, 1, 0, 1, 0, 0, 1]","[1, 1, 1, 0, 0, 0, 0, 1]","[1, 1, 1, 0, 0, 0, 0, 1]",1,1,1,1,1,1,1,1,0.9186053394413579,0.9186053394413579,,,,0.01,8,2,False,False
15,regular,psi,"[5, 7]","{5: 'coherent_flip', 7: 'coherent_flip'}",2,0,0,[],0,2,"[0, 1, 1, 1, 1, 0, 1, 0, 0, 0]","[1, 1, 1, 0, 0, 0, 1, 0]","[1, 1, 1, 0, 0, 0, 1, 0]",0,1,0,1,0,1,1,1,0.918605279464224,0.918605279464224,,,,0.01,8,2,False,False
16,regular,psi,"[5, 6]","{5: 'coherent_flip', 6: 'coherent_flip'}",2,0,0,[],0,2,"[0, 1, 1, 0, 0, 0, 0, 0, 0, 1]","[1, 0, 0, 0, 1, 1, 0, 1]","[1, 0, 0, 0, 1, 1, 0, 1]",0,1,1,0,1,0,0,0,0.31148576590881843,0.31148576590881843,,,,0.01,8,2,False,False
17,regular,psi,"[2, 7]","{2: 'equivocate', 7: 'coherent_flip'}",1,1,0,[2],1,1,"[1, 0, 0, 0, 0, 1, 0, 1, 1, 0]","[0, 1, 0, 1, 0, 1, 0, 0]","[0, 0, 0, 1, 0, 1, 0, 0]",0,0,1,1,0,1,0,0,0.3114857492495739,0.30749017146983887,,,,0.01,8,2,False,False
18,regular,psi,"[6, 7]","{6: 'withhold', 7: 'coherent_flip'}",1,0,1,[6],1,1,"[1, 1, 1, 1, 0, 0, 0, 0, 1, 1]","[1, 1, 0, 0, 0, 0, 0, 1]","[1, 1, 0, 0, 0, 0, 0, 1]",1,1,1,0,1,0,0,0,0.3074902073304903,0.3074902073304903,,,,0.01,8,2,False,False
19,regular,psi,"[3, 8]","{3: 'withhold', 8: 'coherent_flip'}",1,0,1,[3],1,1,"[1, 1, 1, 0, 1, 0, 0, 1, 0, 0]","[1, 0, 1, 0, 0, 1, 0, 1]","[1, 0, 1, 0, 0, 1, 0, 1]",0,1,1,1,1,1,0,0,0.4624187088292415,0.4624187088292415,,,,0.01,8,2,False,False
20,regular,psi,"[6, 8]","{8: 'coherent_flip', 6: 'equivocate'}",1,1,0,[6],1,1,"[0, 1, 0, 1, 1, 0, 1, 1, 1, 1]","[0, 1, 1, 0, 1, 0, 1, 0]","[0, 1, 1, 0, 1, 1, 1, 0]",0,1,0,1,1,1,1,0,0.9186053047342604,0.4624187047854703,,,,0.01,8,2,False,False
21,regular,psi,"[3, 5]","{3: 'coherent_flip', 5: 'equivocate'}",1,1,0,[5],1,1,"[0, 1, 0, 1, 1, 1, 0, 1, 0, 1]","[0, 1, 0, 1, 1, 1, 0, 1]","[0, 1, 0, 1, 0, 1, 0, 1]",1,1,1,1,1,0,1,0,0.9186052962617509,0.3074902176724134,,,,0.01,8,2,False,False
22,regular,psi,"[2, 6]","{6: 'equivocate', 2: 'withhold'}",0,1,1,"[2, 6]",2,0,"[1, 1, 1, 1, 1, 1, 0, 1, 1, 0]","[1, 1, 1, 1, 0, 0, 1, 0]","[1, 1, 1, 1, 0, 1, 1, 0]",0,0,1,0,0,0,0,1,0.46241869677397596,0.9186053365421889,,,,0.01,8,2,False,False
23,regular,psi,"[5, 8]","{5: 'withhold', 8: 'withhold'}",0,0,2,"[5, 8]",2,0,"[1, 0, 1, 0, 1, 0, 0, 0, 1, 0]","[1, 0, 1, 0, 0, 0, 1, 0]","[1, 0, 1, 0, 0, 0, 1, 0]",0,0,0,0,0,0,1,1,0.9186053311421751,0.9186053311421751,,,,0.01,8,2,False,False
24,regular,psi,"[2, 3]","{2: 'coherent_flip', 3: 'equivocate'}",1,1,0,[3],1,1,"[0, 1, 1, 0, 0, 1, 0, 1, 1, 0]","[1, 1, 1, 1, 0, 1, 1, 0]","[1, 1, 0, 1, 0, 1, 1, 0]",1,0,0,1,0,0,0,0,0.31148577172222247,0.46241871434361315,,,,0.01,8,2,False,False
25,regular,psi,"[7, 8]","{8: 'coherent_flip', 7: 'coherent_flip'}",2,0,0,[],0,2,"[1, 1, 1, 0, 1, 0, 1, 0, 0, 0]","[1, 0, 1, 0, 1, 0, 1, 1]","[1, 0, 1, 0, 1, 0, 1, 1]",1,0,0,1,0,1,0,0,0.31148574924957395,0.31148574924957395,,,,0.01,8,2,False,False
26,regular,psi,"[4, 8]","{4: 'coherent_flip', 8: 'withhold'}",1,0,1,[8],1,1,"[0, 1, 0, 1, 0, 1, 0, 0, 1, 1]","[0, 1, 0, 0, 0, 0, 1, 1]","[0, 1, 0, 0, 0, 0, 1, 1]",0,1,1,1,1,1,0,0,0.46241866232200657,0.46241866232200657,,,,0.01,8,2,False,False
27,regular,psi,"[3, 5]","{5: 'equivocate', 3: 'withhold'}",0,1,1,"[3, 5]",2,0,"[1, 0, 1, 1, 0, 0, 1, 0, 0, 1]","[1, 1, 0, 0, 0, 0, 0, 1]","[1, 1, 0, 0, 1, 0, 0, 1]",0,1,0,0,0,1,0,1,0.30749019741702316,0.9186053597958065,,,,0.01,8,2,False,False
28,regular,psi,"[1, 2]","{2: 'coherent_flip', 1: 'equivocate'}",1,1,0,[1],1,1,"[0, 0, 0, 1, 1, 1, 0, 0, 0, 0]","[1, 0, 1, 1, 0, 0, 0, 0]","[0, 0, 1, 1, 0, 0, 0, 0]",0,1,1,0,1,1,0,0,0.31148579497583856,0.46241869108999706,,,,0.01,8,2,False,False
29,regular,psi,"[2, 5]","{5: 'coherent_flip', 2: 'equivocate'}",1,1,0,[2],1,1,"[0, 0, 1, 0, 1, 0, 1, 1, 0, 1]","[1, 1, 1, 0, 0, 1, 0, 1]","[1, 0, 1, 0, 0, 1, 0, 1]",0,1,1,0,0,0,0,0,0.31148575428201036,0.3074901769785852,,,,0.01,8,2,False,False
30,regular,psi,"[2, 4]","{4: 'withhold', 2: 'coherent_flip'}",1,0,1,[4],1,1,"[1, 1, 1, 1, 0, 1, 0, 1, 0, 1]","[1, 0, 0, 1, 0, 1, 0, 1]","[1, 0, 0, 1, 0, 1, 0, 1]",1,0,0,0,0,0,0,0,0.4624187154627508,0.4624187154627508,,,,0.01,8,2,False,False
31,regular,psi,"[4, 7]","{7: 'coherent_flip', 4: 'coherent_flip'}",2,0,0,[],0,2,"[1, 1, 0, 0, 0, 1, 0, 0, 1, 0]","[0, 0, 0, 0, 0, 0, 0, 0]","[0, 0, 0, 0, 0, 0, 0, 0]",0,0,1,1,1,1,0,0,0.3114857600954144,0.3114857600954144,,,,0.01,8,2,False,False
32,regular,zero,"[5, 8]","{8: 'coherent_flip', 5: 'equivocate'}",1,1,0,[5],1,1,"[1, 0, 1, 1, 1, 1, 0, 1, 1, 1]","[1, 1, 1, 1, 1, 1, 1, 0]","[1, 1, 1, 1, 0, 1, 1, 0]",0,0,1,1,1,0,0,0,0.04780893099023299,0.04780893099023299,,,,0.01,8,2,True,True
33,regular,psi,"[3, 4]","{3: 'withhold', 4: 'equivocate'}",0,1,1,"[3, 4]",2,0,"[1, 1, 1, 0, 0, 1, 1, 1, 0, 1]","[1, 0, 0, 0, 1, 1, 0, 1]","[1, 0, 0, 1, 1, 1, 0, 1]",0,1,1,1,0,1,0,1,0.46241873178382525,0.9186053369555793,,,,0.01,8,2,False,False
34,regular,psi,"[3, 7]","{7: 'coherent_flip', 3: 'coherent_flip'}",2,0,0,[],0,2,"[0, 1, 1, 0, 1, 1, 0, 0, 0, 1]","[1, 0, 0, 1, 0, 0, 1, 1]","[1, 0, 0, 1, 0, 0, 1, 1]",1,0,1,0,1,0,1,1,0.9186053128601146,0.9186053128601146,,,,0.01,8,2,False,False
35,regular,psi,"[4, 5]","{4: 'equivocate', 5: 'coherent_flip'}",1,1,0,[4],1,1,"[1, 0, 1, 0, 0, 0, 0, 1, 1, 1]","[1, 0, 0, 1, 1, 1, 1, 1]","[1, 0, 0, 0, 1, 1, 1, 1]",0,1,1,0,0,0,0,0,0.3114857484686063,0.3074901711651812,,,,0.01,8,2,False,False
36,regular,psi,"[1, 2]","{2: 'equivocate', 1: 'withhold'}",0,1,1,"[1, 2]",2,0,"[0, 0, 0, 1, 1, 0, 0, 1, 0, 0]","[0, 0, 1, 0, 0, 1, 0, 0]","[0, 1, 1, 0, 0, 1, 0, 0]",0,1,1,1,0,1,0,1,0.46241869108999706,0.918605296261751,,,,0.01,8,2,False,False
37,regular,plus,"[3, 8]","{8: 'withhold', 3: 'coherent_flip'}",1,0,1,[8],1,1,"[0, 0, 0, 0, 0, 1, 0, 0, 0, 1]","[0, 0, 1, 1, 0, 0, 0, 1]","[0, 0, 1, 1, 0, 0, 0, 1]",0,0,0,1,0,1,0,0,0.047808915376663215,0.047808915376663215,,,,0.01,8,2,True,True
38,regular,psi,"[2, 7]","{7: 'coherent_flip', 2: 'equivocate'}",1,1,0,[2],1,1,"[1, 0, 0, 1, 0, 1, 0, 0, 1, 0]","[0, 0, 0, 1, 0, 0, 0, 0]","[0, 1, 0, 1, 0, 0, 0, 0]",0,0,1,1,0,1,0,0,0.3114857600954144,0.3074901827919893,,,,0.01,8,2,False,False
39,regular,psi,"[4, 5]","{5: 'coherent_flip', 4: 'coherent_flip'}",2,0,0,[],0,2,"[0, 0, 1, 1, 1, 0, 1, 1, 0, 1]","[1, 1, 1, 1, 0, 1, 0, 1]","[1, 1, 1, 1, 0, 1, 0, 1]",1,1,0,0,0,0,0,0,0.31148572275957687,0.31148572275957687,,,,0.01,8,2,False,False
40,regular,psi,"[3, 5]","{3: 'equivocate', 5: 'coherent_flip'}",1,1,0,[3],1,1,"[1, 1, 1, 0, 0, 1, 1, 0, 1, 0]","[1, 0, 1, 1, 0, 0, 1, 0]","[1, 0, 0, 1, 0, 0, 1, 0]",0,0,0,0,0,1,1,0,0.9186053078885591,0.3074902060456054,,,,0.01,8,2,False,False
41,regular,psi,"[1, 6]","{6: 'withhold', 1: 'coherent_flip'}",1,0,1,[6],1,1,"[0, 0, 0, 0, 1, 0, 1, 0, 0, 0]","[1, 0, 1, 0, 1, 0, 0, 0]","[1, 0, 1, 0, 1, 0, 0, 0]",0,0,0,1,0,1,0,0,0.3074902261772014,0.3074902261772014,,,,0.01,8,2,False,False
42,regular,psi,"[3, 6]","{6: 'withhold', 3: 'equivocate'}",0,1,1,"[3, 6]",2,0,"[1, 0, 1, 1, 0, 1, 1, 0, 0, 1]","[1, 1, 1, 1, 1, 0, 0, 1]","[1, 1, 0, 1, 1, 0, 0, 1]",1,1,1,0,1,1,0,1,0.30749021292966616,0.9186053226438304,,,,0.01,8,2,False,False
43,verification,verification,"[5, 7]","{7: 'equivocate', 5: 'equivocate'}",0,2,0,"[5, 7]",2,0,"[0, 1, 1, 1, 0, 1, 0, 1, 1, 0]","[1, 1, 0, 1, 1, 1, 0, 0]","[1, 1, 0, 1, 0, 1, 1, 0]",0,0,0,0,0,0,1,1,,,Phi+,True,0.9215037948341309,0.01,8,2,False,False
44,verification,verification,"[3, 5]","{3: 'coherent_flip', 5: 'equivocate'}",1,1,0,[5],1,1,"[1, 1, 0, 1, 1, 1, 0, 0, 0, 1]","[0, 1, 0, 1, 1, 0, 0, 1]","[0, 1, 0, 1, 0, 0, 0, 1]",0,0,0,0,0,1,1,0,,,Phi-,False,0.026165396754902544,0.01,8,2,False,False
45,regular,psi,"[1, 5]","{5: 'equivocate', 1: 'withhold'}",0,1,1,"[1, 5]",2,0,"[0, 1, 1, 0, 0, 0, 1, 0, 1, 0]","[1, 0, 0, 0, 0, 0, 1, 0]","[1, 0, 0, 0, 1, 0, 1, 0]",1,1,1,0,1,1,0,1,0.30749018107864845,0.9186053112161854,,,,0.01,8,2,False,False
46,regular,psi,"[1, 8]","{8: 'coherent_flip', 1: 'equivocate'}",1,1,0,[1],1,1,"[1, 1, 0, 0, 0, 1, 1, 1, 0, 1]","[1, 0, 0, 1, 1, 1, 0, 0]","[0, 0, 0, 1, 1, 1, 0, 0]",0,0,1,1,1,0,0,0,0.3114857680573853,0.4624187016824727,,,,0.01,8,2,False,False
47,regular,psi,"[2, 6]","{2: 'withhold', 6: 'withhold'}",0,0,2,"[2, 6]",2,0,"[1, 1, 1, 0, 0, 1, 0, 0, 0, 0]","[1, 0, 0, 1, 0, 0, 0, 0]","[1, 0, 0, 1, 0, 0, 0, 0]",0,0,0,0,0,0,1,1,0.918605307888559,0.918605307888559,,,,0.01,8,2,False,False
48,regular,psi,"[4, 5]","{4: 'equivocate', 5: 'coherent_flip'}",1,1,0,[4],1,1,"[0, 1, 1, 0, 1, 0, 0, 0, 0, 0]","[1, 0, 1, 1, 1, 0, 0, 0]","[1, 0, 1, 0, 1, 0, 0, 0]",1,0,0,1,1,1,0,0,0.3114857688383551,0.30749022109909746,,,,0.01,8,2,False,False
49,regular,psi,"[1, 2]","{2: 'withhold', 1: 'equivocate'}",0,1,1,"[1, 2]",2,0,"[0, 1, 0, 0, 0, 0, 0, 1, 1, 1]","[1, 0, 0, 0, 0, 1, 1, 1]","[0, 0, 0, 0, 0, 1, 1, 1]",1,1,1,0,1,1,0,1,0.3074901765479431,0.9186053047342603,,,,0.01,8,2,False,False
50,regular,psi,"[6, 8]","{6: 'equivocate', 8: 'withhold'}",0,1,1,"[6, 8]",2,0,"[1, 0, 0, 1, 1, 0, 0, 0, 1, 0]","[0, 1, 1, 0, 0, 1, 1, 0]","[0, 1, 1, 0, 0, 0, 1, 0]",1,1,0,1,1,1,0,1,0.4624187088292415,0.9186053709941584,,,,0.01,8,2,False,False
51,regular,psi,"[3, 7]","{7: 'coherent_flip', 3: 'coherent_flip'}",2,0,0,[],0,2,"[0, 0, 1, 1, 0, 1, 1, 1, 1, 0]","[1, 1, 1, 1, 1, 1, 0, 0]","[1, 1, 1, 1, 1, 1, 0, 0]",1,1,1,1,1,1,1,1,0.9186053259714562,0.9186053259714562,,,,0.01,8,2,False,False
52,regular,psi,"[1, 2]","{2: 'withhold', 1: 'coherent_flip'}",1,0,1,[2],1,1,"[0, 1, 0, 1, 0, 0, 0, 0, 1, 0]","[1, 1, 0, 0, 0, 0, 1, 0]","[1, 1, 0, 0, 0, 0, 1, 0]",0,1,0,0,0,0,0,0,0.3074901765479431,0.3074901765479431,,,,0.01,8,2,False,False
53,regular,psi,"[1, 2]","{1: 'equivocate', 2: 'coherent_flip'}",1,1,0,[1],1,1,"[0, 0, 1, 1, 1, 0, 1, 1, 1, 1]","[0, 0, 1, 0, 1, 1, 1, 1]","[1, 0, 1, 0, 1, 1, 1, 1]",1,0,0,1,0,0,0,0,0.3114857324520449,0.4624187266611035,,,,0.01,8,2,False,False
54,regular,psi,"[1, 3]","{1: 'coherent_flip', 3: 'withhold'}",1,0,1,[3],1,1,"[0, 1, 1, 0, 0, 0, 0, 0, 0, 0]","[0, 0, 0, 0, 0, 0, 0, 0]","[0, 0, 0, 0, 0, 0, 0, 0]",1,1,1,0,1,0,0,0,0.3074901886053933,0.3074901886053933,,,,0.01,8,2,False,False
55,regular,psi,"[1, 4]","{1: 'coherent_flip', 4: 'withhold'}",1,0,1,[4],1,1,"[1, 1, 0, 0, 0, 1, 0, 1, 1, 1]","[1, 0, 0, 1, 0, 1, 1, 1]","[1, 0, 0, 1, 0, 1, 1, 1]",0,0,0,1,0,1,0,0,0.30749018279198925,0.30749018279198925,,,,0.01,8,2,False,False
56,regular,psi,"[2, 6]","{2: 'withhold', 6: 'equivocate'}",0,1,1,"[2, 6]",2,0,"[0, 1, 1, 0, 0, 0, 1, 0, 0, 1]","[1, 0, 0, 0, 1, 1, 0, 1]","[1, 0, 0, 0, 1, 0, 0, 1]",0,0,1,0,0,0,0,1,0.4624187143436132,0.9186053195153672,,,,0.01,8,2,False,False
57,regular,psi,"[1, 7]","{7: 'coherent_flip', 1: 'equivocate'}",1,1,0,[1],1,1,"[1, 0, 0, 0, 0, 0, 1, 1, 1, 1]","[1, 0, 0, 0, 1, 1, 0, 1]","[0, 0, 0, 0, 1, 1, 0, 1]",0,1,0,1,0,0,1,0,0.9186053597958065,0.30749019741702316,,,,0.01,8,2,False,False
58,regular,psi,"[6, 8]","{6: 'withhold', 8: 'coherent_flip'}",1,0,1,[6],1,1,"[1, 0, 1, 1, 0, 0, 1, 0, 1, 1]","[1, 1, 0, 0, 1, 0, 1, 0]","[1, 1, 0, 0, 1, 0, 1, 0]",0,0,1,0,1,0,0,0,0.4624187266611035,0.4624187266611035,,,,0.01,8,2,False,False
59,regular,psi,"[3, 8]","{8: 'equivocate', 3: 'withhold'}",0,1,1,"[3, 8]",2,0,"[1, 1, 1, 0, 0, 0, 0, 0, 0, 0]","[1, 0, 0, 0, 0, 0, 0, 1]","[1, 0, 0, 0, 0, 0, 0, 0]",1,0,0,0,1,0,0,1,0.46241870986357453,0.9186053694170129,,,,0.01,8,2,False,False
60,regular,psi,"[5, 7]","{5: 'coherent_flip', 7: 'coherent_flip'}",2,0,0,[],0,2,"[0, 0, 1, 1, 0, 0, 1, 0, 0, 0]","[1, 1, 0, 0, 0, 0, 1, 0]","[1, 1, 0, 0, 0, 0, 1, 0]",1,0,1,0,1,0,1,1,0.9186053582186601,0.9186053582186601,,,,0.01,8,2,False,False
61,regular,psi,"[6, 7]","{7: 'coherent_flip', 6: 'coherent_flip'}",2,0,0,[],0,2,"[0, 0, 0, 1, 1, 0, 1, 0, 1, 0]","[0, 1, 1, 0, 1, 1, 0, 0]","[0, 1, 1, 0, 1, 1, 0, 0]",1,1,0,0,0,0,0,0,0.31148578046516384,0.31148578046516384,,,,0.01,8,2,False,False
62,regular,psi,"[2, 3]","{2: 'withhold', 3: 'equivocate'}",0,1,1,"[2, 3]",2,0,"[1, 0, 0, 1, 0, 1, 0, 1, 0, 0]","[0, 1, 1, 1, 0, 1, 0, 0]","[0, 1, 0, 1, 0, 1, 0, 0]",1,1,1,0,1,1,0,1,0.3074901711651812,0.9186053427689832,,,,0.01,8,2,False,False
63,verification,verification,"[1, 3]","{1: 'withhold', 3: 'withhold'}",0,0,2,"[1, 3]",2,0,"[1, 1, 0, 0, 0, 1, 0, 0, 0, 1]","[0, 0, 0, 1, 0, 0, 0, 1]","[0, 0, 0, 1, 0, 0, 0, 1]",1,1,1,1,1,1,1,1,,,Phi+,True,0.9215037948341309,0.01,8,2,False,False
64,regular,psi,"[6, 7]","{6: 'equivocate', 7: 'coherent_flip'}",1,1,0,[6],1,1,"[0, 0, 0, 1, 1, 1, 0, 1, 0, 1]","[0, 1, 1, 1, 0, 0, 1, 1]","[0, 1, 1, 1, 0, 1, 1, 1]",0,1,1,0,0,0,0,0,0.3114857891624346,0.3074902118590094,,,,0.01,8,2,False,False
65,regular,psi,"[4, 5]","{5: 'coherent_flip', 4: 'equivocate'}",1,1,0,[4],1,1,"[1, 1, 0, 1, 0, 1, 1, 0, 0, 1]","[0, 1, 0, 0, 0, 0, 0, 1]","[0, 1, 0, 1, 0, 0, 0, 1]",0,0,1,1,0,1,0,0,0.31148576739642136,0.3074902344392488,,,,0.01,8,2,False,False
66,regular,psi,"[3, 7]","{7: 'withhold', 3: 'coherent_flip'}",1,0,1,[7],1,1,"[0, 0, 1, 1, 1, 1, 1, 0, 0, 0]","[1, 1, 0, 1, 1, 0, 0, 0]","[1, 1, 0, 1, 1, 0, 0, 0]",0,1,0,0,0,0,0,0,0.3074902073304903,0.3074902073304903,,,,0.01,8,2,False,False
67,regular,psi,"[1, 5]","{1: 'coherent_flip', 5: 'coherent_flip'}",2,0,0,[],0,2,"[0, 0, 0, 1, 0, 1, 1, 1, 0, 0]","[1, 1, 0, 1, 0, 1, 0, 0]","[1, 1, 0, 1, 0, 1, 0, 0]",1,1,1,1,1,1,1,1,0.9186053020751549,0.9186053020751549,,,,0.01,8,2,False,False
68,regular,psi,"[1, 6]","{6: 'coherent_flip', 1: 'equivocate'}",1,1,0,[1],1,1,"[0, 1, 0, 1, 0, 1, 0, 1, 0, 1]","[1, 1, 0, 1, 0, 0, 0, 1]","[0, 1, 0, 1, 0, 0, 0, 1]",1,0,0,1,0,0,0,0,0.31148579209197264,0.4624186506951977,,,,0.01,8,2,False,False
69,regular,plus,"[2, 4]","{4: 'equivocate', 2: 'equivocate'}",0,2,0,"[2, 4]",2,0,"[0, 0, 0, 1, 1, 1, 1, 1, 1, 1]","[0, 0, 1, 0, 1, 1, 1, 1]","[0, 1, 1, 1, 1, 1, 1, 1]",0,1,0,1,0,1,1,1,0.9521910846233366,0.9521910846233366,,,,0.01,8,2,True,False
70,regular,psi,"[1, 8]","{1: 'withhold', 8: 'withhold'}",0,0,2,"[1, 8]",2,0,"[1, 1, 0, 0, 1, 0, 1, 1, 0, 1]","[0, 0, 1, 0, 1, 1, 0, 1]","[0, 0, 1, 0, 1, 1, 0, 1]",1,1,1,1,1,1,1,1,0.9186053709941584,0.9186053709941584,,,,0.01,8,2,False,False
71,regular,psi,"[3, 5]","{3: 'withhold', 5: 'equivocate'}",0,1,1,"[3, 5]",2,0,"[0, 0, 1, 1, 0, 1, 1, 0, 0, 0]","[1, 1, 0, 1, 0, 0, 0, 0]","[1, 1, 0, 1, 1, 0, 0, 0]",0,0,0,1,0,0,0,1,0.3074902228431323,0.9186052910910321,,,,0.01,8,2,False,False
72,regular,psi,"[1, 4]","{1: 'coherent_flip', 4: 'coherent_flip'}",2,0,0,[],0,2,"[1, 1, 0, 1, 1, 1, 0, 0, 1, 1]","[1, 1, 1, 0, 0, 0, 1, 1]","[1, 1, 1, 0, 0, 0, 1, 1]",0,1,1,0,1,0,0,0,0.31148573395792883,0.31148573395792883,,,,0.01,8,2,False,False
73,regular,psi,"[4, 6]","{4: 'withhold', 6: 'equivocate'}",0,1,1,"[4, 6]",2,0,"[1, 0, 0, 0, 1, 1, 0, 0, 1, 1]","[0, 0, 1, 1, 0, 1, 1, 1]","[0, 0, 1, 1, 0, 0, 1, 1]",0,1,1,1,0,1,0,1,0.4624187088292415,0.9186053709941584,,,,0.01,8,2,False,False
74,regular,psi,"[5, 7]","{5: 'coherent_flip', 7: 'withhold'}",1,0,1,[7],1,1,"[1, 0, 0, 0, 1, 0, 1, 0, 0, 1]","[0, 0, 1, 0, 0, 0, 0, 1]","[0, 0, 1, 0, 0, 0, 0, 1]",1,1,1,0,1,0,0,0,0.3074901961321386,0.3074901961321386,,,,0.01,8,2,False,False
75,regular,psi,"[3, 4]","{4: 'coherent_flip', 3: 'withhold'}",1,0,1,[3],1,1,"[0, 1, 1, 0, 0, 0, 0, 1, 0, 1]","[1, 0, 0, 1, 0, 1, 0, 1]","[1, 0, 0, 1, 0, 1, 0, 1]",1,1,0,1,0,1,0,0,0.46241874311159886,0.46241874311159886,,,,0.01,8,2,False,False
76,regular,psi,"[4, 5]","{4: 'withhold', 5: 'coherent_flip'}",1,0,1,[4],1,1,"[1, 1, 0, 0, 1, 1, 1, 0, 1, 1]","[0, 0, 1, 1, 0, 0, 1, 1]","[0, 0, 1, 1, 0, 0, 1, 1]",1,0,1,1,1,1,0,0,0.30749020604560534,0.30749020604560534,,,,0.01,8,2,False,False
77,regular,psi,"[4, 6]","{4: 'withhold', 6: 'coherent_flip'}",1,0,1,[4],1,1,"[0, 0, 0, 0, 1, 0, 0, 1, 1, 1]","[0, 0, 1, 0, 0, 0, 1, 1]","[0, 0, 1, 0, 0, 0, 1, 1]",0,0,1,0,1,0,0,0,0.4624186390683889,0.4624186390683889,,,,0.01,8,2,False,False
78,regular,psi,"[5, 8]","{8: 'equivocate', 5: 'equivocate'}",0,2,0,"[5, 8]",2,0,"[0, 1, 0, 1, 1, 0, 1, 0, 0, 1]","[0, 1, 1, 0, 0, 0, 0, 0]","[0, 1, 1, 0, 1, 0, 0, 1]",1,0,0,1,1,0,0,1,0.3114858218942951,0.9186052830577923,,,,0.01,8,2,False,False
79,regular,psi,"[5, 8]","{5: 'equivocate', 8: 'equivocate'}",0,2,0,"[5, 8]",2,0,"[1, 0, 1, 1, 0, 0, 1, 1, 0, 1]","[1, 1, 0, 0, 0, 1, 0, 0]","[1, 1, 0, 0, 1, 1, 0, 1]",1,1,0,0,1,1,0,1,0.31148571716040085,0.9186053541966305,,,,0.01,8,2,False,False
80,regular,psi,"[3, 6]","{3: 'coherent_flip', 6: 'coherent_flip'}",2,0,0,[],0,2,"[1, 0, 1, 1, 1, 1, 1, 1, 1, 1]","[1, 1, 0, 1, 1, 0, 1, 1]","[1, 1, 0, 1, 1, 0, 1, 1]",0,1,1,0,1,0,0,0,0.311485737270255,0.311485737270255,,,,0.01,8,2,False,False
81,regular,psi,"[3, 4]","{3: 'coherent_flip', 4: 'withhold'}",1,0,1,[4],1,1,"[1, 1, 1, 1, 1, 0, 0, 0, 0, 0]","[1, 1, 0, 0, 0, 0, 0, 0]","[1, 1, 0, 0, 0, 0, 0, 0]",0,1,0,0,0,0,0,0,0.30749017676435686,0.30749017676435686,,,,0.01,8,2,False,False
82,regular,zero,"[1, 3]","{3: 'equivocate', 1: 'withhold'}",0,1,1,"[1, 3]",2,0,"[1, 1, 1, 1, 1, 0, 0, 0, 0, 1]","[1, 1, 0, 0, 0, 0, 0, 1]","[1, 1, 1, 0, 0, 0, 0, 1]",1,1,1,0,1,1,0,1,0.952191069009767,0.952191069009767,,,,0.01,8,2,True,False
83,regular,psi,"[6, 7]","{6: 'coherent_flip', 7: 'coherent_flip'}",2,0,0,[],0,2,"[1, 0, 0, 1, 0, 1, 0, 1, 0, 1]","[0, 1, 0, 1, 0, 0, 1, 1]","[0, 1, 0, 1, 0, 0, 1, 1]",0,1,1,0,1,0,0,0,0.3114857484686063,0.3114857484686063,,,,0.01,8,2,False,False
84,verification,verification,"[6, 8]","{6: 'coherent_flip', 8: 'withhold'}",1,0,1,[8],1,1,"[0, 0, 1, 0, 0, 1, 0, 1, 0, 1]","[1, 0, 0, 1, 0, 0, 0, 1]","[1, 0, 0, 1, 0, 0, 0, 1]",1,1,0,1,0,1,0,0,,,Psi+,False,0.02616541519286355,0.01,8,2,False,False
85,regular,psi,"[1, 7]","{1: 'withhold', 7: 'coherent_flip'}",1,0,1,[1],1,1,"[0, 1, 1, 1, 1, 0, 0, 1, 1, 0]","[1, 1, 1, 0, 0, 1, 0, 0]","[1, 1, 1, 0, 0, 1, 0, 0]",1,1,1,0,1,0,0,0,0.3074902439242582,0.3074902439242582,,,,0.01,8,2,False,False
86,regular,psi,"[5, 6]","{5: 'withhold', 6: 'withhold'}",0,0,2,"[5, 6]",2,0,"[0, 0, 0, 0, 0, 0, 0, 0, 1, 0]","[0, 0, 0, 0, 0, 0, 1, 0]","[0, 0, 0, 0, 0, 0, 1, 0]",0,1,0,1,0,1,1,1,0.9186052929341242,0.9186052929341242,,,,0.01,8,2,False,False
87,regular,psi,"[3, 5]","{5: 'withhold', 3: 'coherent_flip'}",1,0,1,[5],1,1,"[0, 0, 1, 1, 1, 1, 1, 0, 0, 0]","[1, 1, 0, 1, 1, 0, 0, 0]","[1, 1, 0, 1, 1, 0, 0, 0]",0,1,0,0,0,0,0,0,0.3074902073304903,0.3074902073304903,,,,0.01,8,2,False,False
88,regular,psi,"[2, 4]","{4: 'withhold', 2: 'equivocate'}",0,1,1,"[2, 4]",2,0,"[1, 1, 0, 1, 1, 0, 0, 1, 1, 0]","[0, 0, 1, 0, 0, 1, 1, 0]","[0, 1, 1, 0, 0, 1, 1, 0]",1,1,0,1,1,1,0,1,0.46241873759722923,0.9186053427689833,,,,0.01,8,2,False,False
89,regular,psi,"[4, 8]","{8: 'withhold', 4: 'equivocate'}",0,1,1,"[4, 8]",2,0,"[0, 1, 1, 0, 0, 0, 0, 0, 0, 0]","[1, 0, 0, 1, 0, 0, 0, 0]","[1, 0, 0, 0, 0, 0, 0, 0]",1,1,0,1,1,1,0,1,0.4624187201570172,0.9186053253287711,,,,0.01,8,2,False,False
90,regular,psi,"[4, 8]","{8: 'coherent_flip', 4: 'withhold'}",1,0,1,[4],1,1,"[0, 1, 0, 0, 1, 1, 0, 0, 1, 1]","[0, 0, 1, 1, 0, 0, 1, 0]","[0, 0, 1, 1, 0, 0, 1, 0]",1,0,0,0,0,0,0,0,0.46241866887071137,0.46241866887071137,,,,0.01,8,2,False,False
91,regular,psi,"[6, 8]","{8: 'withhold', 6: 'withhold'}",0,0,2,"[6, 8]",2,0,"[0, 1, 1, 1, 0, 1, 1, 0, 1, 0]","[1, 1, 0, 1, 1, 0, 1, 0]","[1, 1, 0, 1, 1, 0, 1, 0]",1,1,1,1,1,1,1,1,0.9186053132885714,0.9186053132885714,,,,0.01,8,2,False,False
92,regular,psi,"[5, 8]","{5: 'withhold', 8: 'withhold'}",0,0,2,"[5, 8]",2,0,"[1, 1, 0, 1, 1, 1, 1, 0, 0, 0]","[0, 1, 1, 1, 1, 0, 0, 0]","[0, 1, 1, 1, 1, 0, 0, 0]",1,1,1,1,1,1,1,1,0.9186053709941584,0.9186053709941584,,,,0.01,8,2,False,False
93,regular,psi,"[5, 7]","{5: 'equivocate', 7: 'equivocate'}",0,2,0,"[5, 7]",2,0,"[1, 0, 1, 1, 0, 1, 1, 1, 1, 1]","[1, 1, 0, 1, 0, 1, 0, 1]","[1, 1, 0, 1, 1, 1, 1, 1]",0,0,0,0,0,0,1,1,0.9186053342706387,0.9186053342706387,,,,0.01,8,2,False,False
94,regular,psi,"[6, 8]","{8: 'withhold', 6: 'withhold'}",0,0,2,"[6, 8]",2,0,"[1, 0, 1, 0, 1, 0, 0, 1, 0, 1]","[1, 0, 1, 0, 0, 1, 0, 1]","[1, 0, 1, 0, 0, 1, 0, 1]",0,1,0,1,0,1,1,1,0.9186053427689832,0.9186053427689832,,,,0.01,8,2,False,False
95,regular,psi,"[1, 3]","{1: 'equivocate', 3: 'coherent_flip'}",1,1,0,[1],1,1,"[1, 1, 0, 1, 1, 0, 0, 1, 1, 1]","[1, 1, 0, 0, 0, 1, 1, 1]","[0, 1, 0, 0, 0, 1, 1, 1]",0,1,0,1,0,0,1,0,0.9186053427689833,0.3074901711651812,,,,0.01,8,2,False,False
96,regular,psi,"[4, 6]","{6: 'equivocate', 4: 'equivocate'}",0,2,0,"[4, 6]",2,0,"[0, 0, 1, 0, 1, 0, 0, 0, 0, 0]","[1, 0, 1, 1, 0, 1, 0, 0]","[1, 0, 1, 0, 0, 0, 0, 0]",0,0,0,0,0,0,1,1,0.918605307888559,0.918605307888559,,,,0.01,8,2,False,False
97,regular,psi,"[2, 8]","{2: 'coherent_flip', 8: 'coherent_flip'}",2,0,0,[],0,2,"[0, 1, 0, 0, 1, 0, 1, 1, 0, 0]","[0, 1, 1, 0, 1, 1, 0, 1]","[0, 1, 1, 0, 1, 1, 0, 1]",0,0,0,0,0,0,1,1,0.9186052830577923,0.9186052830577923,,,,0.01,8,2,False,False
98,regular,psi,"[1, 2]","{2: 'coherent_flip', 1: 'coherent_flip'}",2,0,0,[],0,2,"[0, 1, 1, 1, 1, 1, 0, 0, 1, 0]","[0, 0, 1, 1, 0, 0, 1, 0]","[0, 0, 1, 1, 0, 0, 1, 0]",1,1,0,0,0,0,0,0,0.31148575908193715,0.31148575908193715,,,,0.01,8,2,False,False
99,regular,psi,"[5, 8]","{8: 'withhold', 5: 'withhold'}",0,0,2,"[5, 8]",2,0,"[0, 0, 1, 0, 1, 1, 1, 1, 0, 0]","[1, 0, 1, 1, 1, 1, 0, 0]","[1, 0, 1, 1, 1, 1, 0, 0]",0,1,0,1,0,1,1,1,0.9186053709941584,0.9186053709941584,,,,0.01,8,2,False,False
100,regular,psi,"[2, 5]","{5: 'coherent_flip', 2: 'withhold'}",1,0,1,[2],1,1,"[0, 0, 1, 1, 1, 1, 1, 1, 1, 0]","[1, 1, 1, 1, 0, 1, 1, 0]","[1, 1, 1, 1, 0, 1, 1, 0]",1,0,1,1,1,1,0,0,0.30749019570368186,0.30749019570368186,,,,0.01,8,2,False,False
101,verification,verification,"[1, 5]","{5: 'coherent_flip', 1: 'withhold'}",1,0,1,[1],1,1,"[0, 1, 0, 1, 0, 1, 1, 1, 1, 0]","[0, 1, 0, 1, 0, 1, 1, 0]","[0, 1, 0, 1, 0, 1, 1, 0]",0,0,0,1,0,1,0,0,,,Phi-,False,0.02616541165606418,0.01,8,2,False,False
102,regular,psi,"[1, 6]","{6: 'equivocate', 1: 'withhold'}",0,1,1,"[1, 6]",2,0,"[1, 1, 0, 0, 1, 1, 1, 1, 0, 1]","[0, 0, 1, 1, 1, 0, 0, 1]","[0, 0, 1, 1, 1, 1, 0, 1]",0,1,1,1,0,1,0,1,0.46241872618464963,0.9186053425547548,,,,0.01,8,2,False,False
103,regular,psi,"[3, 7]","{7: 'equivocate', 3: 'withhold'}",0,1,1,"[3, 7]",2,0,"[0, 1, 1, 0, 0, 1, 1, 0, 0, 0]","[1, 0, 0, 1, 1, 0, 1, 0]","[1, 0, 0, 1, 1, 0, 0, 0]",0,0,0,1,0,0,0,1,0.3074901927054562,0.9186052995893776,,,,0.01,8,2,False,False
104,regular,psi,"[3, 7]","{3: 'coherent_flip', 7: 'equivocate'}",1,1,0,[7],1,1,"[0, 0, 1, 1, 1, 1, 1, 1, 0, 0]","[1, 1, 0, 1, 1, 1, 1, 0]","[1, 1, 0, 1, 1, 1, 0, 0]",1,1,1,1,1,0,1,0,0.9186053201580522,0.30749019377611225,,,,0.01,8,2,False,False
105,regular,psi,"[6, 7]","{6: 'equivocate', 7: 'coherent_flip'}",1,1,0,[6],1,1,"[1, 1, 0, 0, 0, 1, 1, 1, 1, 0]","[0, 0, 0, 1, 1, 0, 0, 0]","[0, 0, 0, 1, 1, 1, 0, 0]",1,1,0,0,1,0,0,0,0.31148573754843234,0.3074902050675644,,,,0.01,8,2,False,False
106,regular,psi,"[7, 8]","{8: 'withhold', 7: 'coherent_flip'}",1,0,1,[8],1,1,"[1, 1, 1, 1, 0, 1, 0, 1, 1, 0]","[1, 1, 0, 1, 0, 1, 0, 0]","[1, 1, 0, 1, 0, 1, 0, 0]",0,1,0,0,0,0,0,0,0.3074901974170232,0.3074901974170232,,,,0.01,8,2,False,False
107,regular,psi,"[1, 8]","{8: 'withhold', 1: 'coherent_flip'}",1,0,1,[8],1,1,"[0, 0, 1, 0, 1, 1, 0, 0, 1, 0]","[0, 0, 1, 1, 0, 0, 1, 0]","[0, 0, 1, 1, 0, 0, 1, 0]",1,1,1,0,1,0,0,0,0.3074901862186712,0.3074901862186712,,,,0.01,8,2,False,False
108,regular,psi,"[3, 5]","{5: 'coherent_flip', 3: 'equivocate'}",1,1,0,[3],1,1,"[1, 1, 0, 0, 1, 0, 1, 0, 1, 0]","[0, 0, 0, 0, 0, 0, 1, 0]","[0, 0, 1, 0, 0, 0, 1, 0]",1,0,1,0,1,1,1,0,0.9186053694170129,0.30749017146983887,,,,0.01,8,2,False,False
109,regular,psi,"[1, 6]","{6: 'withhold', 1: 'equivocate'}",0,1,1,"[1, 6]",2,0,"[1, 0, 1, 0, 1, 1, 0, 0, 1, 0]","[0, 0, 1, 1, 0, 0, 1, 0]","[1, 0, 1, 1, 0, 0, 1, 0]",1,0,1,1,1,0,0,1,0.3074902094722887,0.9186053477405409,,,,0.01,8,2,False,False
110,regular,psi,"[2, 7]","{2: 'withhold', 7: 'equivocate'}",0,1,1,"[2, 7]",2,0,"[1, 1, 0, 0, 1, 0, 0, 0, 1, 0]","[0, 0, 1, 0, 0, 0, 0, 0]","[0, 0, 1, 0, 0, 0, 1, 0]",1,1,1,0,1,1,0,1,0.30749018621867125,0.9186053709941584,,,,0.01,8,2,False,False
111,regular,psi,"[4, 8]","{8: 'equivocate', 4: 'coherent_flip'}",1,1,0,[8],1,1,"[1, 0, 1, 0, 1, 0, 1, 1, 1, 0]","[1, 0, 1, 1, 1, 1, 1, 1]","[1, 0, 1, 1, 1, 1, 1, 0]",1,1,1,1,0,1,1,0,0.9186053468319089,0.46241871055209444,,,,0.01,8,2,False,False
112,regular,psi,"[4, 6]","{6: 'coherent_flip', 4: 'withhold'}",1,0,1,[4],1,1,"[1, 0, 0, 1, 1, 1, 1, 0, 0, 0]","[0, 1, 1, 1, 1, 1, 0, 0]","[0, 1, 1, 1, 1, 1, 0, 0]",0,1,1,1,1,1,0,0,0.4624187057730232,0.4624187057730232,,,,0.01,8,2,False,False
113,regular,psi,"[1, 6]","{1: 'withhold', 6: 'withhold'}",0,0,2,"[1, 6]",2,0,"[0, 0, 0, 1, 1, 0, 0, 1, 1, 1]","[0, 1, 1, 0, 0, 1, 1, 1]","[0, 1, 1, 0, 0, 1, 1, 1]",1,0,1,0,1,0,1,1,0.9186052846349431,0.9186052846349431,,,,0.01,8,2,False,False
114,regular,psi,"[4, 6]","{4: 'withhold', 6: 'coherent_flip'}",1,0,1,[4],1,1,"[0, 1, 1, 0, 0, 0, 0, 1, 1, 1]","[1, 0, 0, 0, 0, 0, 1, 1]","[1, 0, 0, 0, 0, 0, 1, 1]",1,0,0,0,0,0,0,0,0.46241873148479146,0.46241873148479146,,,,0.01,8,2,False,False
115,regular,psi,"[3, 7]","{3: 'coherent_flip', 7: 'coherent_flip'}",2,0,0,[],0,2,"[0, 0, 0, 0, 1, 0, 0, 0, 1, 1]","[0, 0, 0, 0, 0, 0, 0, 1]","[0, 0, 0, 0, 0, 0, 0, 1]",1,0,1,0,1,0,1,1,0.9186052714309835,0.9186052714309835,,,,0.01,8,2,False,False
116,regular,psi,"[1, 5]","{1: 'equivocate', 5: 'withhold'}",0,1,1,"[1, 5]",2,0,"[1, 0, 0, 1, 1, 0, 1, 0, 0, 0]","[1, 1, 1, 0, 1, 0, 0, 0]","[0, 1, 1, 0, 1, 0, 0, 0]",1,1,1,0,1,1,0,1,0.3074901862186712,0.9186053709941584,,,,0.01,8,2,False,False
117,regular,psi,"[2, 4]","{2: 'withhold', 4: 'coherent_flip'}",1,0,1,[2],1,1,"[0, 1, 1, 1, 0, 1, 0, 1, 0, 1]","[1, 1, 0, 0, 0, 1, 0, 1]","[1, 1, 0, 0, 0, 1, 0, 1]",1,1,0,1,0,1,0,0,0.46241869668917274,0.46241869668917274,,,,0.01,8,2,False,False
118,regular,psi,"[2, 5]","{2: 'withhold', 5: 'equivocate'}",0,1,1,"[2, 5]",2,0,"[1, 0, 0, 1, 0, 1, 0, 0, 1, 1]","[0, 1, 0, 1, 1, 0, 1, 1]","[0, 1, 0, 1, 0, 0, 1, 1]",1,0,1,1,1,0,0,1,0.3074901827919893,0.9186053311421752,,,,0.01,8,2,False,False
119,regular,psi,"[5, 7]","{7: 'coherent_flip', 5: 'withhold'}",1,0,1,[5],1,1,"[1, 0, 1, 1, 1, 0, 0, 0, 1, 1]","[1, 1, 1, 0, 0, 0, 0, 1]","[1, 1, 1, 0, 0, 0, 0, 1]",0,0,0,1,0,1,0,0,0.3074901826681915,0.3074901826681915,,,,0.01,8,2,False,False
120,regular,plus,"[1, 6]","{6: 'coherent_flip', 1: 'equivocate'}",1,1,0,[1],1,1,"[1, 1, 1, 1, 0, 1, 1, 0, 1, 0]","[0, 1, 0, 1, 1, 1, 1, 0]","[1, 1, 0, 1, 1, 1, 1, 0]",1,0,0,1,0,0,0,0,0.047808915376663215,0.9521910846233366,,,,0.01,8,2,True,False
121,regular,psi,"[2, 3]","{3: 'equivocate', 2: 'coherent_flip'}",1,1,0,[3],1,1,"[1, 1, 1, 0, 0, 1, 1, 0, 1, 0]","[1, 1, 1, 1, 1, 0, 1, 0]","[1, 1, 0, 1, 1, 0, 1, 0]",0,0,1,1,1,0,0,0,0.31148578334903054,0.4624187027168051,,,,0.01,8,2,False,False
122,regular,psi,"[2, 4]","{4: 'coherent_flip', 2: 'equivocate'}",1,1,0,[2],1,1,"[0, 0, 1, 1, 1, 1, 0, 0, 0, 1]","[1, 0, 1, 0, 0, 0, 0, 1]","[1, 1, 1, 0, 0, 0, 0, 1]",1,0,1,0,0,0,1,0,0.9186053022893834,0.46241870831598075,,,,0.01,8,2,False,False
123,regular,zero,"[3, 5]","{5: 'withhold', 3: 'coherent_flip'}",1,0,1,[5],1,1,"[0, 0, 0, 1, 1, 0, 0, 1, 0, 1]","[0, 1, 0, 0, 0, 1, 0, 1]","[0, 1, 0, 0, 0, 1, 0, 1]",1,1,1,0,1,0,0,0,0.952191069009767,0.952191069009767,,,,0.01,8,2,True,False
124,regular,psi,"[1, 2]","{1: 'equivocate', 2: 'withhold'}",0,1,1,"[1, 2]",2,0,"[0, 0, 0, 0, 1, 0, 1, 0, 1, 0]","[1, 0, 1, 0, 1, 0, 1, 0]","[0, 0, 1, 0, 1, 0, 1, 0]",0,1,0,0,0,1,0,1,0.3074902426393723,0.9186052929341242,,,,0.01,8,2,False,False
125,regular,psi,"[2, 4]","{4: 'coherent_flip', 2: 'withhold'}",1,0,1,[2],1,1,"[0, 0, 0, 0, 0, 1, 0, 1, 0, 1]","[0, 0, 0, 0, 0, 1, 0, 1]","[0, 0, 0, 0, 0, 1, 0, 1]",1,0,0,0,0,0,0,0,0.4624186506951977,0.4624186506951977,,,,0.01,8,2,False,False
126,regular,plus,"[5, 7]","{5: 'withhold', 7: 'withhold'}",0,0,2,"[5, 7]",2,0,"[1, 1, 1, 0, 1, 1, 1, 0, 0, 1]","[1, 0, 1, 1, 1, 0, 0, 1]","[1, 0, 1, 1, 1, 0, 0, 1]",1,0,1,0,1,0,1,1,0.9521910846233366,0.9521910846233366,,,,0.01,8,2,True,False
127,regular,psi,"[1, 2]","{1: 'withhold', 2: 'equivocate'}",0,1,1,"[1, 2]",2,0,"[0, 1, 1, 0, 1, 1, 0, 1, 1, 0]","[1, 1, 1, 1, 0, 1, 1, 0]","[1, 0, 1, 1, 0, 1, 1, 0]",1,1,0,1,1,1,0,1,0.46241866232200646,0.9186053244869236,,,,0.01,8,2,False,False
128,regular,psi,"[2, 7]","{2: 'equivocate', 7: 'coherent_flip'}",1,1,0,[2],1,1,"[0, 1, 1, 0, 1, 0, 0, 0, 0, 0]","[1, 1, 1, 0, 0, 0, 1, 0]","[1, 0, 1, 0, 0, 0, 1, 0]",1,0,0,1,1,1,0,0,0.3114857688383551,0.30749022109909746,,,,0.01,8,2,False,False
129,regular,psi,"[2, 8]","{2: 'equivocate', 8: 'coherent_flip'}",1,1,0,[2],1,1,"[0, 0, 1, 0, 0, 0, 0, 1, 1, 0]","[1, 1, 0, 0, 0, 1, 1, 1]","[1, 0, 0, 0, 0, 1, 1, 1]",1,0,1,0,0,0,1,0,0.9186053311421751,0.4624187259704212,,,,0.01,8,2,False,False
130,verification,verification,"[1, 8]","{8: 'coherent_flip', 1: 'withhold'}",1,0,1,[1],1,1,"[1, 0, 1, 1, 0, 1, 0, 1, 1, 1]","[1, 1, 0, 1, 0, 1, 1, 0]","[1, 1, 0, 1, 0, 1, 1, 0]",0,1,1,1,1,1,0,0,,,Psi+,False,0.026165415267369284,0.01,8,2,False,False
131,regular,psi,"[2, 7]","{2: 'equivocate', 7: 'withhold'}",0,1,1,"[2, 7]",2,0,"[0, 1, 1, 1, 1, 0, 1, 1, 1, 1]","[1, 0, 1, 0, 1, 1, 1, 1]","[1, 1, 1, 0, 1, 1, 1, 1]",0,0,1,0,0,0,0,1,0.4624186993169339,0.9186052993902136,,,,0.01,8,2,False,False
132,regular,psi,"[3, 7]","{7: 'equivocate', 3: 'equivocate'}",0,2,0,"[3, 7]",2,0,"[1, 0, 1, 1, 0, 0, 0, 1, 0, 0]","[1, 1, 1, 0, 0, 1, 1, 0]","[1, 1, 0, 0, 0, 1, 0, 0]",0,0,0,0,0,0,1,1,0.9186053638178365,0.9186053638178365,,,,0.01,8,2,False,False
133,regular,psi,"[1, 7]","{7: 'coherent_flip', 1: 'withhold'}",1,0,1,[1],1,1,"[0, 1, 0, 0, 0, 1, 1, 1, 1, 1]","[0, 0, 0, 1, 1, 1, 0, 1]","[0, 0, 0, 1, 1, 1, 0, 1]",0,0,0,1,0,1,0,0,0.3074902261772014,0.3074902261772014,,,,0.01,8,2,False,False
134,regular,psi,"[4, 5]","{5: 'coherent_flip', 4: 'equivocate'}",1,1,0,[4],1,1,"[0, 1, 1, 0, 1, 1, 0, 1, 1, 1]","[1, 0, 1, 0, 1, 1, 1, 1]","[1, 0, 1, 1, 1, 1, 1, 1]",0,1,1,0,0,0,0,0,0.31148578046516384,0.30749023272590625,,,,0.01,8,2,False,False
135,regular,psi,"[2, 6]","{2: 'withhold', 6: 'withhold'}",0,0,2,"[2, 6]",2,0,"[0, 1, 0, 0, 0, 0, 0, 1, 1, 1]","[0, 0, 0, 0, 0, 1, 1, 1]","[0, 0, 0, 0, 0, 1, 1, 1]",1,1,1,1,1,1,1,1,0.9186053047342603,0.9186053047342603,,,,0.01,8,2,False,False
136,regular,psi,"[2, 4]","{4: 'equivocate', 2: 'withhold'}",0,1,1,"[2, 4]",2,0,"[1, 1, 1, 0, 0, 0, 1, 1, 0, 1]","[1, 0, 0, 1, 1, 1, 0, 1]","[1, 0, 0, 0, 1, 1, 0, 1]",1,1,0,1,1,1,0,1,0.4624187088292415,0.9186053709941584,,,,0.01,8,2,False,False
137,regular,psi,"[5, 6]","{6: 'coherent_flip', 5: 'withhold'}",1,0,1,[5],1,1,"[1, 1, 0, 1, 0, 0, 0, 0, 0, 0]","[0, 1, 0, 0, 0, 1, 0, 0]","[0, 1, 0, 0, 0, 1, 0, 0]",0,1,1,1,1,1,0,0,0.46241874065344846,0.46241874065344846,,,,0.01,8,2,False,False
138,regular,psi,"[1, 4]","{1: 'coherent_flip', 4: 'coherent_flip'}",2,0,0,[],0,2,"[0, 0, 1, 1, 0, 1, 0, 0, 0, 0]","[0, 1, 0, 0, 0, 0, 0, 0]","[0, 1, 0, 0, 0, 0, 0, 0]",0,1,1,0,1,0,0,0,0.3114857530543046,0.3114857530543046,,,,0.01,8,2,False,False
139,regular,psi,"[1, 4]","{1: 'withhold', 4: 'coherent_flip'}",1,0,1,[1],1,1,"[0, 0, 1, 1, 0, 1, 0, 1, 1, 0]","[1, 1, 0, 0, 0, 1, 1, 0]","[1, 1, 0, 0, 0, 1, 1, 0]",1,0,0,0,0,0,0,0,0.4624187285981833,0.4624187285981833,,,,0.01,8,2,False,False
140,verification,verification,"[2, 4]","{4: 'coherent_flip', 2: 'coherent_flip'}",2,0,0,[],0,2,"[0, 1, 0, 1, 0, 0, 1, 1, 0, 0]","[0, 0, 0, 1, 1, 1, 0, 0]","[0, 0, 0, 1, 1, 1, 0, 0]",1,1,1,1,1,1,1,1,,,Phi+,True,0.9215037650318076,0.01,8,2,False,False
141,verification,verification,"[6, 8]","{6: 'withhold', 8: 'equivocate'}",0,1,1,"[6, 8]",2,0,"[0, 1, 0, 0, 0, 1, 1, 1, 1, 0]","[0, 0, 0, 1, 1, 1, 1, 1]","[0, 0, 0, 1, 1, 1, 1, 0]",1,0,0,0,1,0,0,1,,,Phi+,True,0.9215037650318076,0.01,8,2,False,False
142,regular,psi,"[6, 8]","{6: 'coherent_flip', 8: 'coherent_flip'}",2,0,0,[],0,2,"[0, 0, 1, 0, 0, 0, 1, 1, 1, 0]","[1, 0, 0, 0, 1, 0, 1, 1]","[1, 0, 0, 0, 1, 0, 1, 1]",1,1,1,1,1,1,1,1,0.9186053468319089,0.9186053468319089,,,,0.01,8,2,False,False
143,regular,psi,"[5, 8]","{8: 'equivocate', 5: 'withhold'}",0,1,1,"[5, 8]",2,0,"[1, 0, 0, 0, 1, 0, 0, 1, 1, 1]","[0, 0, 1, 0, 0, 1, 1, 0]","[0, 0, 1, 0, 0, 1, 1, 1]",0,1,1,1,0,1,0,1,0.4624187375972292,0.9186053427689833,,,,0.01,8,2,False,False
144,regular,psi,"[4, 8]","{8: 'withhold', 4: 'coherent_flip'}",1,0,1,[8],1,1,"[1, 0, 0, 0, 1, 1, 1, 0, 1, 1]","[0, 0, 1, 0, 1, 0, 1, 1]","[0, 0, 1, 0, 1, 0, 1, 1]",0,0,1,0,1,0,0,0,0.4624187098635745,0.4624187098635745,,,,0.01,8,2,False,False
145,verification,verification,"[1, 2]","{2: 'withhold', 1: 'withhold'}",0,0,2,"[1, 2]",2,0,"[0, 0, 0, 0, 0, 0, 1, 0, 1, 0]","[0, 0, 0, 0, 1, 0, 1, 0]","[0, 0, 0, 0, 1, 0, 1, 0]",0,0,0,0,0,0,1,1,,,Psi-,False,0.9215037650318076,0.01,8,2,False,False
146,regular,psi,"[3, 4]","{3: 'withhold', 4: 'coherent_flip'}",1,0,1,[3],1,1,"[1, 1, 0, 0, 0, 0, 0, 1, 0, 0]","[0, 0, 0, 1, 0, 1, 0, 0]","[0, 0, 0, 1, 0, 1, 0, 0]",0,1,1,1,1,1,0,0,0.46241870577302324,0.46241870577302324,,,,0.01,8,2,False,False
147,regular,psi,"[3, 7]","{7: 'equivocate', 3: 'equivocate'}",0,2,0,"[3, 7]",2,0,"[1, 1, 0, 0, 0, 0, 1, 1, 1, 1]","[0, 0, 1, 0, 1, 1, 0, 1]","[0, 0, 0, 0, 1, 1, 1, 1]",1,1,1,1,1,1,1,1,0.9186053166161979,0.9186053166161979,,,,0.01,8,2,False,False
148,regular,psi,"[5, 8]","{5: 'withhold', 8: 'withhold'}",0,0,2,"[5, 8]",2,0,"[1, 1, 1, 0, 1, 0, 1, 1, 1, 1]","[1, 0, 1, 0, 1, 1, 1, 1]","[1, 0, 1, 0, 1, 1, 1, 1]",1,1,1,1,1,1,1,1,0.9186053709941584,0.9186053709941584,,,,0.01,8,2,False,False
149,verification,verification,"[3, 8]","{8: 'equivocate', 3: 'withhold'}",0,1,1,"[3, 8]",2,0,"[0, 1, 0, 0, 1, 1, 0, 1, 1, 1]","[0, 0, 1, 1, 0, 1, 1, 0]","[0, 0, 1, 1, 0, 1, 1, 1]",0,0,1,0,0,0,0,1,,,Phi+,True,0.9215038097352926,0.01,8,2,False,False
150,regular,psi,"[4, 6]","{6: 'equivocate', 4: 'withhold'}",0,1,1,"[4, 6]",2,0,"[1, 0, 0, 1, 1, 1, 1, 0, 1, 0]","[0, 1, 1, 1, 1, 1, 1, 0]","[0, 1, 1, 1, 1, 0, 1, 0]",0,0,1,0,0,0,0,1,0.462418702716805,0.918605307888559,,,,0.01,8,2,False,False
151,regular,psi,"[5, 7]","{7: 'withhold', 5: 'equivocate'}",0,1,1,"[5, 7]",2,0,"[0, 0, 0, 1, 1, 1, 0, 0, 0, 0]","[0, 1, 1, 1, 1, 0, 0, 0]","[0, 1, 1, 1, 0, 0, 0, 0]",0,1,0,0,0,1,0,1,0.3074902176724134,0.9186052962617509,,,,0.01,8,2,False,False
152,regular,psi,"[4, 8]","{4: 'equivocate', 8: 'equivocate'}",0,2,0,"[4, 8]",2,0,"[1, 1, 0, 0, 0, 0, 0, 0, 0, 1]","[0, 0, 0, 1, 0, 0, 0, 0]","[0, 0, 0, 0, 0, 0, 0, 1]",0,1,0,1,0,1,1,1,0.9186053651807541,0.9186053651807541,,,,0.01,8,2,False,False
153,regular,plus,"[2, 8]","{2: 'withhold', 8: 'withhold'}",0,0,2,"[2, 8]",2,0,"[0, 0, 0, 0, 0, 0, 0, 0, 0, 1]","[0, 0, 0, 0, 0, 0, 0, 1]","[0, 0, 0, 0, 0, 0, 0, 1]",1,0,1,0,1,0,1,1,0.9521910846233366,0.9521910846233366,,,,0.01,8,2,True,False
154,regular,psi,"[3, 5]","{3: 'equivocate', 5: 'coherent_flip'}",1,1,0,[3],1,1,"[0, 1, 0, 0, 0, 1, 1, 0, 1, 1]","[0, 0, 1, 1, 0, 0, 1, 1]","[0, 0, 0, 1, 0, 0, 1, 1]",1,0,1,0,1,1,1,0,0.9186052714309836,0.30749022617720145,,,,0.01,8,2,False,False
155,regular,psi,"[3, 6]","{3: 'withhold', 6: 'equivocate'}",0,1,1,"[3, 6]",2,0,"[1, 1, 0, 1, 0, 1, 0, 1, 0, 1]","[0, 1, 0, 1, 0, 0, 0, 1]","[0, 1, 0, 1, 0, 1, 0, 1]",1,1,0,1,1,1,0,1,0.4624187088292415,0.9186053709941584,,,,0.01,8,2,False,False
156,regular,psi,"[2, 8]","{8: 'coherent_flip', 2: 'equivocate'}",1,1,0,[2],1,1,"[1, 1, 0, 1, 0, 1, 1, 0, 0, 1]","[0, 0, 0, 1, 1, 0, 0, 0]","[0, 1, 0, 1, 1, 0, 0, 0]",0,0,0,0,1,0,1,0,0.9186053444129155,0.4624186537514145,,,,0.01,8,2,False,False
157,regular,psi,"[1, 6]","{6: 'withhold', 1: 'coherent_flip'}",1,0,1,[6],1,1,"[0, 1, 0, 1, 1, 1, 0, 1, 1, 0]","[1, 1, 1, 1, 0, 1, 1, 0]","[1, 1, 1, 1, 0, 1, 1, 0]",0,0,0,1,0,1,0,0,0.30749022929922154,0.30749022929922154,,,,0.01,8,2,False,False
158,regular,psi,"[2, 5]","{2: 'withhold', 5: 'coherent_flip'}",1,0,1,[2],1,1,"[1, 1, 1, 0, 0, 1, 0, 1, 1, 0]","[1, 0, 0, 1, 1, 1, 1, 0]","[1, 0, 0, 1, 1, 1, 1, 0]",1,1,1,0,1,0,0,0,0.3074901711651812,0.3074901711651812,,,,0.01,8,2,False,False
159,regular,psi,"[1, 2]","{2: 'withhold', 1: 'withhold'}",0,0,2,"[1, 2]",2,0,"[0, 1, 0, 1, 1, 0, 0, 1, 1, 0]","[0, 1, 1, 0, 0, 1, 1, 0]","[0, 1, 1, 0, 0, 1, 1, 0]",1,0,1,0,1,0,1,1,0.918605316187741,0.918605316187741,,,,0.01,8,2,False,False
160,regular,psi,"[5, 8]","{5: 'withhold', 8: 'equivocate'}",0,1,1,"[5, 8]",2,0,"[0, 1, 0, 1, 0, 1, 0, 1, 1, 0]","[0, 1, 0, 1, 0, 1, 1, 1]","[0, 1, 0, 1, 0, 1, 1, 0]",0,1,1,1,0,1,0,1,0.4624186623220065,0.9186053244869234,,,,0.01,8,2,False,False
161,regular,psi,"[2, 5]","{2: 'equivocate', 5: 'equivocate'}",0,2,0,"[2, 5]",2,0,"[0, 1, 0, 0, 0, 1, 0, 0, 1, 0]","[0, 1, 0, 1, 1, 0, 1, 0]","[0, 0, 0, 1, 0, 0, 1, 0]",0,1,1,0,0,1,0,1,0.311485838627877,0.9186052731814597,,,,0.01,8,2,False,False
162,regular,psi,"[1, 5]","{1: 'coherent_flip', 5: 'equivocate'}",1,1,0,[5],1,1,"[1, 0, 0, 1, 1, 1, 0, 1, 1, 0]","[1, 1, 1, 1, 1, 1, 1, 0]","[1, 1, 1, 1, 0, 1, 1, 0]",1,1,1,1,1,0,1,0,0.9186053427689833,0.3074901711651812,,,,0.01,8,2,False,False
163,regular,psi,"[4, 6]","{6: 'withhold', 4: 'coherent_flip'}",1,0,1,[6],1,1,"[1, 0, 1, 1, 0, 0, 1, 1, 1, 0]","[1, 1, 0, 1, 1, 1, 1, 0]","[1, 1, 0, 1, 1, 1, 1, 0]",0,0,1,0,1,0,0,0,0.46241872106192716,0.46241872106192716,,,,0.01,8,2,False,False
164,regular,psi,"[4, 7]","{7: 'coherent_flip', 4: 'coherent_flip'}",2,0,0,[],0,2,"[0, 0, 0, 0, 0, 1, 0, 0, 0, 1]","[0, 0, 0, 0, 0, 0, 1, 1]","[0, 0, 0, 0, 0, 0, 1, 1]",0,0,1,1,1,1,0,0,0.31148579209197264,0.31148579209197264,,,,0.01,8,2,False,False
165,regular,zero,"[1, 3]","{1: 'equivocate', 3: 'coherent_flip'}",1,1,0,[1],1,1,"[0, 1, 1, 1, 0, 1, 0, 1, 1, 0]","[0, 1, 1, 1, 0, 1, 1, 0]","[1, 1, 1, 1, 0, 1, 1, 0]",0,0,0,0,0,1,1,0,0.952191069009767,0.952191069009767,,,,0.01,8,2,True,False
166,regular,psi,"[4, 8]","{4: 'equivocate', 8: 'withhold'}",0,1,1,"[4, 8]",2,0,"[0, 1, 0, 1, 1, 0, 0, 1, 1, 0]","[0, 1, 1, 1, 0, 1, 1, 0]","[0, 1, 1, 0, 0, 1, 1, 0]",1,0,0,0,1,0,0,1,0.46241868251940643,0.918605316187741,,,,0.01,8,2,False,False
167,verification,verification,"[2, 7]","{2: 'withhold', 7: 'equivocate'}",0,1,1,"[2, 7]",2,0,"[1, 0, 1, 0, 1, 1, 0, 0, 1, 1]","[1, 0, 1, 1, 0, 0, 0, 1]","[1, 0, 1, 1, 0, 0, 1, 1]",0,0,0,1,0,0,0,1,,,Phi+,True,0.9215037948341309,0.01,8,2,False,False
168,regular,psi,"[5, 7]","{5: 'coherent_flip', 7: 'coherent_flip'}",2,0,0,[],0,2,"[1, 1, 0, 1, 0, 1, 0, 1, 0, 0]","[0, 1, 0, 1, 1, 1, 1, 0]","[0, 1, 0, 1, 1, 1, 1, 0]",0,1,0,1,0,1,1,1,0.9186053709941584,0.9186053709941584,,,,0.01,8,2,False,False
169,regular,psi,"[2, 6]","{2: 'withhold', 6: 'equivocate'}",0,1,1,"[2, 6]",2,0,"[1, 1, 0, 0, 1, 1, 0, 1, 0, 0]","[0, 0, 1, 1, 0, 0, 0, 0]","[0, 0, 1, 1, 0, 1, 0, 0]",1,0,0,0,1,0,0,1,0.4624187259704213,0.9186053311421751,,,,0.01,8,2,False,False
170,regular,psi,"[4, 6]","{6: 'coherent_flip', 4: 'equivocate'}",1,1,0,[4],1,1,"[0, 1, 1, 1, 1, 0, 0, 1, 1, 0]","[1, 1, 1, 1, 0, 0, 1, 0]","[1, 1, 1, 0, 0, 0, 1, 0]",1,1,1,1,0,1,1,0,0.9186053132885715,0.4624186735203585,,,,0.01,8,2,False,False
171,regular,psi,"[1, 4]","{4: 'withhold', 1: 'equivocate'}",0,1,1,"[1, 4]",2,0,"[1, 1, 1, 0, 0, 0, 0, 0, 0, 0]","[0, 0, 0, 0, 0, 0, 0, 0]","[1, 0, 0, 0, 0, 0, 0, 0]",1,0,1,1,1,0,0,1,0.30749017146983887,0.9186053694170129,,,,0.01,8,2,False,False
172,regular,psi,"[4, 6]","{6: 'coherent_flip', 4: 'equivocate'}",1,1,0,[4],1,1,"[0, 0, 0, 0, 0, 0, 0, 0, 0, 0]","[0, 0, 0, 1, 0, 1, 0, 0]","[0, 0, 0, 0, 0, 1, 0, 0]",0,0,0,0,1,0,1,0,0.9186052714309835,0.4624186688707114,,,,0.01,8,2,False,False
173,regular,psi,"[1, 8]","{8: 'coherent_flip', 1: 'coherent_flip'}",2,0,0,[],0,2,"[0, 1, 0, 1, 1, 0, 0, 0, 0, 0]","[1, 1, 1, 0, 0, 0, 0, 1]","[1, 1, 1, 0, 0, 0, 0, 1]",0,1,1,0,1,0,0,0,0.31148579497583856,0.31148579497583856,,,,0.01,8,2,False,False
174,regular,psi,"[3, 8]","{3: 'withhold', 8: 'withhold'}",0,0,2,"[3, 8]",2,0,"[0, 0, 0, 0, 0, 1, 0, 1, 1, 1]","[0, 0, 0, 1, 0, 1, 1, 1]","[0, 0, 0, 1, 0, 1, 1, 1]",1,1,1,1,1,1,1,1,0.9186053244869236,0.9186053244869236,,,,0.01,8,2,False,False
175,regular,psi,"[1, 5]","{5: 'coherent_flip', 1: 'coherent_flip'}",2,0,0,[],0,2,"[1, 0, 0, 1, 1, 1, 1, 1, 0, 1]","[1, 1, 1, 1, 0, 1, 0, 1]","[1, 1, 1, 1, 0, 1, 0, 1]",0,1,0,1,0,1,1,1,0.9186053369555792,0.9186053369555792,,,,0.01,8,2,False,False
176,regular,psi,"[3, 8]","{8: 'withhold', 3: 'coherent_flip'}",1,0,1,[8],1,1,"[0, 1, 0, 0, 1, 0, 1, 0, 0, 0]","[0, 0, 0, 0, 1, 0, 0, 0]","[0, 0, 0, 0, 1, 0, 0, 0]",1,0,1,1,1,1,0,0,0.30749021455039266,0.30749021455039266,,,,0.01,8,2,False,False
177,regular,zero,"[2, 4]","{4: 'equivocate', 2: 'withhold'}",0,1,1,"[2, 4]",2,0,"[1, 1, 0, 1, 0, 1, 1, 1, 1, 1]","[0, 1, 0, 0, 1, 1, 1, 1]","[0, 1, 0, 1, 1, 1, 1, 1]",1,1,0,1,1,1,0,1,0.04780893099023299,0.952191069009767,,,,0.01,8,2,True,False
178,regular,psi,"[4, 7]","{4: 'withhold', 7: 'withhold'}",0,0,2,"[4, 7]",2,0,"[0, 1, 1, 1, 1, 0, 1, 0, 0, 1]","[1, 1, 1, 0, 1, 0, 0, 1]","[1, 1, 1, 0, 1, 0, 0, 1]",1,1,1,1,1,1,1,1,0.918605279464224,0.918605279464224,,,,0.01,8,2,False,False
179,regular,psi,"[1, 4]","{4: 'equivocate', 1: 'coherent_flip'}",1,1,0,[4],1,1,"[1, 0, 0, 0, 1, 0, 1, 1, 1, 0]","[1, 0, 1, 1, 1, 1, 1, 0]","[1, 0, 1, 0, 1, 1, 1, 0]",1,0,0,1,1,1,0,0,0.311485747026672,0.3074901845053303,,,,0.01,8,2,False,False
180,regular,psi,"[1, 4]","{4: 'equivocate', 1: 'withhold'}",0,1,1,"[1, 4]",2,0,"[0, 1, 1, 0, 0, 0, 0, 1, 0, 1]","[1, 0, 0, 1, 0, 1, 0, 1]","[1, 0, 0, 0, 0, 1, 0, 1]",1,1,0,1,1,1,0,1,0.46241874311159886,0.9186052912901966,,,,0.01,8,2,False,False
181,regular,psi,"[2, 3]","{2: 'withhold', 3: 'equivocate'}",0,1,1,"[2, 3]",2,0,"[1, 0, 1, 0, 1, 1, 1, 1, 1, 1]","[1, 0, 0, 1, 1, 1, 1, 1]","[1, 0, 1, 1, 1, 1, 1, 1]",1,1,1,0,1,1,0,1,0.307490207758947,0.9186053278145495,,,,0.01,8,2,False,False
182,regular,psi,"[2, 5]","{2: 'coherent_flip', 5: 'coherent_flip'}",2,0,0,[],0,2,"[0, 1, 0, 1, 0, 0, 0, 0, 1, 1]","[0, 0, 0, 0, 1, 0, 1, 1]","[0, 0, 0, 0, 1, 0, 1, 1]",1,1,0,0,0,0,0,0,0.31148581393232644,0.31148581393232644,,,,0.01,8,2,False,False
183,regular,psi,"[7, 8]","{7: 'withhold', 8: 'withhold'}",0,0,2,"[7, 8]",2,0,"[0, 1, 1, 0, 1, 0, 0, 0, 0, 0]","[1, 0, 1, 0, 0, 0, 0, 0]","[1, 0, 1, 0, 0, 0, 0, 0]",1,0,1,0,1,0,1,1,0.9186053361137323,0.9186053361137323,,,,0.01,8,2,False,False
184,regular,psi,"[3, 6]","{6: 'equivocate', 3: 'coherent_flip'}",1,1,0,[6],1,1,"[1, 1, 1, 0, 1, 0, 1, 0, 0, 1]","[1, 0, 0, 0, 1, 1, 0, 1]","[1, 0, 0, 0, 1, 0, 0, 1]",0,0,1,1,0,1,0,0,0.31148574924957395,0.3074901714698389,,,,0.01,8,2,False,False
185,regular,psi,"[5, 8]","{5: 'coherent_flip', 8: 'coherent_flip'}",2,0,0,[],0,2,"[1, 1, 0, 1, 1, 0, 1, 1, 1, 0]","[0, 1, 1, 0, 0, 1, 1, 1]","[0, 1, 1, 0, 0, 1, 1, 1]",1,0,0,1,0,1,0,0,0.311485747026672,0.311485747026672,,,,0.01,8,2,False,False
186,regular,psi,"[1, 8]","{1: 'coherent_flip', 8: 'coherent_flip'}",2,0,0,[],0,2,"[0, 1, 1, 1, 0, 0, 0, 1, 0, 0]","[0, 1, 0, 0, 0, 1, 0, 1]","[0, 1, 0, 0, 0, 1, 0, 1]",1,1,0,0,0,0,0,0,0.3114857835632589,0.3114857835632589,,,,0.01,8,2,False,False
187,regular,psi,"[2, 7]","{7: 'equivocate', 2: 'coherent_flip'}",1,1,0,[7],1,1,"[1, 0, 1, 0, 0, 0, 0, 0, 1, 0]","[1, 1, 0, 0, 0, 0, 0, 0]","[1, 1, 0, 0, 0, 0, 1, 0]",0,1,1,0,1,1,0,0,0.3114857586534804,0.4624187057730232,,,,0.01,8,2,False,False
188,verification,verification,"[3, 8]","{3: 'coherent_flip', 8: 'equivocate'}",1,1,0,[8],1,1,"[0, 0, 1, 1, 0, 0, 0, 1, 1, 0]","[1, 1, 1, 0, 0, 1, 1, 1]","[1, 1, 1, 0, 0, 1, 1, 0]",0,0,1,1,0,1,0,0,,,Phi-,False,0.026165381853740906,0.01,8,2,False,False
189,regular,psi,"[3, 6]","{3: 'withhold', 6: 'equivocate'}",0,1,1,"[3, 6]",2,0,"[1, 0, 1, 0, 0, 1, 0, 1, 0, 0]","[1, 0, 0, 1, 0, 0, 0, 0]","[1, 0, 0, 1, 0, 1, 0, 0]",0,0,1,0,0,0,0,1,0.46241870986357453,0.9186053694170129,,,,0.01,8,2,False,False
190,regular,psi,"[2, 6]","{2: 'equivocate', 6: 'equivocate'}",0,2,0,"[2, 6]",2,0,"[0, 1, 0, 0, 0, 1, 1, 1, 0, 0]","[0, 1, 0, 1, 1, 0, 0, 0]","[0, 0, 0, 1, 1, 1, 0, 0]",1,1,1,1,1,1,1,1,0.9186052929341242,0.9186052929341242,,,,0.01,8,2,False,False
191,regular,psi,"[1, 4]","{1: 'equivocate', 4: 'withhold'}",0,1,1,"[1, 4]",2,0,"[1, 0, 1, 1, 1, 1, 0, 1, 1, 1]","[0, 1, 1, 1, 0, 1, 1, 1]","[1, 1, 1, 1, 0, 1, 1, 1]",0,0,0,1,0,0,0,1,0.30749019570368186,0.9186053398698146,,,,0.01,8,2,False,False
192,regular,psi,"[3, 4]","{3: 'equivocate', 4: 'coherent_flip'}",1,1,0,[3],1,1,"[1, 1, 0, 0, 0, 0, 0, 0, 1, 1]","[0, 0, 1, 1, 0, 0, 1, 1]","[0, 0, 0, 1, 0, 0, 1, 1]",0,0,1,1,1,0,0,0,0.31148575721154637,0.46241868557562393,,,,0.01,8,2,False,False
193,regular,psi,"[2, 5]","{2: 'equivocate', 5: 'withhold'}",0,1,1,"[2, 5]",2,0,"[1, 1, 0, 0, 1, 1, 0, 0, 0, 1]","[0, 1, 1, 1, 0, 0, 0, 1]","[0, 0, 1, 1, 0, 0, 0, 1]",1,0,0,0,1,0,0,1,0.4624187027168051,0.918605307888559,,,,0.01,8,2,False,False
194,regular,psi,"[2, 4]","{2: 'coherent_flip', 4: 'withhold'}",1,0,1,[4],1,1,"[1, 0, 0, 1, 0, 0, 1, 1, 1, 1]","[0, 0, 0, 0, 1, 1, 1, 1]","[0, 0, 0, 0, 1, 1, 1, 1]",1,1,0,1,0,1,0,0,0.4624186941462148,0.4624186941462148,,,,0.01,8,2,False,False
195,verification,verification,"[4, 8]","{8: 'coherent_flip', 4: 'coherent_flip'}",2,0,0,[],0,2,"[1, 1, 1, 1, 1, 1, 1, 1, 0, 0]","[1, 1, 1, 0, 1, 1, 0, 1]","[1, 1, 1, 0, 1, 1, 0, 1]",0,0,0,0,0,0,1,1,,,Phi-,False,0.9215037948341309,0.01,8,2,False,False
196,regular,psi,"[4, 6]","{4: 'withhold', 6: 'equivocate'}",0,1,1,"[4, 6]",2,0,"[1, 1, 0, 0, 1, 0, 0, 1, 0, 1]","[0, 0, 1, 0, 0, 0, 0, 1]","[0, 0, 1, 0, 0, 1, 0, 1]",1,0,0,0,1,0,0,1,0.4624187098635745,0.918605369417013,,,,0.01,8,2,False,False
197,regular,psi,"[2, 4]","{4: 'equivocate', 2: 'equivocate'}",0,2,0,"[2, 4]",2,0,"[0, 1, 1, 0, 1, 0, 0, 1, 0, 0]","[1, 1, 1, 1, 0, 1, 0, 0]","[1, 0, 1, 0, 0, 1, 0, 0]",0,0,0,0,0,0,1,1,0.918605316187741,0.918605316187741,,,,0.01,8,2,False,False
198,regular,psi,"[3, 5]","{3: 'withhold', 5: 'equivocate'}",0,1,1,"[3, 5]",2,0,"[0, 0, 1, 0, 0, 0, 0, 0, 0, 1]","[1, 0, 0, 0, 1, 0, 0, 1]","[1, 0, 0, 0, 0, 0, 0, 1]",1,1,1,0,1,1,0,1,0.3074901711651812,0.9186053427689832,,,,0.01,8,2,False,False
199,regular,psi,"[2, 7]","{2: 'equivocate', 7: 'coherent_flip'}",1,1,0,[2],1,1,"[0, 1, 0, 1, 0, 0, 0, 0, 0, 0]","[0, 0, 0, 0, 0, 0, 1, 0]","[0, 1, 0, 0, 0, 0, 1, 0]",0,0,1,1,0,1,0,0,0.3114858218942951,0.3074902145503926,,,,0.01,8,2,False,False
200,regular,psi,"[3, 7]","{7: 'equivocate', 3: 'equivocate'}",0,2,0,"[3, 7]",2,0,"[0, 1, 0, 0, 0, 1, 0, 1, 0, 0]","[0, 0, 1, 1, 0, 1, 1, 0]","[0, 0, 0, 1, 0, 1, 0, 0]",1,0,1,0,1,0,1,1,0.9186052714309836,0.9186052714309836,,,,0.01,8,2,False,False
201,regular,psi,"[5, 8]","{8: 'withhold', 5: 'equivocate'}",0,1,1,"[5, 8]",2,0,"[0, 0, 1, 0, 1, 0, 0, 1, 1, 1]","[1, 0, 1, 0, 1, 1, 1, 1]","[1, 0, 1, 0, 0, 1, 1, 1]",0,1,0,0,0,1,0,1,0.3074901711651812,0.9186053427689833,,,,0.01,8,2,False,False
202,regular,psi,"[6, 7]","{6: 'coherent_flip', 7: 'equivocate'}",1,1,0,[7],1,1,"[0, 0, 0, 1, 0, 0, 1, 1, 1, 0]","[0, 1, 0, 0, 1, 0, 0, 0]","[0, 1, 0, 0, 1, 0, 1, 0]",0,0,1,1,1,0,0,0,0.3114858066026467,0.4624186794631889,,,,0.01,8,2,False,False
203,regular,psi,"[2, 7]","{7: 'withhold', 2: 'equivocate'}",0,1,1,"[2, 7]",2,0,"[0, 0, 0, 0, 1, 0, 1, 1, 1, 1]","[0, 1, 1, 0, 1, 1, 1, 1]","[0, 0, 1, 0, 1, 1, 1, 1]",0,1,1,1,0,1,0,1,0.4624186592657895,0.9186052929341242,,,,0.01,8,2,False,False
204,regular,psi,"[2, 6]","{6: 'withhold', 2: 'coherent_flip'}",1,0,1,[6],1,1,"[0, 0, 1, 1, 0, 0, 1, 0, 0, 0]","[1, 0, 0, 0, 1, 0, 0, 0]","[1, 0, 0, 0, 1, 0, 0, 0]",1,0,0,0,0,0,0,0,0.46241872106192716,0.46241872106192716,,,,0.01,8,2,False,False
205,regular,psi,"[6, 8]","{6: 'equivocate', 8: 'coherent_flip'}",1,1,0,[6],1,1,"[1, 1, 1, 0, 0, 1, 1, 1, 0, 0]","[1, 0, 0, 1, 1, 0, 0, 1]","[1, 0, 0, 1, 1, 1, 0, 1]",1,1,1,1,0,1,1,0,0.9186053369555793,0.46241873178382525,,,,0.01,8,2,False,False
206,regular,psi,"[5, 7]","{5: 'withhold', 7: 'coherent_flip'}",1,0,1,[5],1,1,"[0, 0, 1, 0, 0, 0, 1, 1, 1, 1]","[1, 0, 0, 0, 1, 1, 0, 1]","[1, 0, 0, 0, 1, 1, 0, 1]",0,1,0,0,0,0,0,0,0.30749020506756436,0.30749020506756436,,,,0.01,8,2,False,False
207,regular,psi,"[6, 8]","{8: 'equivocate', 6: 'coherent_flip'}",1,1,0,[8],1,1,"[1, 0, 1, 1, 1, 1, 1, 0, 0, 1]","[1, 1, 1, 1, 1, 1, 0, 0]","[1, 1, 1, 1, 1, 1, 0, 1]",1,0,1,0,0,0,1,0,0.9186052966902076,0.46241871391515643,,,,0.01,8,2,False,False
208,regular,psi,"[3, 7]","{7: 'withhold', 3: 'withhold'}",0,0,2,"[3, 7]",2,0,"[1, 0, 1, 0, 0, 1, 0, 0, 1, 1]","[1, 0, 0, 1, 0, 0, 1, 1]","[1, 0, 0, 1, 0, 0, 1, 1]",0,1,0,1,0,1,1,1,0.9186053709941584,0.9186053709941584,,,,0.01,8,2,False,False
209,regular,psi,"[3, 6]","{6: 'withhold', 3: 'withhold'}",0,0,2,"[3, 6]",2,0,"[1, 0, 0, 0, 0, 1, 1, 0, 1, 1]","[0, 0, 0, 1, 1, 0, 1, 1]","[0, 0, 0, 1, 1, 0, 1, 1]",0,1,0,1,0,1,1,1,0.9186053560397247,0.9186053560397247,,,,0.01,8,2,False,False
210,verification,verification,"[4, 5]","{5: 'coherent_flip', 4: 'equivocate'}",1,1,0,[4],1,1,"[0, 0, 1, 1, 0, 0, 0, 1, 0, 1]","[1, 1, 0, 1, 1, 1, 0, 1]","[1, 1, 0, 0, 1, 1, 0, 1]",1,1,0,0,1,0,0,0,,,Phi+,True,0.026165396754902544,0.01,8,2,False,False
211,regular,psi,"[1, 3]","{1: 'coherent_flip', 3: 'equivocate'}",1,1,0,[3],1,1,"[0, 1, 1, 1, 1, 1, 1, 0, 1, 0]","[0, 1, 0, 1, 1, 0, 1, 0]","[0, 1, 1, 1, 1, 0, 1, 0]",1,0,1,0,1,1,1,0,0.9186053309430129,0.3074902262698167,,,,0.01,8,2,False,False
212,regular,psi,"[3, 5]","{5: 'withhold', 3: 'withhold'}",0,0,2,"[3, 5]",2,0,"[0, 1, 1, 0, 1, 0, 0, 1, 0, 1]","[1, 0, 1, 0, 0, 1, 0, 1]","[1, 0, 1, 0, 0, 1, 0, 1]",1,0,1,0,1,0,1,1,0.918605316187741,0.918605316187741,,,,0.01,8,2,False,False
213,regular,psi,"[4, 5]","{4: 'equivocate', 5: 'withhold'}",0,1,1,"[4, 5]",2,0,"[0, 1, 0, 1, 0, 0, 0, 0, 1, 1]","[0, 1, 0, 1, 0, 0, 1, 1]","[0, 1, 0, 0, 0, 0, 1, 1]",1,1,0,1,1,1,0,1,0.4624187047854703,0.9186053047342604,,,,0.01,8,2,False,False
214,regular,plus,"[1, 2]","{2: 'equivocate', 1: 'withhold'}",0,1,1,"[1, 2]",2,0,"[1, 0, 0, 0, 0, 1, 1, 1, 1, 1]","[0, 1, 0, 1, 1, 1, 1, 1]","[0, 0, 0, 1, 1, 1, 1, 1]",1,1,0,1,1,1,0,1,0.9521910846233366,0.9521910846233366,,,,0.01,8,2,True,False
215,regular,psi,"[1, 8]","{8: 'withhold', 1: 'coherent_flip'}",1,0,1,[8],1,1,"[1, 0, 1, 1, 0, 1, 0, 0, 0, 1]","[0, 1, 0, 1, 0, 0, 0, 1]","[0, 1, 0, 1, 0, 0, 0, 1]",1,0,1,1,1,1,0,0,0.3074902116447811,0.3074902116447811,,,,0.01,8,2,False,False
216,regular,psi,"[3, 4]","{4: 'coherent_flip', 3: 'coherent_flip'}",2,0,0,[],0,2,"[0, 1, 1, 0, 0, 0, 1, 1, 1, 1]","[1, 0, 1, 1, 1, 1, 1, 1]","[1, 0, 1, 1, 1, 1, 1, 1]",1,1,0,0,0,0,0,0,0.31148577316415593,0.31148577316415593,,,,0.01,8,2,False,False
217,regular,psi,"[2, 5]","{5: 'coherent_flip', 2: 'withhold'}",1,0,1,[2],1,1,"[0, 1, 0, 1, 1, 0, 0, 1, 0, 0]","[0, 1, 1, 0, 1, 1, 0, 0]","[0, 1, 1, 0, 1, 1, 0, 0]",1,1,1,0,1,0,0,0,0.3074902118590094,0.3074902118590094,,,,0.01,8,2,False,False
218,regular,plus,"[2, 3]","{3: 'equivocate', 2: 'equivocate'}",0,2,0,"[2, 3]",2,0,"[0, 1, 0, 0, 1, 0, 1, 0, 0, 1]","[0, 1, 0, 0, 1, 0, 0, 1]","[0, 0, 1, 0, 1, 0, 0, 1]",0,0,1,1,0,0,0,1,0.047808915376663215,0.9521910846233366,,,,0.01,8,2,True,False
219,regular,psi,"[1, 6]","{1: 'equivocate', 6: 'coherent_flip'}",1,1,0,[1],1,1,"[1, 1, 1, 1, 1, 0, 1, 0, 0, 1]","[0, 1, 1, 0, 1, 1, 0, 1]","[1, 1, 1, 0, 1, 1, 0, 1]",1,0,0,1,0,0,0,0,0.31148575125985933,0.4624187184799986,,,,0.01,8,2,False,False
220,regular,psi,"[3, 6]","{6: 'equivocate', 3: 'coherent_flip'}",1,1,0,[6],1,1,"[0, 0, 0, 1, 1, 1, 1, 0, 0, 0]","[0, 1, 0, 1, 1, 1, 0, 0]","[0, 1, 0, 1, 1, 0, 0, 0]",0,0,1,1,0,1,0,0,0.3114858218942951,0.30749021455039266,,,,0.01,8,2,False,False
221,regular,psi,"[2, 3]","{2: 'coherent_flip', 3: 'equivocate'}",1,1,0,[3],1,1,"[0, 1, 0, 1, 0, 1, 1, 0, 1, 0]","[0, 0, 1, 1, 1, 0, 1, 0]","[0, 0, 0, 1, 1, 0, 1, 0]",1,0,0,1,0,0,0,0,0.3114857819070972,0.4624186825194064,,,,0.01,8,2,False,False
222,regular,psi,"[5, 8]","{5: 'withhold', 8: 'equivocate'}",0,1,1,"[5, 8]",2,0,"[1, 0, 1, 1, 1, 0, 1, 0, 0, 0]","[1, 1, 1, 0, 1, 0, 0, 1]","[1, 1, 1, 0, 1, 0, 0, 0]",1,0,0,0,1,0,0,1,0.4624187266611035,0.918605352619484,,,,0.01,8,2,False,False
223,regular,psi,"[1, 5]","{5: 'coherent_flip', 1: 'coherent_flip'}",2,0,0,[],0,2,"[0, 0, 0, 1, 0, 1, 1, 0, 0, 0]","[1, 1, 0, 1, 0, 0, 0, 0]","[1, 1, 0, 1, 0, 0, 0, 0]",0,1,0,1,0,1,1,1,0.9186052962617509,0.9186052962617509,,,,0.01,8,2,False,False
224,regular,psi,"[4, 5]","{5: 'equivocate', 4: 'coherent_flip'}",1,1,0,[5],1,1,"[1, 0, 1, 1, 1, 1, 1, 1, 1, 1]","[1, 1, 1, 0, 0, 1, 1, 1]","[1, 1, 1, 0, 1, 1, 1, 1]",0,1,1,0,1,1,0,0,0.311485737270255,0.46241874879558054,,,,0.01,8,2,False,False
225,regular,psi,"[1, 8]","{8: 'equivocate', 1: 'withhold'}",0,1,1,"[1, 8]",2,0,"[0, 0, 1, 1, 0, 1, 0, 0, 1, 1]","[1, 1, 0, 1, 0, 0, 1, 0]","[1, 1, 0, 1, 0, 0, 1, 1]",1,0,0,0,1,0,0,1,0.46241871391515643,0.9186052966902076,,,,0.01,8,2,False,False
226,regular,psi,"[5, 7]","{5: 'equivocate', 7: 'withhold'}",0,1,1,"[5, 7]",2,0,"[0, 0, 1, 0, 1, 1, 1, 0, 1, 1]","[1, 0, 1, 1, 0, 0, 1, 1]","[1, 0, 1, 1, 1, 0, 1, 1]",0,0,0,1,0,0,0,1,0.3074901714698389,0.9186053694170129,,,,0.01,8,2,False,False
227,regular,psi,"[3, 6]","{3: 'equivocate', 6: 'coherent_flip'}",1,1,0,[3],1,1,"[0, 0, 0, 1, 0, 0, 0, 0, 1, 1]","[0, 1, 1, 0, 0, 1, 1, 1]","[0, 1, 0, 0, 0, 1, 1, 1]",0,1,1,0,1,1,0,0,0.31148578046516384,0.4624186623220065,,,,0.01,8,2,False,False
228,regular,plus,"[1, 2]","{2: 'withhold', 1: 'equivocate'}",0,1,1,"[1, 2]",2,0,"[0, 1, 0, 0, 0, 1, 1, 1, 0, 0]","[1, 0, 0, 1, 1, 1, 0, 0]","[0, 0, 0, 1, 1, 1, 0, 0]",1,1,1,0,1,1,0,1,0.047808915376663215,0.9521910846233366,,,,0.01,8,2,True,False
229,regular,psi,"[1, 3]","{1: 'coherent_flip', 3: 'withhold'}",1,0,1,[3],1,1,"[0, 0, 0, 0, 1, 1, 1, 1, 0, 0]","[1, 0, 1, 1, 1, 1, 0, 0]","[1, 0, 1, 1, 1, 1, 0, 0]",0,0,0,1,0,1,0,0,0.30749023875353904,0.30749023875353904,,,,0.01,8,2,False,False
230,verification,verification,"[4, 6]","{4: 'equivocate', 6: 'withhold'}",0,1,1,"[4, 6]",2,0,"[1, 1, 1, 0, 1, 0, 1, 0, 0, 0]","[1, 0, 1, 1, 1, 0, 0, 0]","[1, 0, 1, 0, 1, 0, 0, 0]",1,0,0,0,1,0,0,1,,,Phi+,True,0.9215037948341309,0.01,8,2,False,False
231,regular,psi,"[4, 8]","{4: 'coherent_flip', 8: 'equivocate'}",1,1,0,[8],1,1,"[0, 1, 1, 1, 1, 1, 1, 0, 0, 1]","[1, 1, 1, 0, 1, 0, 0, 0]","[1, 1, 1, 0, 1, 0, 0, 1]",0,1,0,1,1,1,1,0,0.9186053481689977,0.4624187084007847,,,,0.01,8,2,False,False
232,regular,psi,"[6, 7]","{6: 'withhold', 7: 'coherent_flip'}",1,0,1,[6],1,1,"[0, 0, 0, 0, 1, 0, 0, 1, 1, 0]","[0, 0, 1, 0, 0, 1, 0, 0]","[0, 0, 1, 0, 0, 1, 0, 0]",1,0,1,1,1,1,0,0,0.30749025597952373,0.30749025597952373,,,,0.01,8,2,False,False
233,regular,psi,"[4, 6]","{4: 'withhold', 6: 'coherent_flip'}",1,0,1,[4],1,1,"[0, 1, 0, 0, 1, 0, 1, 1, 0, 1]","[0, 0, 1, 0, 1, 0, 0, 1]","[0, 0, 1, 0, 1, 0, 0, 1]",1,0,0,0,0,0,0,0,0.4624186804975201,0.4624186804975201,,,,0.01,8,2,False,False
234,verification,verification,"[3, 7]","{3: 'equivocate', 7: 'withhold'}",0,1,1,"[3, 7]",2,0,"[0, 1, 1, 1, 1, 1, 1, 0, 1, 1]","[1, 1, 0, 1, 1, 0, 1, 1]","[1, 1, 1, 1, 1, 0, 1, 1]",0,0,0,1,0,0,0,1,,,Phi+,True,0.9215037948341309,0.01,8,2,False,False
235,regular,psi,"[4, 8]","{4: 'coherent_flip', 8: 'coherent_flip'}",2,0,0,[],0,2,"[1, 0, 1, 1, 0, 1, 0, 1, 1, 0]","[1, 1, 0, 0, 0, 1, 1, 1]","[1, 1, 0, 0, 0, 1, 1, 1]",1,1,1,1,1,1,1,1,0.918605331570632,0.918605331570632,,,,0.01,8,2,False,False
236,regular,psi,"[2, 6]","{2: 'withhold', 6: 'withhold'}",0,0,2,"[2, 6]",2,0,"[0, 0, 0, 1, 1, 1, 0, 0, 1, 0]","[0, 1, 1, 1, 0, 0, 1, 0]","[0, 1, 1, 1, 0, 0, 1, 0]",0,0,0,0,0,0,1,1,0.9186052846349431,0.9186052846349431,,,,0.01,8,2,False,False
237,regular,psi,"[2, 8]","{8: 'withhold', 2: 'equivocate'}",0,1,1,"[2, 8]",2,0,"[0, 1, 0, 0, 0, 0, 0, 1, 1, 0]","[0, 1, 0, 0, 0, 1, 1, 0]","[0, 0, 0, 0, 0, 1, 1, 0]",0,1,1,1,0,1,0,1,0.46241870478547037,0.9186053047342603,,,,0.01,8,2,False,False
238,verification,verification,"[7, 8]","{7: 'equivocate', 8: 'withhold'}",0,1,1,"[7, 8]",2,0,"[0, 1, 0, 1, 0, 0, 1, 0, 1, 0]","[0, 1, 0, 0, 1, 0, 0, 0]","[0, 1, 0, 0, 1, 0, 1, 0]",0,0,0,1,0,0,0,1,,,Phi+,True,0.9215037650318076,0.01,8,2,False,False
239,regular,zero,"[2, 5]","{5: 'coherent_flip', 2: 'equivocate'}",1,1,0,[2],1,1,"[1, 0, 1, 0, 0, 1, 1, 0, 1, 1]","[1, 1, 0, 1, 0, 0, 1, 1]","[1, 0, 0, 1, 0, 0, 1, 1]",0,0,1,1,0,1,0,0,0.04780893099023299,0.952191069009767,,,,0.01,8,2,True,False
240,regular,psi,"[3, 4]","{4: 'withhold', 3: 'withhold'}",0,0,2,"[3, 4]",2,0,"[0, 1, 1, 0, 1, 1, 1, 1, 1, 0]","[1, 0, 1, 1, 1, 1, 1, 0]","[1, 0, 1, 1, 1, 1, 1, 0]",1,0,1,0,1,0,1,1,0.918605316187741,0.918605316187741,,,,0.01,8,2,False,False
241,regular,zero,"[5, 7]","{5: 'equivocate', 7: 'withhold'}",0,1,1,"[5, 7]",2,0,"[0, 1, 1, 1, 1, 1, 0, 0, 0, 0]","[1, 1, 1, 1, 1, 0, 0, 0]","[1, 1, 1, 1, 0, 0, 0, 0]",1,0,1,1,1,0,0,1,0.952191069009767,0.952191069009767,,,,0.01,8,2,True,False
242,regular,psi,"[4, 5]","{4: 'coherent_flip', 5: 'coherent_flip'}",2,0,0,[],0,2,"[0, 1, 1, 1, 0, 0, 1, 0, 0, 0]","[1, 1, 0, 1, 0, 0, 0, 0]","[1, 1, 0, 1, 0, 0, 0, 0]",0,0,1,1,1,1,0,0,0.31148581069594306,0.31148581069594306,,,,0.01,8,2,False,False
243,regular,psi,"[3, 6]","{3: 'coherent_flip', 6: 'equivocate'}",1,1,0,[6],1,1,"[1, 1, 0, 0, 0, 1, 1, 1, 1, 0]","[0, 0, 1, 1, 1, 0, 1, 0]","[0, 0, 1, 1, 1, 1, 1, 0]",1,1,0,0,1,0,0,0,0.31148573754843234,0.3074902050675644,,,,0.01,8,2,False,False
244,regular,psi,"[3, 7]","{3: 'coherent_flip', 7: 'coherent_flip'}",2,0,0,[],0,2,"[1, 0, 1, 1, 0, 1, 0, 1, 1, 0]","[1, 1, 1, 1, 0, 1, 0, 0]","[1, 1, 1, 1, 0, 1, 0, 0]",1,1,1,1,1,1,1,1,0.918605331570632,0.918605331570632,,,,0.01,8,2,False,False
245,regular,psi,"[4, 5]","{5: 'equivocate', 4: 'coherent_flip'}",1,1,0,[5],1,1,"[0, 0, 1, 0, 0, 1, 0, 0, 1, 1]","[1, 0, 0, 0, 1, 0, 1, 1]","[1, 0, 0, 0, 0, 0, 1, 1]",0,0,1,1,1,0,0,0,0.31148575721154637,0.462418685575624,,,,0.01,8,2,False,False
246,regular,psi,"[5, 8]","{8: 'withhold', 5: 'equivocate'}",0,1,1,"[5, 8]",2,0,"[1, 1, 0, 1, 1, 0, 1, 1, 1, 1]","[0, 1, 1, 0, 0, 1, 1, 1]","[0, 1, 1, 0, 1, 1, 1, 1]",0,0,0,1,0,0,0,1,0.3074901845053303,0.9186053510681662,,,,0.01,8,2,False,False
247,regular,psi,"[2, 8]","{8: 'withhold', 2: 'withhold'}",0,0,2,"[2, 8]",2,0,"[1, 0, 0, 0, 0, 0, 0, 0, 0, 1]","[0, 0, 0, 0, 0, 0, 0, 1]","[0, 0, 0, 0, 0, 0, 0, 1]",1,1,1,1,1,1,1,1,0.9186053743217831,0.9186053743217831,,,,0.01,8,2,False,False
248,regular,psi,"[3, 7]","{3: 'coherent_flip', 7: 'withhold'}",1,0,1,[7],1,1,"[1, 1, 0, 0, 1, 1, 0, 0, 1, 0]","[0, 0, 0, 1, 0, 0, 1, 0]","[0, 0, 0, 1, 0, 0, 1, 0]",0,1,0,0,0,0,0,0,0.3074901961321386,0.3074901961321386,,,,0.01,8,2,False,False
249,regular,psi,"[3, 7]","{3: 'coherent_flip', 7: 'equivocate'}",1,1,0,[7],1,1,"[1, 0, 0, 1, 0, 1, 1, 0, 1, 1]","[0, 1, 1, 1, 1, 0, 0, 1]","[0, 1, 1, 1, 1, 0, 1, 1]",1,1,1,1,1,0,1,0,0.918605341018505,0.30749021088096823,,,,0.01,8,2,False,False
250,regular,psi,"[3, 7]","{7: 'withhold', 3: 'equivocate'}",0,1,1,"[3, 7]",2,0,"[0, 1, 0, 1, 0, 0, 1, 1, 0, 1]","[0, 1, 1, 0, 1, 1, 0, 1]","[0, 1, 0, 0, 1, 1, 0, 1]",0,1,0,0,0,1,0,1,0.3074902118590094,0.9186053020751549,,,,0.01,8,2,False,False
251,regular,psi,"[4, 7]","{4: 'withhold', 7: 'coherent_flip'}",1,0,1,[4],1,1,"[0, 1, 0, 0, 0, 1, 1, 0, 0, 1]","[0, 0, 0, 1, 1, 0, 1, 1]","[0, 0, 0, 1, 1, 0, 1, 1]",1,1,1,0,1,0,0,0,0.30749021455039266,0.30749021455039266,,,,0.01,8,2,False,False
252,regular,psi,"[2, 4]","{2: 'withhold', 4: 'coherent_flip'}",1,0,1,[2],1,1,"[0, 1, 1, 1, 1, 1, 0, 0, 1, 1]","[1, 1, 1, 0, 0, 0, 1, 1]","[1, 1, 1, 0, 0, 0, 1, 1]",0,1,1,1,1,1,0,0,0.46241870534456647,0.46241870534456647,,,,0.01,8,2,False,False
253,regular,psi,"[2, 4]","{4: 'withhold', 2: 'withhold'}",0,0,2,"[2, 4]",2,0,"[0, 0, 0, 0, 1, 1, 1, 0, 1, 1]","[0, 0, 1, 1, 1, 0, 1, 1]","[0, 0, 1, 1, 1, 0, 1, 1]",0,1,0,1,0,1,1,1,0.9186053244869234,0.9186053244869234,,,,0.01,8,2,False,False
254,regular,psi,"[5, 7]","{5: 'coherent_flip', 7: 'coherent_flip'}",2,0,0,[],0,2,"[0, 0, 1, 0, 1, 0, 0, 1, 1, 0]","[1, 0, 1, 0, 1, 1, 0, 0]","[1, 0, 1, 0, 1, 1, 0, 0]",1,1,1,1,1,1,1,1,0.9186053427689833,0.9186053427689833,,,,0.01,8,2,False,False
255,regular,psi,"[4, 7]","{4: 'withhold', 7: 'withhold'}",0,0,2,"[4, 7]",2,0,"[1, 1, 0, 0, 0, 0, 0, 1, 1, 1]","[0, 0, 0, 0, 0, 1, 1, 1]","[0, 0, 0, 0, 0, 1, 1, 1]",1,0,1,0,1,0,1,1,0.9186053477405408,0.9186053477405408,,,,0.01,8,2,False,False
256,regular,psi,"[4, 6]","{4: 'equivocate', 6: 'withhold'}",0,1,1,"[4, 6]",2,0,"[1, 1, 0, 0, 0, 1, 0, 0, 1, 0]","[0, 0, 0, 0, 0, 0, 1, 0]","[0, 0, 0, 1, 0, 0, 1, 0]",0,0,1,0,0,0,0,1,0.4624187259704213,0.9186053311421751,,,,0.01,8,2,False,False
257,regular,psi,"[3, 8]","{8: 'coherent_flip', 3: 'equivocate'}",1,1,0,[3],1,1,"[0, 1, 1, 1, 1, 0, 0, 0, 0, 0]","[1, 1, 0, 0, 0, 0, 0, 1]","[1, 1, 1, 0, 0, 0, 0, 1]",0,0,1,1,1,0,0,0,0.3114857864927966,0.4624186562943737,,,,0.01,8,2,False,False
258,regular,psi,"[1, 4]","{4: 'withhold', 1: 'withhold'}",0,0,2,"[1, 4]",2,0,"[0, 0, 1, 1, 1, 0, 1, 0, 1, 0]","[1, 1, 1, 0, 1, 0, 1, 0]","[1, 1, 1, 0, 1, 0, 1, 0]",1,0,1,0,1,0,1,1,0.9186053582186603,0.9186053582186603,,,,0.01,8,2,False,False
259,regular,psi,"[4, 5]","{5: 'withhold', 4: 'withhold'}",0,0,2,"[4, 5]",2,0,"[0, 0, 1, 1, 0, 0, 1, 0, 0, 0]","[1, 1, 0, 0, 1, 0, 0, 0]","[1, 1, 0, 0, 1, 0, 0, 0]",1,0,1,0,1,0,1,1,0.9186053582186601,0.9186053582186601,,,,0.01,8,2,False,False
260,regular,psi,"[1, 2]","{1: 'equivocate', 2: 'coherent_flip'}",1,1,0,[1],1,1,"[1, 1, 0, 1, 0, 1, 1, 0, 1, 0]","[1, 0, 0, 1, 1, 0, 1, 0]","[0, 0, 0, 1, 1, 0, 1, 0]",1,1,0,0,0,1,0,0,0.31148575576961224,0.46241866537822357,,,,0.01,8,2,False,False
261,regular,psi,"[4, 7]","{4: 'equivocate', 7: 'coherent_flip'}",1,1,0,[4],1,1,"[0, 1, 0, 1, 1, 0, 1, 0, 0, 0]","[0, 1, 1, 1, 1, 0, 1, 0]","[0, 1, 1, 0, 1, 0, 1, 0]",0,0,1,1,0,1,0,0,0.3114858218942951,0.3074902145503926,,,,0.01,8,2,False,False
262,regular,psi,"[3, 7]","{7: 'coherent_flip', 3: 'equivocate'}",1,1,0,[3],1,1,"[0, 1, 1, 0, 0, 0, 1, 0, 0, 1]","[1, 0, 1, 0, 1, 0, 1, 1]","[1, 0, 0, 0, 1, 0, 1, 1]",0,0,0,0,0,1,1,0,0.9186053195153672,0.3074901944187973,,,,0.01,8,2,False,False
263,regular,psi,"[2, 4]","{2: 'coherent_flip', 4: 'equivocate'}",1,1,0,[4],1,1,"[1, 0, 0, 0, 1, 0, 0, 1, 0, 0]","[0, 1, 1, 1, 0, 1, 0, 0]","[0, 1, 1, 0, 0, 1, 0, 0]",1,0,1,0,0,0,1,0,0.9186053311421751,0.4624187259704212,,,,0.01,8,2,False,False
264,verification,verification,"[4, 6]","{4: 'coherent_flip', 6: 'equivocate'}",1,1,0,[6],1,1,"[1, 0, 0, 1, 0, 1, 1, 1, 0, 1]","[0, 1, 0, 0, 1, 0, 0, 1]","[0, 1, 0, 0, 1, 1, 0, 1]",0,0,0,0,1,0,1,0,,,Psi+,False,0.026165407891294203,0.01,8,2,False,False
265,regular,psi,"[2, 4]","{4: 'withhold', 2: 'withhold'}",0,0,2,"[2, 4]",2,0,"[1, 1, 1, 0, 0, 0, 1, 1, 0, 0]","[1, 0, 0, 0, 1, 1, 0, 0]","[1, 0, 0, 0, 1, 1, 0, 0]",0,1,0,1,0,1,1,1,0.9186053709941584,0.9186053709941584,,,,0.01,8,2,False,False
266,regular,psi,"[4, 6]","{6: 'withhold', 4: 'withhold'}",0,0,2,"[4, 6]",2,0,"[0, 1, 0, 1, 1, 0, 0, 1, 1, 1]","[0, 1, 1, 0, 0, 1, 1, 1]","[0, 1, 1, 0, 0, 1, 1, 1]",0,0,0,0,0,0,1,1,0.918605316187741,0.918605316187741,,,,0.01,8,2,False,False
267,regular,psi,"[1, 8]","{8: 'equivocate', 1: 'withhold'}",0,1,1,"[1, 8]",2,0,"[1, 1, 1, 1, 1, 1, 1, 1, 0, 0]","[1, 1, 1, 1, 1, 1, 0, 1]","[1, 1, 1, 1, 1, 1, 0, 0]",0,0,1,0,0,0,0,1,0.46241869931693386,0.9186052993902135,,,,0.01,8,2,False,False
268,verification,verification,"[2, 5]","{5: 'withhold', 2: 'withhold'}",0,0,2,"[2, 5]",2,0,"[0, 0, 0, 0, 0, 0, 0, 0, 1, 0]","[0, 0, 0, 0, 0, 0, 1, 0]","[0, 0, 0, 0, 0, 0, 1, 0]",0,1,0,1,0,1,1,1,,,Phi+,True,0.9215037799329693,0.01,8,2,False,False
269,regular,psi,"[1, 6]","{1: 'coherent_flip', 6: 'withhold'}",1,0,1,[6],1,1,"[0, 1, 0, 1, 0, 1, 0, 0, 1, 1]","[1, 1, 0, 1, 0, 0, 1, 1]","[1, 1, 0, 1, 0, 0, 1, 1]",0,1,0,0,0,0,0,0,0.30749023272590625,0.30749023272590625,,,,0.01,8,2,False,False
270,regular,psi,"[7, 8]","{7: 'equivocate', 8: 'coherent_flip'}",1,1,0,[7],1,1,"[1, 1, 1, 1, 0, 0, 0, 1, 1, 1]","[1, 1, 0, 0, 0, 1, 0, 0]","[1, 1, 0, 0, 0, 1, 1, 0]",0,1,1,0,1,1,0,0,0.311485737270255,0.4624187487955806,,,,0.01,8,2,False,False
271,regular,psi,"[3, 6]","{3: 'coherent_flip', 6: 'equivocate'}",1,1,0,[6],1,1,"[1, 0, 0, 0, 1, 1, 0, 1, 0, 0]","[0, 0, 0, 1, 0, 0, 0, 0]","[0, 0, 0, 1, 0, 1, 0, 0]",0,0,1,1,0,1,0,0,0.3114857492495739,0.30749017146983887,,,,0.01,8,2,False,False
272,verification,verification,"[4, 5]","{4: 'equivocate', 5: 'coherent_flip'}",1,1,0,[4],1,1,"[1, 1, 0, 1, 0, 0, 1, 1, 0, 1]","[0, 1, 0, 1, 0, 1, 0, 1]","[0, 1, 0, 0, 0, 1, 0, 1]",0,0,1,1,0,1,0,0,,,Phi-,False,0.02616541165606418,0.01,8,2,False,False
273,regular,psi,"[1, 2]","{1: 'withhold', 2: 'coherent_flip'}",1,0,1,[1],1,1,"[1, 0, 0, 0, 0, 0, 1, 0, 0, 0]","[0, 1, 0, 0, 1, 0, 0, 0]","[0, 1, 0, 0, 1, 0, 0, 0]",0,0,1,0,1,0,0,0,0.4624187154627508,0.4624187154627508,,,,0.01,8,2,False,False
274,verification,verification,"[2, 4]","{4: 'equivocate', 2: 'withhold'}",0,1,1,"[2, 4]",2,0,"[1, 0, 0, 1, 0, 0, 0, 0, 1, 1]","[0, 1, 0, 1, 0, 0, 1, 1]","[0, 1, 0, 0, 0, 0, 1, 1]",0,0,1,0,0,0,0,1,,,Phi+,True,0.9215037799329693,0.01,8,2,False,False
275,regular,psi,"[7, 8]","{7: 'equivocate', 8: 'equivocate'}",0,2,0,"[7, 8]",2,0,"[1, 1, 0, 1, 0, 1, 0, 1, 0, 1]","[0, 1, 0, 1, 0, 1, 1, 0]","[0, 1, 0, 1, 0, 1, 0, 1]",1,1,0,0,1,1,0,1,0.31148573395792883,0.9186053709941584,,,,0.01,8,2,False,False
276,regular,psi,"[2, 8]","{2: 'coherent_flip', 8: 'withhold'}",1,0,1,[8],1,1,"[1, 1, 1, 0, 0, 0, 0, 1, 0, 0]","[1, 1, 0, 0, 0, 1, 0, 0]","[1, 1, 0, 0, 0, 1, 0, 0]",0,0,1,0,1,0,0,0,0.46241870986357453,0.46241870986357453,,,,0.01,8,2,False,False
277,regular,plus,"[5, 6]","{5: 'withhold', 6: 'coherent_flip'}",1,0,1,[5],1,1,"[0, 0, 0, 0, 1, 1, 0, 0, 1, 1]","[0, 0, 1, 1, 0, 1, 1, 1]","[0, 0, 1, 1, 0, 1, 1, 1]",0,0,1,0,1,0,0,0,0.9521910846233366,0.9521910846233366,,,,0.01,8,2,True,False
278,regular,psi,"[2, 5]","{2: 'withhold', 5: 'coherent_flip'}",1,0,1,[2],1,1,"[0, 1, 0, 1, 0, 1, 0, 0, 0, 0]","[0, 1, 0, 1, 1, 0, 0, 0]","[0, 1, 0, 1, 1, 0, 0, 0]",1,0,1,1,1,1,0,0,0.307490244352715,0.307490244352715,,,,0.01,8,2,False,False
279,regular,psi,"[2, 4]","{4: 'withhold', 2: 'withhold'}",0,0,2,"[2, 4]",2,0,"[0, 1, 1, 1, 1, 0, 1, 1, 1, 1]","[1, 1, 1, 0, 1, 1, 1, 1]","[1, 1, 1, 0, 1, 1, 1, 1]",0,0,0,0,0,0,1,1,0.9186052993902136,0.9186052993902136,,,,0.01,8,2,False,False
280,regular,psi,"[2, 5]","{2: 'coherent_flip', 5: 'coherent_flip'}",2,0,0,[],0,2,"[1, 0, 0, 0, 1, 0, 0, 1, 0, 1]","[0, 1, 1, 0, 1, 1, 0, 1]","[0, 1, 1, 0, 1, 1, 0, 1]",0,0,1,1,1,1,0,0,0.3114857600954144,0.3114857600954144,,,,0.01,8,2,False,False
281,regular,psi,"[1, 3]","{1: 'coherent_flip', 3: 'coherent_flip'}",2,0,0,[],0,2,"[1, 0, 1, 0, 1, 1, 0, 1, 0, 1]","[0, 0, 0, 1, 0, 1, 0, 1]","[0, 0, 0, 1, 0, 1, 0, 1]",1,1,1,1,1,1,1,1,0.9186053394413579,0.9186053394413579,,,,0.01,8,2,False,False
282,regular,psi,"[3, 4]","{4: 'withhold', 3: 'withhold'}",0,0,2,"[3, 4]",2,0,"[1, 1, 0, 0, 0, 0, 1, 1, 0, 0]","[0, 0, 0, 0, 1, 1, 0, 0]","[0, 0, 0, 0, 1, 1, 0, 0]",0,0,0,0,0,0,1,1,0.9186053105885652,0.9186053105885652,,,,0.01,8,2,False,False
283,verification,verification,"[6, 7]","{6: 'withhold', 7: 'equivocate'}",0,1,1,"[6, 7]",2,0,"[1, 0, 0, 0, 1, 0, 0, 0, 1, 1]","[0, 0, 1, 0, 0, 0, 0, 1]","[0, 0, 1, 0, 0, 0, 1, 1]",1,1,1,0,1,1,0,1,,,Phi+,True,0.9215037948341309,0.01,8,2,False,False
284,regular,psi,"[2, 3]","{2: 'equivocate', 3: 'withhold'}",0,1,1,"[2, 3]",2,0,"[1, 0, 0, 0, 0, 1, 0, 0, 1, 0]","[0, 1, 0, 1, 0, 0, 1, 0]","[0, 0, 0, 1, 0, 0, 1, 0]",1,0,0,0,1,0,0,1,0.4624186972024328,0.9186053593673498,,,,0.01,8,2,False,False
285,regular,psi,"[2, 8]","{2: 'withhold', 8: 'equivocate'}",0,1,1,"[2, 8]",2,0,"[1, 1, 1, 0, 1, 0, 1, 1, 0, 0]","[1, 0, 1, 0, 1, 1, 0, 1]","[1, 0, 1, 0, 1, 1, 0, 0]",0,0,1,0,0,0,0,1,0.4624187098635745,0.9186053694170129,,,,0.01,8,2,False,False
286,verification,verification,"[5, 6]","{5: 'withhold', 6: 'withhold'}",0,0,2,"[5, 6]",2,0,"[1, 0, 0, 1, 0, 1, 0, 1, 1, 1]","[0, 1, 0, 1, 0, 1, 1, 1]","[0, 1, 0, 1, 0, 1, 1, 1]",0,0,0,0,0,0,1,1,,,Phi+,True,0.9215037948341309,0.01,8,2,False,False
287,regular,psi,"[6, 8]","{8: 'withhold', 6: 'coherent_flip'}",1,0,1,[8],1,1,"[0, 0, 0, 0, 1, 0, 0, 1, 0, 1]","[0, 0, 1, 0, 0, 0, 0, 1]","[0, 0, 1, 0, 0, 0, 0, 1]",0,1,1,1,1,1,0,0,0.46241864488179335,0.46241864488179335,,,,0.01,8,2,False,False
288,verification,verification,"[3, 6]","{3: 'equivocate', 6: 'equivocate'}",0,2,0,"[3, 6]",2,0,"[1, 0, 1, 0, 0, 1, 0, 1, 0, 0]","[1, 0, 1, 1, 0, 0, 0, 0]","[1, 0, 0, 1, 0, 1, 0, 0]",0,0,1,1,0,0,0,1,,,Phi+,True,0.9215038097352926,0.01,8,2,False,False
289,regular,psi,"[1, 6]","{1: 'withhold', 6: 'withhold'}",0,0,2,"[1, 6]",2,0,"[1, 0, 1, 1, 1, 0, 0, 0, 1, 0]","[1, 1, 1, 0, 0, 0, 1, 0]","[1, 1, 1, 0, 0, 0, 1, 0]",1,0,1,0,1,0,1,1,0.9186053582186602,0.9186053582186602,,,,0.01,8,2,False,False
290,regular,psi,"[2, 4]","{2: 'equivocate', 4: 'coherent_flip'}",1,1,0,[2],1,1,"[1, 1, 1, 1, 0, 0, 0, 1, 0, 1]","[1, 0, 0, 1, 0, 1, 0, 1]","[1, 1, 0, 1, 0, 1, 0, 1]",0,0,0,0,1,0,1,0,0.9186053255429996,0.46241873156959695,,,,0.01,8,2,False,False
291,regular,psi,"[1, 8]","{1: 'withhold', 8: 'coherent_flip'}",1,0,1,[1],1,1,"[0, 0, 0, 0, 0, 1, 1, 0, 0, 0]","[0, 0, 0, 1, 1, 0, 0, 1]","[0, 0, 0, 1, 1, 0, 0, 1]",1,1,0,1,0,1,0,0,0.4624186623220065,0.4624186623220065,,,,0.01,8,2,False,False
292,regular,psi,"[2, 5]","{5: 'coherent_flip', 2: 'equivocate'}",1,1,0,[2],1,1,"[1, 0, 0, 0, 1, 0, 1, 0, 0, 0]","[0, 1, 1, 0, 0, 0, 0, 0]","[0, 0, 1, 0, 0, 0, 0, 0]",0,1,1,0,0,0,0,0,0.3114857586534804,0.3074901961321386,,,,0.01,8,2,False,False
293,regular,psi,"[5, 8]","{5: 'equivocate', 8: 'coherent_flip'}",1,1,0,[5],1,1,"[1, 1, 0, 1, 1, 0, 1, 1, 0, 1]","[0, 1, 1, 0, 0, 1, 0, 0]","[0, 1, 1, 0, 1, 1, 0, 0]",0,1,1,0,1,1,0,0,0.3114857542820104,0.4624187317838253,,,,0.01,8,2,False,False
294,regular,psi,"[1, 5]","{5: 'coherent_flip', 1: 'equivocate'}",1,1,0,[1],1,1,"[1, 0, 0, 0, 1, 0, 1, 0, 1, 0]","[1, 0, 1, 0, 0, 0, 1, 0]","[0, 0, 1, 0, 0, 0, 1, 0]",0,0,0,0,0,1,1,0,0.918605307888559,0.3074902060456054,,,,0.01,8,2,False,False
295,regular,psi,"[7, 8]","{7: 'withhold', 8: 'coherent_flip'}",1,0,1,[7],1,1,"[1, 1, 1, 1, 0, 1, 0, 0, 1, 0]","[1, 1, 0, 1, 0, 0, 1, 1]","[1, 1, 0, 1, 0, 0, 1, 1]",1,1,0,1,0,1,0,0,0.4624187200275935,0.4624187200275935,,,,0.01,8,2,False,False
296,regular,psi,"[2, 4]","{4: 'equivocate', 2: 'coherent_flip'}",1,1,0,[4],1,1,"[1, 1, 0, 1, 0, 0, 0, 1, 1, 1]","[0, 0, 0, 1, 0, 1, 1, 1]","[0, 0, 0, 0, 0, 1, 1, 1]",0,0,0,0,1,0,1,0,0.9186053826209672,0.46241872045605026,,,,0.01,8,2,False,False
297,regular,psi,"[3, 5]","{5: 'equivocate', 3: 'coherent_flip'}",1,1,0,[5],1,1,"[1, 1, 1, 0, 1, 0, 1, 1, 0, 0]","[1, 0, 0, 0, 0, 1, 0, 0]","[1, 0, 0, 0, 1, 1, 0, 0]",0,0,0,0,0,1,1,0,0.9186053694170129,0.30749017146983887,,,,0.01,8,2,False,False
298,verification,verification,"[4, 8]","{8: 'withhold', 4: 'withhold'}",0,0,2,"[4, 8]",2,0,"[1, 1, 0, 1, 1, 0, 0, 0, 0, 0]","[0, 1, 1, 0, 0, 0, 0, 0]","[0, 1, 1, 0, 0, 0, 0, 0]",0,0,0,0,0,0,1,1,,,Phi+,True,0.9215037948341309,0.01,8,2,False,False
299,regular,psi,"[1, 2]","{1: 'withhold', 2: 'equivocate'}",0,1,1,"[1, 2]",2,0,"[1, 1, 0, 1, 1, 1, 0, 0, 1, 1]","[0, 0, 1, 1, 0, 0, 1, 1]","[0, 1, 1, 1, 0, 0, 1, 1]",0,1,1,1,0,1,0,1,0.4624187088292415,0.9186053709941584,,,,0.01,8,2,False,False
300,regular,psi,"[4, 7]","{4: 'coherent_flip', 7: 'equivocate'}",1,1,0,[7],1,1,"[1, 1, 1, 1, 0, 1, 1, 0, 0, 0]","[1, 1, 0, 0, 1, 0, 1, 0]","[1, 1, 0, 0, 1, 0, 0, 0]",1,1,0,0,0,1,0,0,0.31148571716040085,0.46241872562676944,,,,0.01,8,2,False,False
301,regular,psi,"[3, 6]","{3: 'equivocate', 6: 'coherent_flip'}",1,1,0,[3],1,1,"[1, 1, 0, 0, 0, 0, 0, 0, 1, 0]","[0, 0, 1, 0, 0, 1, 1, 0]","[0, 0, 0, 0, 0, 1, 1, 0]",1,0,0,1,0,0,0,0,0.31148575721154637,0.46241868557562393,,,,0.01,8,2,False,False
302,regular,psi,"[5, 7]","{5: 'coherent_flip', 7: 'coherent_flip'}",2,0,0,[],0,2,"[0, 1, 1, 1, 0, 0, 1, 1, 0, 0]","[1, 1, 0, 0, 0, 1, 1, 0]","[1, 1, 0, 0, 0, 1, 1, 0]",1,0,1,0,1,0,1,1,0.9186052662602643,0.9186052662602643,,,,0.01,8,2,False,False
303,regular,psi,"[4, 7]","{4: 'equivocate', 7: 'equivocate'}",0,2,0,"[4, 7]",2,0,"[1, 0, 1, 0, 0, 0, 1, 0, 1, 0]","[1, 0, 0, 1, 1, 0, 0, 0]","[1, 0, 0, 0, 1, 0, 1, 0]",0,0,1,1,0,0,0,1,0.31148578334903054,0.918605307888559,,,,0.01,8,2,False,False
304,verification,verification,"[2, 4]","{4: 'equivocate', 2: 'withhold'}",0,1,1,"[2, 4]",2,0,"[0, 1, 0, 1, 1, 0, 1, 1, 1, 1]","[0, 1, 1, 1, 1, 1, 1, 1]","[0, 1, 1, 0, 1, 1, 1, 1]",0,1,1,1,0,1,0,1,,,Phi+,True,0.9215037948341309,0.01,8,2,False,False
305,regular,psi,"[4, 8]","{4: 'equivocate', 8: 'withhold'}",0,1,1,"[4, 8]",2,0,"[0, 1, 0, 0, 1, 1, 0, 1, 0, 1]","[0, 0, 1, 0, 0, 1, 0, 1]","[0, 0, 1, 1, 0, 1, 0, 1]",0,1,1,1,0,1,0,1,0.46241865926578957,0.9186052929341241,,,,0.01,8,2,False,False
306,regular,psi,"[2, 7]","{7: 'coherent_flip', 2: 'coherent_flip'}",2,0,0,[],0,2,"[0, 1, 1, 0, 0, 0, 0, 1, 0, 1]","[1, 1, 0, 0, 0, 1, 1, 1]","[1, 1, 0, 0, 0, 1, 1, 1]",1,1,0,0,0,0,0,0,0.31148578623289674,0.31148578623289674,,,,0.01,8,2,False,False
307,verification,verification,"[7, 8]","{8: 'coherent_flip', 7: 'withhold'}",1,0,1,[7],1,1,"[0, 0, 0, 0, 1, 0, 1, 0, 1, 0]","[0, 0, 1, 0, 1, 0, 1, 1]","[0, 0, 1, 0, 1, 0, 1, 1]",0,1,1,1,1,1,0,0,,,Psi+,False,0.026165407816788465,0.01,8,2,False,False
308,regular,psi,"[1, 4]","{4: 'equivocate', 1: 'equivocate'}",0,2,0,"[1, 4]",2,0,"[1, 1, 1, 0, 1, 1, 1, 0, 1, 0]","[0, 0, 1, 0, 1, 0, 1, 0]","[1, 0, 1, 1, 1, 0, 1, 0]",0,1,1,0,0,1,0,1,0.3114857586534804,0.9186053394413579,,,,0.01,8,2,False,False
309,regular,psi,"[3, 7]","{7: 'equivocate', 3: 'equivocate'}",0,2,0,"[3, 7]",2,0,"[0, 1, 1, 0, 1, 0, 1, 0, 1, 0]","[1, 0, 0, 0, 1, 0, 0, 0]","[1, 0, 1, 0, 1, 0, 1, 0]",1,0,1,0,1,0,1,1,0.9186053477405408,0.9186053477405408,,,,0.01,8,2,False,False
310,verification,verification,"[6, 7]","{7: 'withhold', 6: 'equivocate'}",0,1,1,"[6, 7]",2,0,"[0, 0, 1, 0, 0, 1, 1, 0, 0, 1]","[1, 0, 0, 1, 1, 1, 0, 1]","[1, 0, 0, 1, 1, 0, 0, 1]",0,0,1,0,0,0,0,1,,,Phi+,True,0.9215037799329693,0.01,8,2,False,False
311,regular,psi,"[1, 5]","{1: 'withhold', 5: 'coherent_flip'}",1,0,1,[1],1,1,"[0, 1, 1, 1, 1, 0, 1, 1, 1, 0]","[1, 1, 1, 0, 0, 1, 1, 0]","[1, 1, 1, 0, 0, 1, 1, 0]",1,0,1,1,1,1,0,0,0.307490236183283,0.307490236183283,,,,0.01,8,2,False,False
312,regular,psi,"[7, 8]","{8: 'equivocate', 7: 'withhold'}",0,1,1,"[7, 8]",2,0,"[1, 1, 1, 1, 0, 0, 1, 0, 0, 0]","[1, 1, 0, 0, 1, 0, 0, 1]","[1, 1, 0, 0, 1, 0, 0, 0]",0,1,1,1,0,1,0,1,0.4624187169713749,0.9186053282430062,,,,0.01,8,2,False,False
313,regular,psi,"[6, 7]","{6: 'coherent_flip', 7: 'withhold'}",1,0,1,[7],1,1,"[1, 0, 0, 0, 1, 0, 0, 0, 1, 1]","[0, 0, 1, 0, 0, 1, 1, 1]","[0, 0, 1, 0, 0, 1, 1, 1]",1,1,0,1,0,1,0,0,0.46241870577302324,0.46241870577302324,,,,0.01,8,2,False,False
314,regular,psi,"[6, 7]","{6: 'equivocate', 7: 'equivocate'}",0,2,0,"[6, 7]",2,0,"[0, 1, 0, 0, 1, 0, 1, 1, 0, 0]","[0, 0, 1, 0, 1, 0, 1, 0]","[0, 0, 1, 0, 1, 1, 0, 0]",0,0,1,1,0,0,0,1,0.3114858218942951,0.9186052830577923,,,,0.01,8,2,False,False
315,regular,psi,"[3, 6]","{3: 'equivocate', 6: 'coherent_flip'}",1,1,0,[3],1,1,"[1, 1, 0, 1, 0, 0, 1, 0, 0, 0]","[0, 1, 1, 0, 1, 1, 0, 0]","[0, 1, 0, 0, 1, 1, 0, 0]",0,0,1,1,1,0,0,0,0.3114857492495739,0.46241870986357453,,,,0.01,8,2,False,False
316,regular,psi,"[5, 8]","{5: 'withhold', 8: 'withhold'}",0,0,2,"[5, 8]",2,0,"[1, 1, 1, 0, 0, 1, 1, 0, 1, 1]","[1, 0, 0, 1, 1, 0, 1, 1]","[1, 0, 0, 1, 1, 0, 1, 1]",1,0,1,0,1,0,1,1,0.9186053078885591,0.9186053078885591,,,,0.01,8,2,False,False
317,regular,zero,"[1, 4]","{4: 'equivocate', 1: 'equivocate'}",0,2,0,"[1, 4]",2,0,"[1, 0, 0, 0, 0, 0, 1, 0, 1, 1]","[1, 0, 0, 1, 1, 0, 1, 1]","[0, 0, 0, 0, 1, 0, 1, 1]",1,1,0,0,1,1,0,1,0.04780893099023299,0.952191069009767,,,,0.01,8,2,True,False
318,regular,psi,"[2, 5]","{5: 'equivocate', 2: 'equivocate'}",0,2,0,"[2, 5]",2,0,"[0, 0, 0, 0, 1, 1, 0, 1, 0, 0]","[0, 1, 1, 1, 1, 1, 0, 0]","[0, 0, 1, 1, 0, 1, 0, 0]",0,1,1,0,0,1,0,1,0.31148578046516384,0.9186053244869234,,,,0.01,8,2,False,False
319,regular,psi,"[4, 7]","{4: 'equivocate', 7: 'coherent_flip'}",1,1,0,[4],1,1,"[1, 1, 1, 0, 0, 0, 1, 0, 0, 1]","[1, 0, 0, 1, 1, 0, 1, 1]","[1, 0, 0, 0, 1, 0, 1, 1]",0,1,1,0,0,0,0,0,0.31148573395792883,0.3074901862186712,,,,0.01,8,2,False,False
320,regular,psi,"[6, 7]","{7: 'withhold', 6: 'withhold'}",0,0,2,"[6, 7]",2,0,"[1, 1, 0, 1, 1, 1, 1, 1, 0, 0]","[0, 1, 1, 1, 1, 1, 0, 0]","[0, 1, 1, 1, 1, 1, 0, 0]",0,1,0,1,0,1,1,1,0.9186053709941584,0.9186053709941584,,,,0.01,8,2,False,False
321,regular,psi,"[4, 5]","{4: 'coherent_flip', 5: 'coherent_flip'}",2,0,0,[],0,2,"[1, 0, 1, 1, 1, 0, 1, 1, 0, 1]","[1, 1, 1, 1, 0, 1, 0, 1]","[1, 1, 1, 1, 0, 1, 0, 1]",1,0,0,1,0,1,0,0,0.3114857380512212,0.3114857380512212,,,,0.01,8,2,False,False
322,regular,psi,"[3, 4]","{3: 'coherent_flip', 4: 'equivocate'}",1,1,0,[4],1,1,"[1, 1, 1, 0, 1, 0, 1, 1, 0, 1]","[1, 0, 0, 1, 1, 1, 0, 1]","[1, 0, 0, 0, 1, 1, 0, 1]",1,0,0,1,1,1,0,0,0.31148574924957395,0.30749017146983887,,,,0.01,8,2,False,False
323,regular,psi,"[2, 6]","{6: 'withhold', 2: 'equivocate'}",0,1,1,"[2, 6]",2,0,"[1, 1, 1, 1, 0, 1, 0, 0, 0, 1]","[1, 0, 0, 1, 0, 0, 0, 1]","[1, 1, 0, 1, 0, 0, 0, 1]",0,0,1,0,0,0,0,1,0.4624187154627508,0.9186053638178365,,,,0.01,8,2,False,False
324,regular,psi,"[2, 5]","{2: 'equivocate', 5: 'withhold'}",0,1,1,"[2, 5]",2,0,"[0, 1, 0, 0, 0, 1, 0, 1, 1, 1]","[0, 1, 0, 1, 0, 1, 1, 1]","[0, 0, 0, 1, 0, 1, 1, 1]",0,1,1,1,0,1,0,1,0.4624186931586609,0.918605293107451,,,,0.01,8,2,False,False
325,regular,psi,"[2, 5]","{5: 'withhold', 2: 'equivocate'}",0,1,1,"[2, 5]",2,0,"[1, 1, 1, 1, 1, 1, 1, 0, 1, 1]","[1, 0, 1, 1, 1, 0, 1, 1]","[1, 1, 1, 1, 1, 0, 1, 1]",0,1,1,1,0,1,0,1,0.4624187109437423,0.918605311017022,,,,0.01,8,2,False,False
326,regular,psi,"[6, 7]","{6: 'withhold', 7: 'equivocate'}",0,1,1,"[6, 7]",2,0,"[1, 1, 0, 1, 0, 0, 1, 0, 1, 0]","[0, 1, 0, 0, 1, 0, 0, 0]","[0, 1, 0, 0, 1, 0, 1, 0]",0,1,0,0,0,1,0,1,0.3074901862186712,0.9186053709941584,,,,0.01,8,2,False,False
327,regular,psi,"[1, 6]","{6: 'equivocate', 1: 'coherent_flip'}",1,1,0,[6],1,1,"[1, 0, 1, 0, 0, 1, 0, 1, 0, 1]","[0, 0, 0, 1, 0, 0, 0, 1]","[0, 0, 0, 1, 0, 1, 0, 1]",1,0,0,1,1,1,0,0,0.31148574924957395,0.3074901714698389,,,,0.01,8,2,False,False
328,regular,psi,"[2, 8]","{8: 'coherent_flip', 2: 'equivocate'}",1,1,0,[2],1,1,"[0, 1, 0, 0, 0, 1, 1, 1, 1, 0]","[0, 1, 0, 1, 1, 1, 1, 1]","[0, 0, 0, 1, 1, 1, 1, 1]",1,0,1,0,0,0,1,0,0.9186052714309835,0.46241866887071137,,,,0.01,8,2,False,False
329,regular,psi,"[2, 5]","{2: 'equivocate', 5: 'equivocate'}",0,2,0,"[2, 5]",2,0,"[1, 0, 0, 1, 0, 0, 1, 0, 1, 0]","[0, 0, 0, 0, 0, 0, 1, 0]","[0, 1, 0, 0, 1, 0, 1, 0]",1,1,0,0,1,1,0,1,0.31148577028028884,0.9186053278145495,,,,0.01,8,2,False,False
330,regular,psi,"[5, 7]","{7: 'equivocate', 5: 'equivocate'}",0,2,0,"[5, 7]",2,0,"[0, 0, 0, 1, 1, 0, 0, 1, 1, 0]","[0, 1, 1, 0, 1, 1, 0, 0]","[0, 1, 1, 0, 0, 1, 1, 0]",0,0,0,0,0,0,1,1,0.9186052846349431,0.9186052846349431,,,,0.01,8,2,False,False
331,regular,plus,"[4, 5]","{4: 'withhold', 5: 'coherent_flip'}",1,0,1,[4],1,1,"[1, 1, 0, 1, 1, 1, 1, 0, 1, 0]","[0, 1, 1, 1, 0, 0, 1, 0]","[0, 1, 1, 1, 0, 0, 1, 0]",1,0,1,1,1,1,0,0,0.047808915376663215,0.047808915376663215,,,,0.01,8,2,True,True
332,regular,psi,"[2, 6]","{2: 'coherent_flip', 6: 'withhold'}",1,0,1,[6],1,1,"[1, 0, 0, 1, 1, 1, 1, 1, 0, 0]","[0, 0, 1, 1, 1, 1, 0, 0]","[0, 0, 1, 1, 1, 1, 0, 0]",1,1,0,1,0,1,0,0,0.4624187317838253,0.4624187317838253,,,,0.01,8,2,False,False
333,regular,psi,"[3, 6]","{3: 'withhold', 6: 'withhold'}",0,0,2,"[3, 6]",2,0,"[0, 1, 0, 1, 1, 1, 1, 0, 0, 1]","[0, 1, 1, 1, 1, 0, 0, 1]","[0, 1, 1, 1, 1, 0, 0, 1]",0,0,0,0,0,0,1,1,0.9186053128601146,0.9186053128601146,,,,0.01,8,2,False,False
334,regular,psi,"[7, 8]","{7: 'coherent_flip', 8: 'coherent_flip'}",2,0,0,[],0,2,"[0, 1, 0, 1, 1, 1, 1, 1, 1, 0]","[0, 1, 1, 1, 1, 1, 0, 1]","[0, 1, 1, 1, 1, 1, 0, 1]",0,1,1,0,1,0,0,0,0.3114857804651639,0.3114857804651639,,,,0.01,8,2,False,False
335,regular,psi,"[2, 6]","{2: 'coherent_flip', 6: 'withhold'}",1,0,1,[6],1,1,"[0, 0, 1, 0, 0, 0, 1, 0, 1, 0]","[1, 1, 0, 0, 1, 0, 1, 0]","[1, 1, 0, 0, 1, 0, 1, 0]",0,1,1,1,1,1,0,0,0.46241870473869057,0.46241870473869057,,,,0.01,8,2,False,False
336,regular,psi,"[5, 7]","{5: 'equivocate', 7: 'equivocate'}",0,2,0,"[5, 7]",2,0,"[0, 1, 0, 0, 1, 1, 1, 1, 1, 0]","[0, 0, 1, 1, 0, 1, 0, 0]","[0, 0, 1, 1, 1, 1, 1, 0]",1,1,1,1,1,1,1,1,0.9186052931074509,0.9186052931074509,,,,0.01,8,2,False,False
337,regular,psi,"[2, 7]","{2: 'coherent_flip', 7: 'withhold'}",1,0,1,[7],1,1,"[0, 1, 1, 1, 1, 1, 1, 0, 0, 1]","[1, 0, 1, 1, 1, 0, 0, 1]","[1, 0, 1, 1, 1, 0, 0, 1]",0,1,1,1,1,1,0,0,0.4624187084007847,0.4624187084007847,,,,0.01,8,2,False,False
338,regular,psi,"[2, 8]","{8: 'withhold', 2: 'coherent_flip'}",1,0,1,[8],1,1,"[1, 1, 0, 0, 0, 0, 0, 1, 0, 1]","[0, 1, 0, 0, 0, 1, 0, 1]","[0, 1, 0, 0, 0, 1, 0, 1]",1,1,0,1,0,1,0,0,0.46241870577302324,0.46241870577302324,,,,0.01,8,2,False,False
339,regular,psi,"[3, 5]","{5: 'coherent_flip', 3: 'withhold'}",1,0,1,[3],1,1,"[1, 0, 1, 0, 1, 1, 1, 1, 0, 0]","[1, 0, 1, 1, 0, 1, 0, 0]","[1, 0, 1, 1, 0, 1, 0, 0]",0,0,0,1,0,1,0,0,0.3074902193857555,0.3074902193857555,,,,0.01,8,2,False,False
340,regular,psi,"[6, 7]","{7: 'equivocate', 6: 'coherent_flip'}",1,1,0,[7],1,1,"[0, 0, 1, 0, 1, 0, 0, 1, 1, 1]","[1, 0, 1, 0, 0, 0, 0, 1]","[1, 0, 1, 0, 0, 0, 1, 1]",0,1,1,0,1,1,0,0,0.3114857484686063,0.4624187375972292,,,,0.01,8,2,False,False
341,regular,psi,"[1, 2]","{2: 'withhold', 1: 'coherent_flip'}",1,0,1,[2],1,1,"[0, 1, 0, 0, 0, 1, 0, 0, 1, 1]","[1, 0, 0, 1, 0, 0, 1, 1]","[1, 0, 0, 1, 0, 0, 1, 1]",1,1,1,0,1,0,0,0,0.3074901864614113,0.3074901864614113,,,,0.01,8,2,False,False
342,regular,psi,"[3, 5]","{3: 'coherent_flip', 5: 'equivocate'}",1,1,0,[5],1,1,"[1, 1, 0, 0, 1, 1, 0, 0, 0, 1]","[0, 0, 0, 1, 1, 0, 0, 1]","[0, 0, 0, 1, 0, 0, 0, 1]",1,0,1,0,1,1,1,0,0.918605307888559,0.30749020604560534,,,,0.01,8,2,False,False
343,regular,plus,"[3, 6]","{6: 'equivocate', 3: 'coherent_flip'}",1,1,0,[6],1,1,"[1, 1, 1, 0, 1, 1, 0, 1, 1, 1]","[1, 0, 0, 1, 0, 0, 1, 1]","[1, 0, 0, 1, 0, 1, 1, 1]",0,0,1,1,0,1,0,0,0.047808915376663215,0.047808915376663215,,,,0.01,8,2,True,True
344,regular,psi,"[1, 3]","{1: 'equivocate', 3: 'coherent_flip'}",1,1,0,[1],1,1,"[1, 0, 1, 1, 1, 1, 1, 0, 0, 1]","[0, 1, 0, 1, 1, 0, 0, 1]","[1, 1, 0, 1, 1, 0, 0, 1]",1,0,1,0,1,1,1,0,0.9186052966902076,0.3074902172439567,,,,0.01,8,2,False,False
345,regular,psi,"[7, 8]","{8: 'withhold', 7: 'equivocate'}",0,1,1,"[7, 8]",2,0,"[1, 0, 0, 0, 0, 1, 0, 1, 1, 1]","[0, 0, 0, 1, 0, 1, 0, 1]","[0, 0, 0, 1, 0, 1, 1, 1]",1,0,1,1,1,0,0,1,0.30749017146983887,0.9186053694170129,,,,0.01,8,2,False,False
346,regular,psi,"[2, 8]","{2: 'withhold', 8: 'equivocate'}",0,1,1,"[2, 8]",2,0,"[1, 0, 1, 0, 0, 0, 0, 0, 0, 0]","[1, 0, 0, 0, 0, 0, 0, 1]","[1, 0, 0, 0, 0, 0, 0, 0]",0,0,1,0,0,0,0,1,0.4624187027168051,0.9186053078885591,,,,0.01,8,2,False,False
347,regular,psi,"[6, 8]","{6: 'withhold', 8: 'coherent_flip'}",1,0,1,[6],1,1,"[0, 0, 0, 1, 0, 0, 0, 1, 1, 1]","[0, 1, 0, 0, 0, 1, 1, 0]","[0, 1, 0, 0, 0, 1, 1, 0]",1,1,0,1,0,1,0,0,0.4624186623220065,0.4624186623220065,,,,0.01,8,2,False,False
348,regular,psi,"[1, 7]","{7: 'coherent_flip', 1: 'withhold'}",1,0,1,[1],1,1,"[1, 1, 0, 1, 0, 1, 1, 1, 0, 1]","[0, 1, 0, 1, 1, 1, 1, 1]","[0, 1, 0, 1, 1, 1, 1, 1]",1,0,1,1,1,1,0,0,0.3074902094722887,0.3074902094722887,,,,0.01,8,2,False,False
349,regular,psi,"[5, 7]","{5: 'withhold', 7: 'withhold'}",0,0,2,"[5, 7]",2,0,"[1, 0, 1, 0, 0, 0, 1, 0, 0, 0]","[1, 0, 0, 0, 1, 0, 0, 0]","[1, 0, 0, 0, 1, 0, 0, 0]",0,1,0,1,0,1,1,1,0.9186053394413579,0.9186053394413579,,,,0.01,8,2,False,False
350,verification,verification,"[5, 7]","{7: 'coherent_flip', 5: 'equivocate'}",1,1,0,[5],1,1,"[0, 1, 1, 1, 1, 0, 0, 1, 1, 0]","[1, 1, 1, 0, 1, 1, 0, 0]","[1, 1, 1, 0, 0, 1, 0, 0]",1,1,1,1,1,0,1,0,,,Phi-,False,0.026165366952579268,0.01,8,2,False,False
351,regular,psi,"[2, 5]","{5: 'equivocate', 2: 'equivocate'}",0,2,0,"[2, 5]",2,0,"[1, 0, 1, 0, 1, 0, 0, 0, 0, 1]","[1, 1, 1, 0, 1, 0, 0, 1]","[1, 0, 1, 0, 0, 0, 0, 1]",1,1,0,0,1,1,0,1,0.3114857484686063,0.9186053427689833,,,,0.01,8,2,False,False
352,regular,psi,"[2, 7]","{7: 'equivocate', 2: 'withhold'}",0,1,1,"[2, 7]",2,0,"[1, 1, 0, 0, 0, 0, 1, 1, 1, 1]","[0, 0, 0, 0, 1, 1, 0, 1]","[0, 0, 0, 0, 1, 1, 1, 1]",1,1,1,0,1,1,0,1,0.3074902189572987,0.9186053166161979,,,,0.01,8,2,False,False
353,regular,psi,"[1, 7]","{1: 'withhold', 7: 'coherent_flip'}",1,0,1,[1],1,1,"[1, 0, 0, 0, 0, 1, 1, 1, 1, 1]","[0, 0, 0, 1, 1, 1, 0, 1]","[0, 0, 0, 1, 1, 1, 0, 1]",1,1,1,0,1,0,0,0,0.30749019784548004,0.30749019784548004,,,,0.01,8,2,False,False
354,regular,psi,"[7, 8]","{8: 'coherent_flip', 7: 'coherent_flip'}",2,0,0,[],0,2,"[0, 1, 1, 0, 0, 0, 0, 0, 1, 1]","[1, 0, 0, 0, 0, 0, 0, 0]","[1, 0, 0, 0, 0, 0, 0, 0]",0,0,1,1,1,1,0,0,0.31148577172222247,0.31148577172222247,,,,0.01,8,2,False,False
355,regular,psi,"[1, 7]","{7: 'equivocate', 1: 'coherent_flip'}",1,1,0,[7],1,1,"[1, 0, 1, 0, 1, 1, 1, 0, 1, 1]","[0, 0, 1, 1, 1, 0, 0, 1]","[0, 0, 1, 1, 1, 0, 1, 1]",0,1,0,1,0,0,1,0,0.9186053278145495,0.30749020775894703,,,,0.01,8,2,False,False
356,regular,psi,"[2, 4]","{2: 'equivocate', 4: 'withhold'}",0,1,1,"[2, 4]",2,0,"[1, 0, 0, 1, 1, 0, 1, 1, 1, 1]","[0, 0, 1, 0, 1, 1, 1, 1]","[0, 1, 1, 0, 1, 1, 1, 1]",1,0,0,0,1,0,0,1,0.4624187098635745,0.9186053694170129,,,,0.01,8,2,False,False
357,regular,psi,"[2, 6]","{2: 'withhold', 6: 'equivocate'}",0,1,1,"[2, 6]",2,0,"[0, 1, 0, 0, 1, 0, 1, 1, 0, 1]","[0, 0, 1, 0, 1, 0, 0, 1]","[0, 0, 1, 0, 1, 1, 0, 1]",1,0,0,0,1,0,0,1,0.4624186804975201,0.9186052830577923,,,,0.01,8,2,False,False
358,verification,verification,"[2, 6]","{6: 'equivocate', 2: 'coherent_flip'}",1,1,0,[6],1,1,"[0, 1, 0, 1, 0, 1, 1, 1, 0, 1]","[0, 0, 0, 1, 1, 0, 0, 1]","[0, 0, 0, 1, 1, 1, 0, 1]",1,1,1,1,0,1,1,0,,,Psi+,False,0.026165407891294203,0.01,8,2,False,False
359,verification,verification,"[1, 8]","{8: 'withhold', 1: 'coherent_flip'}",1,0,1,[8],1,1,"[0, 0, 0, 1, 1, 1, 0, 0, 1, 1]","[1, 1, 1, 1, 0, 0, 1, 1]","[1, 1, 1, 1, 0, 0, 1, 1]",1,0,1,1,1,1,0,0,,,Phi-,False,0.026165381853740906,0.01,8,2,False,False
360,regular,plus,"[2, 6]","{6: 'withhold', 2: 'coherent_flip'}",1,0,1,[6],1,1,"[0, 1, 0, 1, 0, 1, 0, 0, 0, 0]","[0, 0, 0, 1, 0, 0, 0, 0]","[0, 0, 0, 1, 0, 0, 0, 0]",1,0,0,0,0,0,0,0,0.9521910846233366,0.9521910846233366,,,,0.01,8,2,True,False
361,regular,psi,"[1, 7]","{7: 'equivocate', 1: 'coherent_flip'}",1,1,0,[7],1,1,"[1, 0, 1, 1, 1, 1, 1, 1, 0, 1]","[0, 1, 1, 1, 1, 1, 1, 1]","[0, 1, 1, 1, 1, 1, 0, 1]",0,0,0,0,0,1,1,0,0.9186053143446482,0.3074901995895162,,,,0.01,8,2,False,False
362,regular,psi,"[2, 3]","{3: 'withhold', 2: 'equivocate'}",0,1,1,"[2, 3]",2,0,"[0, 0, 1, 0, 1, 1, 0, 0, 0, 0]","[1, 1, 1, 1, 0, 0, 0, 0]","[1, 0, 1, 1, 0, 0, 0, 0]",1,0,0,0,1,0,0,1,0.46241870986357453,0.9186053694170129,,,,0.01,8,2,False,False
363,regular,psi,"[1, 4]","{1: 'coherent_flip', 4: 'equivocate'}",1,1,0,[4],1,1,"[0, 0, 0, 1, 0, 0, 0, 1, 1, 0]","[1, 1, 0, 1, 0, 1, 1, 0]","[1, 1, 0, 0, 0, 1, 1, 0]",0,1,1,0,0,0,0,0,0.31148578046516384,0.30749023272590625,,,,0.01,8,2,False,False
364,regular,psi,"[5, 7]","{5: 'withhold', 7: 'coherent_flip'}",1,0,1,[5],1,1,"[0, 1, 0, 1, 0, 1, 0, 1, 1, 0]","[0, 1, 0, 1, 0, 1, 0, 0]","[0, 1, 0, 1, 0, 1, 0, 0]",0,1,0,0,0,0,0,0,0.30749023272590625,0.30749023272590625,,,,0.01,8,2,False,False
365,regular,zero,"[1, 6]","{1: 'equivocate', 6: 'equivocate'}",0,2,0,"[1, 6]",2,0,"[1, 0, 1, 1, 1, 1, 0, 0, 0, 1]","[0, 1, 1, 1, 0, 1, 0, 1]","[1, 1, 1, 1, 0, 0, 0, 1]",1,1,0,0,1,1,0,1,0.04780893099023299,0.952191069009767,,,,0.01,8,2,True,False
366,verification,verification,"[1, 3]","{1: 'equivocate', 3: 'equivocate'}",0,2,0,"[1, 3]",2,0,"[0, 1, 0, 0, 0, 0, 1, 0, 1, 1]","[1, 0, 1, 0, 1, 0, 1, 1]","[0, 0, 0, 0, 1, 0, 1, 1]",0,0,0,0,0,0,1,1,,,Phi+,True,0.9215037650318076,0.01,8,2,False,False
367,verification,verification,"[4, 7]","{7: 'coherent_flip', 4: 'withhold'}",1,0,1,[4],1,1,"[1, 1, 0, 0, 0, 0, 0, 0, 1, 0]","[0, 0, 0, 0, 0, 0, 0, 0]","[0, 0, 0, 0, 0, 0, 0, 0]",1,0,1,1,1,1,0,0,,,Phi-,False,0.026165396754902544,0.01,8,2,False,False
368,regular,psi,"[5, 7]","{5: 'coherent_flip', 7: 'equivocate'}",1,1,0,[7],1,1,"[1, 1, 1, 1, 1, 0, 1, 0, 1, 0]","[1, 1, 1, 0, 0, 0, 0, 0]","[1, 1, 1, 0, 0, 0, 1, 0]",0,1,0,1,0,0,1,0,0.9186053298201542,0.3074902220793192,,,,0.01,8,2,False,False
369,verification,verification,"[6, 8]","{6: 'withhold', 8: 'withhold'}",0,0,2,"[6, 8]",2,0,"[1, 1, 1, 0, 0, 1, 1, 0, 1, 0]","[1, 0, 0, 1, 1, 0, 1, 0]","[1, 0, 0, 1, 1, 0, 1, 0]",0,0,0,0,0,0,1,1,,,Phi+,True,0.9215037948341309,0.01,8,2,False,False
370,regular,plus,"[1, 8]","{8: 'coherent_flip', 1: 'coherent_flip'}",2,0,0,[],0,2,"[1, 1, 0, 1, 0, 0, 0, 1, 1, 1]","[1, 1, 0, 0, 0, 1, 1, 0]","[1, 1, 0, 0, 0, 1, 1, 0]",0,0,1,1,1,1,0,0,0.047808915376663215,0.047808915376663215,,,,0.01,8,2,True,True
371,regular,psi,"[3, 6]","{6: 'equivocate', 3: 'coherent_flip'}",1,1,0,[6],1,1,"[0, 0, 1, 0, 1, 1, 1, 0, 0, 1]","[1, 0, 0, 1, 1, 1, 0, 1]","[1, 0, 0, 1, 1, 0, 0, 1]",0,1,1,0,0,0,0,0,0.3114857339579289,0.30749018621867125,,,,0.01,8,2,False,False
372,regular,psi,"[5, 7]","{5: 'withhold', 7: 'withhold'}",0,0,2,"[5, 7]",2,0,"[0, 1, 1, 1, 1, 1, 0, 0, 0, 0]","[1, 1, 1, 1, 0, 0, 0, 0]","[1, 1, 1, 1, 0, 0, 0, 0]",1,0,1,0,1,0,1,1,0.9186053305145562,0.9186053305145562,,,,0.01,8,2,False,False
373,regular,psi,"[4, 7]","{7: 'coherent_flip', 4: 'equivocate'}",1,1,0,[4],1,1,"[1, 1, 1, 0, 1, 1, 0, 1, 1, 1]","[1, 0, 1, 0, 0, 1, 0, 1]","[1, 0, 1, 1, 0, 1, 0, 1]",0,0,1,1,0,1,0,0,0.311485747026672,0.3074901845053303,,,,0.01,8,2,False,False
374,regular,psi,"[7, 8]","{7: 'coherent_flip', 8: 'withhold'}",1,0,1,[8],1,1,"[1, 0, 0, 0, 0, 0, 0, 1, 0, 1]","[0, 0, 0, 0, 0, 1, 1, 1]","[0, 0, 0, 0, 0, 1, 1, 1]",0,1,0,0,0,0,0,0,0.30749016125171347,0.30749016125171347,,,,0.01,8,2,False,False
375,regular,psi,"[5, 6]","{5: 'equivocate', 6: 'withhold'}",0,1,1,"[5, 6]",2,0,"[0, 1, 0, 0, 0, 1, 0, 1, 0, 1]","[0, 0, 0, 1, 1, 1, 0, 1]","[0, 0, 0, 1, 0, 1, 0, 1]",0,0,0,1,0,0,0,1,0.30749022617720145,0.9186052714309836,,,,0.01,8,2,False,False
376,regular,psi,"[4, 6]","{6: 'equivocate', 4: 'equivocate'}",0,2,0,"[4, 6]",2,0,"[0, 0, 1, 0, 0, 1, 1, 1, 0, 1]","[1, 0, 0, 0, 1, 0, 0, 1]","[1, 0, 0, 1, 1, 1, 0, 1]",1,0,1,0,1,0,1,1,0.918605316187741,0.918605316187741,,,,0.01,8,2,False,False
377,regular,psi,"[3, 7]","{3: 'equivocate', 7: 'equivocate'}",0,2,0,"[3, 7]",2,0,"[0, 0, 1, 0, 1, 0, 0, 1, 0, 0]","[1, 0, 0, 0, 0, 1, 1, 0]","[1, 0, 1, 0, 0, 1, 0, 0]",1,0,1,0,1,0,1,1,0.9186053311421752,0.9186053311421752,,,,0.01,8,2,False,False
378,regular,psi,"[2, 4]","{2: 'coherent_flip', 4: 'equivocate'}",1,1,0,[4],1,1,"[0, 0, 1, 1, 1, 0, 0, 1, 1, 0]","[1, 0, 1, 1, 0, 1, 1, 0]","[1, 0, 1, 0, 0, 1, 1, 0]",0,1,0,1,1,1,1,0,0.9186053597958065,0.46241872002759354,,,,0.01,8,2,False,False
379,regular,psi,"[2, 7]","{2: 'withhold', 7: 'coherent_flip'}",1,0,1,[2],1,1,"[0, 1, 1, 1, 1, 1, 1, 0, 1, 0]","[1, 1, 1, 1, 1, 0, 0, 0]","[1, 1, 1, 1, 1, 0, 0, 0]",1,0,1,1,1,1,0,0,0.3074902262698167,0.3074902262698167,,,,0.01,8,2,False,False
380,regular,psi,"[1, 8]","{1: 'equivocate', 8: 'withhold'}",0,1,1,"[1, 8]",2,0,"[1, 0, 1, 1, 1, 0, 0, 1, 0, 0]","[0, 1, 1, 0, 0, 1, 0, 0]","[1, 1, 1, 0, 0, 1, 0, 0]",0,1,0,0,0,1,0,1,0.3074901918178472,0.9186053653949825,,,,0.01,8,2,False,False
381,regular,psi,"[2, 4]","{2: 'coherent_flip', 4: 'equivocate'}",1,1,0,[4],1,1,"[1, 0, 0, 1, 1, 1, 1, 0, 1, 0]","[0, 0, 1, 0, 1, 0, 1, 0]","[0, 0, 1, 1, 1, 0, 1, 0]",0,0,0,0,1,0,1,0,0.918605307888559,0.462418702716805,,,,0.01,8,2,False,False
382,regular,psi,"[7, 8]","{8: 'coherent_flip', 7: 'withhold'}",1,0,1,[7],1,1,"[0, 1, 0, 1, 1, 0, 0, 0, 1, 0]","[0, 1, 1, 0, 0, 0, 1, 1]","[0, 1, 1, 0, 0, 0, 1, 1]",0,0,1,0,1,0,0,0,0.4624186794631889,0.4624186794631889,,,,0.01,8,2,False,False
383,regular,psi,"[3, 4]","{4: 'withhold', 3: 'withhold'}",0,0,2,"[3, 4]",2,0,"[0, 0, 1, 1, 1, 0, 1, 1, 1, 1]","[1, 1, 1, 0, 1, 1, 1, 1]","[1, 1, 1, 0, 1, 1, 1, 1]",1,0,1,0,1,0,1,1,0.918605352619484,0.918605352619484,,,,0.01,8,2,False,False
384,regular,psi,"[1, 2]","{1: 'withhold', 2: 'withhold'}",0,0,2,"[1, 2]",2,0,"[1, 1, 0, 0, 1, 1, 1, 0, 1, 1]","[0, 0, 1, 1, 1, 0, 1, 1]","[0, 0, 1, 1, 1, 0, 1, 1]",1,0,1,0,1,0,1,1,0.918605307888559,0.918605307888559,,,,0.01,8,2,False,False
385,regular,psi,"[6, 8]","{8: 'equivocate', 6: 'equivocate'}",0,2,0,"[6, 8]",2,0,"[1, 0, 0, 0, 1, 1, 1, 0, 0, 0]","[0, 0, 1, 1, 1, 1, 0, 1]","[0, 0, 1, 1, 1, 0, 0, 0]",1,1,1,1,1,1,1,1,0.9186053765933344,0.9186053765933344,,,,0.01,8,2,False,False
386,regular,psi,"[3, 8]","{3: 'coherent_flip', 8: 'withhold'}",1,0,1,[8],1,1,"[1, 0, 1, 0, 0, 0, 1, 1, 1, 0]","[1, 0, 1, 0, 1, 1, 1, 0]","[1, 0, 1, 0, 1, 1, 1, 0]",1,0,1,1,1,1,0,0,0.3074901845053303,0.3074901845053303,,,,0.01,8,2,False,False
387,regular,psi,"[1, 8]","{8: 'equivocate', 1: 'withhold'}",0,1,1,"[1, 8]",2,0,"[0, 0, 0, 1, 0, 0, 0, 0, 0, 0]","[0, 1, 0, 0, 0, 0, 0, 1]","[0, 1, 0, 0, 0, 0, 0, 0]",1,0,0,0,1,0,0,1,0.4624186506951977,0.9186053128601146,,,,0.01,8,2,False,False
388,regular,psi,"[3, 5]","{3: 'equivocate', 5: 'withhold'}",0,1,1,"[3, 5]",2,0,"[1, 1, 0, 1, 1, 1, 1, 1, 0, 1]","[0, 1, 0, 1, 1, 1, 0, 1]","[0, 1, 1, 1, 1, 1, 0, 1]",1,1,1,0,1,1,0,1,0.3074901862186712,0.9186053709941584,,,,0.01,8,2,False,False
389,regular,psi,"[2, 3]","{2: 'equivocate', 3: 'withhold'}",0,1,1,"[2, 3]",2,0,"[1, 0, 0, 1, 0, 1, 1, 0, 0, 0]","[0, 0, 0, 1, 1, 0, 0, 0]","[0, 1, 0, 1, 1, 0, 0, 0]",0,0,1,0,0,0,0,1,0.4624187016824727,0.9186053094657082,,,,0.01,8,2,False,False
390,verification,verification,"[1, 4]","{4: 'equivocate', 1: 'withhold'}",0,1,1,"[1, 4]",2,0,"[1, 1, 0, 0, 0, 1, 0, 1, 0, 1]","[0, 0, 0, 0, 0, 1, 0, 1]","[0, 0, 0, 1, 0, 1, 0, 1]",0,1,1,1,0,1,0,1,,,Phi+,True,0.9215038097352926,0.01,8,2,False,False
391,regular,psi,"[1, 4]","{4: 'coherent_flip', 1: 'coherent_flip'}",2,0,0,[],0,2,"[1, 1, 1, 0, 0, 1, 1, 1, 1, 0]","[0, 0, 0, 0, 1, 1, 1, 0]","[0, 0, 0, 0, 1, 1, 1, 0]",1,0,0,1,0,1,0,0,0.311485747026672,0.311485747026672,,,,0.01,8,2,False,False
392,regular,psi,"[2, 7]","{7: 'coherent_flip', 2: 'withhold'}",1,0,1,[2],1,1,"[0, 0, 0, 0, 1, 0, 0, 1, 0, 1]","[0, 0, 1, 0, 0, 1, 1, 1]","[0, 0, 1, 0, 0, 1, 1, 1]",0,1,0,0,0,0,0,0,0.30749025016611936,0.30749025016611936,,,,0.01,8,2,False,False
393,regular,psi,"[5, 8]","{8: 'equivocate', 5: 'coherent_flip'}",1,1,0,[8],1,1,"[1, 1, 0, 0, 0, 1, 0, 0, 0, 0]","[0, 0, 0, 1, 1, 0, 0, 1]","[0, 0, 0, 1, 1, 0, 0, 0]",0,1,1,0,0,0,0,0,0.3114857484686063,0.3074901711651812,,,,0.01,8,2,False,False
394,regular,psi,"[5, 6]","{5: 'coherent_flip', 6: 'withhold'}",1,0,1,[6],1,1,"[1, 0, 1, 1, 0, 1, 1, 1, 1, 0]","[1, 1, 0, 1, 0, 1, 1, 0]","[1, 1, 0, 1, 0, 1, 1, 0]",1,0,1,1,1,1,0,0,0.3074902013028577,0.3074902013028577,,,,0.01,8,2,False,False
395,verification,verification,"[1, 3]","{3: 'equivocate', 1: 'equivocate'}",0,2,0,"[1, 3]",2,0,"[0, 0, 1, 0, 0, 0, 1, 1, 0, 0]","[0, 0, 1, 0, 1, 1, 0, 0]","[1, 0, 0, 0, 1, 1, 0, 0]",1,0,1,0,1,0,1,1,,,Phi+,True,0.9215037650318076,0.01,8,2,False,False
396,regular,psi,"[1, 2]","{1: 'coherent_flip', 2: 'withhold'}",1,0,1,[2],1,1,"[1, 1, 1, 1, 1, 1, 0, 1, 1, 1]","[0, 1, 1, 1, 0, 1, 1, 1]","[0, 1, 1, 1, 0, 1, 1, 1]",1,0,1,1,1,1,0,0,0.3074902206706407,0.3074902206706407,,,,0.01,8,2,False,False
397,verification,verification,"[5, 6]","{5: 'coherent_flip', 6: 'coherent_flip'}",2,0,0,[],0,2,"[0, 1, 0, 1, 0, 0, 1, 1, 1, 1]","[0, 1, 0, 0, 0, 0, 1, 1]","[0, 1, 0, 0, 0, 0, 1, 1]",0,0,1,1,1,1,0,0,,,Psi-,False,0.02616541545808695,0.01,8,2,False,False
398,regular,psi,"[1, 3]","{3: 'withhold', 1: 'equivocate'}",0,1,1,"[1, 3]",2,0,"[1, 0, 1, 0, 0, 0, 0, 1, 1, 1]","[0, 0, 0, 0, 0, 1, 1, 1]","[1, 0, 0, 0, 0, 1, 1, 1]",0,1,0,0,0,1,0,1,0.3074901711651812,0.9186053427689833,,,,0.01,8,2,False,False
399,regular,psi,"[3, 7]","{7: 'equivocate', 3: 'coherent_flip'}",1,1,0,[7],1,1,"[0, 0, 0, 0, 1, 0, 0, 1, 0, 1]","[0, 0, 0, 0, 0, 1, 1, 1]","[0, 0, 0, 0, 0, 1, 0, 1]",0,1,0,1,0,0,1,0,0.9186053070467102,0.30749025016611936,,,,0.01,8,2,False,False
400,regular,psi,"[2, 4]","{4: 'withhold', 2: 'coherent_flip'}",1,0,1,[4],1,1,"[1, 1, 1, 0, 1, 0, 1, 1, 0, 1]","[1, 1, 1, 0, 1, 1, 0, 1]","[1, 1, 1, 0, 1, 1, 0, 1]",1,0,0,0,0,0,0,0,0.4624187098635745,0.4624187098635745,,,,0.01,8,2,False,False
401,regular,psi,"[3, 6]","{3: 'coherent_flip', 6: 'coherent_flip'}",2,0,0,[],0,2,"[0, 1, 0, 1, 1, 1, 1, 0, 0, 0]","[0, 1, 0, 1, 1, 1, 0, 0]","[0, 1, 0, 1, 1, 1, 0, 0]",1,0,0,1,0,1,0,0,0.31148579209197264,0.31148579209197264,,,,0.01,8,2,False,False
402,regular,psi,"[2, 6]","{6: 'equivocate', 2: 'withhold'}",0,1,1,"[2, 6]",2,0,"[1, 1, 0, 1, 0, 1, 1, 1, 1, 0]","[0, 1, 0, 1, 1, 0, 1, 0]","[0, 1, 0, 1, 1, 1, 1, 0]",0,1,1,1,0,1,0,1,0.4624186972024328,0.9186053593673498,,,,0.01,8,2,False,False
403,regular,psi,"[1, 8]","{8: 'withhold', 1: 'withhold'}",0,0,2,"[1, 8]",2,0,"[0, 0, 1, 0, 1, 1, 0, 0, 1, 1]","[1, 0, 1, 1, 0, 0, 1, 1]","[1, 0, 1, 1, 0, 0, 1, 1]",0,1,0,1,0,1,1,1,0.9186053709941584,0.9186053709941584,,,,0.01,8,2,False,False
404,regular,psi,"[3, 4]","{3: 'withhold', 4: 'withhold'}",0,0,2,"[3, 4]",2,0,"[0, 1, 1, 1, 0, 0, 0, 1, 0, 0]","[1, 1, 0, 0, 0, 1, 0, 0]","[1, 1, 0, 0, 0, 1, 0, 0]",1,1,1,1,1,1,1,1,0.9186052964759794,0.9186052964759794,,,,0.01,8,2,False,False
405,regular,psi,"[1, 4]","{1: 'equivocate', 4: 'withhold'}",0,1,1,"[1, 4]",2,0,"[0, 1, 0, 0, 0, 1, 1, 0, 1, 0]","[1, 0, 0, 1, 1, 0, 1, 0]","[0, 0, 0, 1, 1, 0, 1, 0]",0,0,0,1,0,0,0,1,0.30749022617720145,0.9186052714309836,,,,0.01,8,2,False,False
406,regular,plus,"[4, 5]","{4: 'equivocate', 5: 'equivocate'}",0,2,0,"[4, 5]",2,0,"[0, 0, 0, 0, 0, 1, 0, 1, 1, 0]","[0, 0, 0, 0, 1, 1, 1, 0]","[0, 0, 0, 1, 0, 1, 1, 0]",0,1,1,0,0,1,0,1,0.047808915376663215,0.9521910846233366,,,,0.01,8,2,True,False
407,regular,psi,"[5, 6]","{6: 'equivocate', 5: 'withhold'}",0,1,1,"[5, 6]",2,0,"[0, 0, 0, 0, 0, 1, 0, 0, 1, 1]","[0, 0, 0, 1, 0, 1, 1, 1]","[0, 0, 0, 1, 0, 0, 1, 1]",0,1,1,1,0,1,0,1,0.4624186623220065,0.9186053244869236,,,,0.01,8,2,False,False
408,regular,psi,"[1, 5]","{5: 'withhold', 1: 'coherent_flip'}",1,0,1,[5],1,1,"[1, 0, 0, 1, 1, 1, 0, 0, 0, 0]","[1, 1, 1, 1, 0, 0, 0, 0]","[1, 1, 1, 1, 0, 0, 0, 0]",0,0,0,1,0,1,0,0,0.3074902060456054,0.3074902060456054,,,,0.01,8,2,False,False
409,regular,psi,"[1, 2]","{1: 'withhold', 2: 'coherent_flip'}",1,0,1,[1],1,1,"[0, 1, 0, 1, 1, 1, 1, 1, 1, 1]","[0, 0, 1, 1, 1, 1, 1, 1]","[0, 0, 1, 1, 1, 1, 1, 1]",1,1,0,1,0,1,0,0,0.4624186623220065,0.4624186623220065,,,,0.01,8,2,False,False
410,regular,psi,"[1, 3]","{1: 'equivocate', 3: 'withhold'}",0,1,1,"[1, 3]",2,0,"[0, 0, 0, 1, 1, 0, 1, 1, 0, 0]","[1, 1, 1, 0, 1, 1, 0, 0]","[0, 1, 1, 0, 1, 1, 0, 0]",0,0,0,1,0,0,0,1,0.307490244352715,0.9186053128601146,,,,0.01,8,2,False,False
411,regular,psi,"[1, 4]","{1: 'equivocate', 4: 'equivocate'}",0,2,0,"[1, 4]",2,0,"[0, 1, 1, 0, 1, 0, 0, 1, 0, 0]","[0, 0, 1, 1, 0, 1, 0, 0]","[1, 0, 1, 0, 0, 1, 0, 0]",0,0,1,1,0,0,0,1,0.31148578190709725,0.918605316187741,,,,0.01,8,2,False,False
412,regular,psi,"[4, 7]","{7: 'withhold', 4: 'coherent_flip'}",1,0,1,[7],1,1,"[0, 1, 0, 0, 0, 0, 0, 0, 0, 1]","[0, 0, 0, 1, 0, 0, 0, 1]","[0, 0, 0, 1, 0, 0, 0, 1]",0,0,1,0,1,0,0,0,0.46241868049752005,0.46241868049752005,,,,0.01,8,2,False,False
413,regular,psi,"[3, 4]","{4: 'equivocate', 3: 'coherent_flip'}",1,1,0,[4],1,1,"[0, 1, 1, 0, 1, 0, 1, 1, 1, 0]","[1, 0, 0, 1, 1, 1, 1, 0]","[1, 0, 0, 0, 1, 1, 1, 0]",0,0,1,1,0,1,0,0,0.31148578190709725,0.3074902193857555,,,,0.01,8,2,False,False
414,regular,psi,"[5, 8]","{8: 'coherent_flip', 5: 'coherent_flip'}",2,0,0,[],0,2,"[1, 0, 0, 1, 0, 1, 0, 0, 0, 1]","[0, 1, 0, 1, 1, 0, 0, 0]","[0, 1, 0, 1, 1, 0, 0, 0]",1,1,0,0,0,0,0,0,0.3114857484686063,0.3114857484686063,,,,0.01,8,2,False,False
415,regular,psi,"[4, 6]","{6: 'equivocate', 4: 'equivocate'}",0,2,0,"[4, 6]",2,0,"[0, 0, 1, 1, 1, 0, 1, 0, 1, 0]","[1, 1, 1, 1, 1, 1, 1, 0]","[1, 1, 1, 0, 1, 0, 1, 0]",1,0,1,0,1,0,1,1,0.9186053582186603,0.9186053582186603,,,,0.01,8,2,False,False
416,regular,psi,"[7, 8]","{7: 'withhold', 8: 'coherent_flip'}",1,0,1,[7],1,1,"[1, 1, 0, 1, 0, 1, 1, 0, 0, 0]","[0, 1, 0, 1, 1, 0, 0, 1]","[0, 1, 0, 1, 1, 0, 0, 1]",1,0,0,0,0,0,0,0,0.4624186537514145,0.4624186537514145,,,,0.01,8,2,False,False
417,regular,psi,"[5, 7]","{5: 'withhold', 7: 'equivocate'}",0,1,1,"[5, 7]",2,0,"[0, 0, 1, 0, 1, 1, 0, 0, 1, 0]","[1, 0, 1, 1, 0, 0, 0, 0]","[1, 0, 1, 1, 0, 0, 1, 0]",1,1,1,0,1,1,0,1,0.3074901862186712,0.9186053709941584,,,,0.01,8,2,False,False
418,regular,psi,"[5, 6]","{5: 'coherent_flip', 6: 'withhold'}",1,0,1,[6],1,1,"[0, 0, 1, 0, 1, 1, 1, 0, 0, 0]","[1, 0, 1, 1, 0, 0, 0, 0]","[1, 0, 1, 1, 0, 0, 0, 0]",1,1,1,0,1,0,0,0,0.30749018621867125,0.30749018621867125,,,,0.01,8,2,False,False
419,regular,psi,"[2, 4]","{2: 'withhold', 4: 'equivocate'}",0,1,1,"[2, 4]",2,0,"[1, 0, 1, 1, 1, 0, 1, 1, 0, 0]","[1, 1, 1, 1, 1, 1, 0, 0]","[1, 1, 1, 0, 1, 1, 0, 0]",0,0,1,0,0,0,0,1,0.46241872106192716,0.9186053582186602,,,,0.01,8,2,False,False
420,regular,psi,"[3, 6]","{6: 'equivocate', 3: 'withhold'}",0,1,1,"[3, 6]",2,0,"[0, 1, 0, 0, 1, 0, 1, 1, 1, 0]","[0, 0, 1, 0, 1, 0, 1, 0]","[0, 0, 1, 0, 1, 1, 1, 0]",0,1,1,1,0,1,0,1,0.46241870478547037,0.9186053047342604,,,,0.01,8,2,False,False
421,regular,psi,"[2, 4]","{4: 'withhold', 2: 'coherent_flip'}",1,0,1,[4],1,1,"[0, 1, 0, 0, 1, 0, 1, 1, 1, 0]","[0, 1, 1, 0, 1, 1, 1, 0]","[0, 1, 1, 0, 1, 1, 1, 0]",0,1,1,1,1,1,0,0,0.46241870478547037,0.46241870478547037,,,,0.01,8,2,False,False
422,regular,psi,"[3, 5]","{3: 'withhold', 5: 'coherent_flip'}",1,0,1,[3],1,1,"[0, 0, 0, 1, 0, 0, 1, 0, 1, 1]","[0, 1, 0, 0, 0, 0, 1, 1]","[0, 1, 0, 0, 0, 0, 1, 1]",0,0,0,1,0,1,0,0,0.3074902193857555,0.3074902193857555,,,,0.01,8,2,False,False
423,regular,psi,"[1, 7]","{7: 'withhold', 1: 'withhold'}",0,0,2,"[1, 7]",2,0,"[1, 1, 1, 1, 1, 0, 0, 0, 1, 0]","[1, 1, 1, 0, 0, 0, 1, 0]","[1, 1, 1, 0, 0, 0, 1, 0]",0,0,0,0,0,0,1,1,0.9186053199438239,0.9186053199438239,,,,0.01,8,2,False,False
424,regular,psi,"[7, 8]","{8: 'coherent_flip', 7: 'equivocate'}",1,1,0,[7],1,1,"[1, 0, 0, 1, 1, 1, 0, 1, 0, 0]","[0, 1, 1, 1, 0, 1, 1, 1]","[0, 1, 1, 1, 0, 1, 0, 1]",1,0,0,1,0,0,0,0,0.3114857600954144,0.4624187259704213,,,,0.01,8,2,False,False
425,regular,psi,"[5, 7]","{7: 'withhold', 5: 'withhold'}",0,0,2,"[5, 7]",2,0,"[1, 0, 0, 1, 0, 0, 1, 0, 0, 0]","[0, 1, 0, 0, 1, 0, 0, 0]","[0, 1, 0, 0, 1, 0, 0, 0]",1,0,1,0,1,0,1,1,0.9186053361137322,0.9186053361137322,,,,0.01,8,2,False,False
426,regular,psi,"[3, 5]","{5: 'coherent_flip', 3: 'withhold'}",1,0,1,[3],1,1,"[1, 0, 0, 1, 0, 1, 1, 0, 1, 0]","[0, 1, 0, 1, 0, 0, 1, 0]","[0, 1, 0, 1, 0, 0, 1, 0]",0,1,0,0,0,0,0,0,0.30749021088096823,0.30749021088096823,,,,0.01,8,2,False,False
427,verification,verification,"[2, 6]","{6: 'withhold', 2: 'withhold'}",0,0,2,"[2, 6]",2,0,"[0, 1, 0, 1, 1, 0, 0, 1, 0, 1]","[0, 1, 1, 0, 0, 1, 0, 1]","[0, 1, 1, 0, 0, 1, 0, 1]",0,1,0,1,0,1,1,1,,,Phi+,True,0.9215037948341309,0.01,8,2,False,False
428,regular,psi,"[1, 5]","{1: 'equivocate', 5: 'withhold'}",0,1,1,"[1, 5]",2,0,"[0, 0, 0, 0, 1, 1, 1, 1, 0, 1]","[1, 0, 1, 1, 1, 1, 0, 1]","[0, 0, 1, 1, 1, 1, 0, 1]",1,0,1,1,1,0,0,1,0.30749023875353904,0.9186053184592906,,,,0.01,8,2,False,False
429,regular,psi,"[1, 3]","{3: 'equivocate', 1: 'equivocate'}",0,2,0,"[1, 3]",2,0,"[0, 0, 1, 0, 0, 0, 1, 0, 1, 1]","[0, 0, 1, 0, 1, 0, 1, 1]","[1, 0, 0, 0, 1, 0, 1, 1]",1,1,1,1,1,1,1,1,0.918605341018505,0.918605341018505,,,,0.01,8,2,False,False
430,regular,psi,"[2, 7]","{2: 'coherent_flip', 7: 'withhold'}",1,0,1,[7],1,1,"[1, 1, 0, 1, 0, 0, 0, 1, 0, 0]","[0, 0, 0, 0, 0, 1, 0, 0]","[0, 0, 0, 0, 0, 1, 0, 0]",1,1,0,1,0,1,0,0,0.46241874065344846,0.46241874065344846,,,,0.01,8,2,False,False
431,regular,psi,"[3, 8]","{3: 'coherent_flip', 8: 'coherent_flip'}",2,0,0,[],0,2,"[0, 1, 1, 1, 1, 0, 1, 0, 1, 0]","[1, 1, 0, 0, 1, 0, 1, 1]","[1, 1, 0, 0, 1, 0, 1, 1]",0,0,1,1,1,1,0,0,0.31148579540429533,0.31148579540429533,,,,0.01,8,2,False,False
432,regular,psi,"[5, 8]","{8: 'withhold', 5: 'equivocate'}",0,1,1,"[5, 8]",2,0,"[1, 1, 1, 1, 1, 0, 1, 1, 0, 0]","[1, 1, 1, 0, 0, 1, 0, 0]","[1, 1, 1, 0, 1, 1, 0, 0]",1,0,1,1,1,0,0,1,0.30749023199278464,0.9186052982673575,,,,0.01,8,2,False,False
433,regular,psi,"[3, 5]","{3: 'equivocate', 5: 'equivocate'}",0,2,0,"[3, 5]",2,0,"[1, 1, 1, 0, 0, 0, 1, 0, 1, 0]","[1, 0, 1, 0, 0, 0, 1, 0]","[1, 0, 0, 0, 1, 0, 1, 0]",1,0,1,0,1,0,1,1,0.9186053694170129,0.9186053694170129,,,,0.01,8,2,False,False
434,regular,psi,"[5, 7]","{5: 'coherent_flip', 7: 'coherent_flip'}",2,0,0,[],0,2,"[1, 1, 0, 0, 0, 0, 0, 1, 1, 1]","[0, 0, 0, 0, 1, 1, 0, 1]","[0, 0, 0, 0, 1, 1, 0, 1]",1,0,1,0,1,0,1,1,0.9186053477405408,0.9186053477405408,,,,0.01,8,2,False,False
435,regular,psi,"[1, 2]","{1: 'coherent_flip', 2: 'equivocate'}",1,1,0,[2],1,1,"[0, 0, 1, 0, 1, 0, 0, 1, 0, 1]","[0, 1, 1, 0, 0, 1, 0, 1]","[0, 0, 1, 0, 0, 1, 0, 1]",0,0,1,1,0,1,0,0,0.3114857600954144,0.3074901827919892,,,,0.01,8,2,False,False
436,regular,zero,"[6, 7]","{7: 'coherent_flip', 6: 'withhold'}",1,0,1,[6],1,1,"[0, 0, 1, 1, 1, 0, 1, 1, 0, 0]","[1, 1, 1, 0, 1, 1, 1, 0]","[1, 1, 1, 0, 1, 1, 1, 0]",0,1,0,0,0,0,0,0,0.952191069009767,0.952191069009767,,,,0.01,8,2,True,False
437,regular,psi,"[5, 6]","{5: 'equivocate', 6: 'coherent_flip'}",1,1,0,[5],1,1,"[0, 0, 1, 1, 0, 0, 1, 1, 1, 1]","[1, 1, 0, 0, 0, 0, 1, 1]","[1, 1, 0, 0, 1, 0, 1, 1]",1,1,0,0,0,1,0,0,0.31148572275957687,0.4624187200275935,,,,0.01,8,2,False,False
438,regular,psi,"[5, 6]","{5: 'coherent_flip', 6: 'coherent_flip'}",2,0,0,[],0,2,"[1, 1, 0, 1, 0, 1, 0, 0, 0, 0]","[0, 1, 0, 1, 1, 1, 0, 0]","[0, 1, 0, 1, 1, 1, 0, 0]",1,1,0,0,0,0,0,0,0.3114857150757804,0.3114857150757804,,,,0.01,8,2,False,False
439,regular,psi,"[1, 4]","{1: 'withhold', 4: 'withhold'}",0,0,2,"[1, 4]",2,0,"[1, 0, 1, 0, 0, 0, 1, 0, 1, 0]","[1, 0, 0, 0, 1, 0, 1, 0]","[1, 0, 0, 0, 1, 0, 1, 0]",0,0,0,0,0,0,1,1,0.918605307888559,0.918605307888559,,,,0.01,8,2,False,False
440,regular,psi,"[4, 8]","{4: 'coherent_flip', 8: 'coherent_flip'}",2,0,0,[],0,2,"[1, 1, 1, 0, 1, 0, 0, 1, 0, 0]","[1, 0, 1, 1, 0, 1, 0, 1]","[1, 0, 1, 1, 0, 1, 0, 1]",0,1,0,1,0,1,1,1,0.9186053709941584,0.9186053709941584,,,,0.01,8,2,False,False
441,verification,verification,"[2, 8]","{8: 'withhold', 2: 'withhold'}",0,0,2,"[2, 8]",2,0,"[1, 0, 1, 1, 1, 1, 1, 1, 1, 1]","[1, 1, 1, 1, 1, 1, 1, 1]","[1, 1, 1, 1, 1, 1, 1, 1]",0,1,0,1,0,1,1,1,,,Phi+,True,0.9215038097352926,0.01,8,2,False,False
442,regular,psi,"[2, 7]","{2: 'coherent_flip', 7: 'equivocate'}",1,1,0,[7],1,1,"[0, 1, 0, 1, 1, 1, 1, 1, 1, 0]","[0, 0, 1, 1, 1, 1, 0, 0]","[0, 0, 1, 1, 1, 1, 1, 0]",0,1,1,0,1,1,0,0,0.3114857804651639,0.4624186623220065,,,,0.01,8,2,False,False
443,regular,psi,"[3, 6]","{6: 'withhold', 3: 'equivocate'}",0,1,1,"[3, 6]",2,0,"[1, 0, 0, 0, 0, 1, 0, 0, 1, 1]","[0, 0, 1, 1, 0, 0, 1, 1]","[0, 0, 0, 1, 0, 0, 1, 1]",0,0,0,1,0,0,0,1,0.30749019784548,0.9186053593673498,,,,0.01,8,2,False,False
444,regular,psi,"[5, 7]","{7: 'coherent_flip', 5: 'equivocate'}",1,1,0,[5],1,1,"[1, 1, 0, 1, 0, 1, 0, 1, 0, 1]","[0, 1, 0, 1, 1, 1, 1, 1]","[0, 1, 0, 1, 0, 1, 1, 1]",1,1,1,1,1,0,1,0,0.9186053709941584,0.30749018621867125,,,,0.01,8,2,False,False
445,regular,psi,"[3, 7]","{7: 'equivocate', 3: 'equivocate'}",0,2,0,"[3, 7]",2,0,"[1, 1, 1, 1, 1, 1, 0, 0, 0, 0]","[1, 1, 0, 1, 0, 0, 1, 0]","[1, 1, 1, 1, 0, 0, 0, 0]",1,1,1,1,1,1,1,1,0.9186053595815781,0.9186053595815781,,,,0.01,8,2,False,False
446,regular,psi,"[4, 5]","{4: 'equivocate', 5: 'equivocate'}",0,2,0,"[4, 5]",2,0,"[0, 0, 1, 0, 0, 1, 0, 1, 0, 0]","[1, 0, 0, 0, 1, 1, 0, 0]","[1, 0, 0, 1, 0, 1, 0, 0]",0,1,1,0,0,1,0,1,0.3114857586534804,0.9186053394413579,,,,0.01,8,2,False,False
447,regular,psi,"[1, 5]","{5: 'coherent_flip', 1: 'withhold'}",1,0,1,[1],1,1,"[1, 0, 0, 1, 0, 0, 1, 1, 1, 0]","[0, 1, 0, 0, 0, 1, 1, 0]","[0, 1, 0, 0, 0, 1, 1, 0]",0,1,0,0,0,0,0,0,0.307490207758947,0.307490207758947,,,,0.01,8,2,False,False
448,regular,zero,"[1, 7]","{7: 'coherent_flip', 1: 'withhold'}",1,0,1,[1],1,1,"[1, 0, 1, 1, 0, 0, 1, 1, 0, 1]","[1, 1, 0, 0, 1, 1, 1, 1]","[1, 1, 0, 0, 1, 1, 1, 1]",1,1,1,0,1,0,0,0,0.9521911002369061,0.9521911002369061,,,,0.01,8,2,True,False
449,regular,psi,"[3, 4]","{4: 'coherent_flip', 3: 'coherent_flip'}",2,0,0,[],0,2,"[1, 1, 1, 0, 1, 0, 1, 0, 0, 0]","[1, 0, 0, 1, 1, 0, 0, 0]","[1, 0, 0, 1, 1, 0, 0, 0]",1,0,0,1,0,1,0,0,0.31148574924957395,0.31148574924957395,,,,0.01,8,2,False,False
450,regular,psi,"[2, 8]","{8: 'withhold', 2: 'equivocate'}",0,1,1,"[2, 8]",2,0,"[0, 0, 0, 0, 1, 0, 0, 0, 0, 1]","[0, 1, 1, 0, 0, 0, 0, 1]","[0, 0, 1, 0, 0, 0, 0, 1]",1,1,0,1,1,1,0,1,0.4624186592657895,0.9186052929341241,,,,0.01,8,2,False,False
451,regular,psi,"[4, 8]","{8: 'coherent_flip', 4: 'equivocate'}",1,1,0,[4],1,1,"[0, 1, 1, 1, 0, 1, 1, 0, 1, 0]","[1, 1, 0, 0, 1, 0, 1, 1]","[1, 1, 0, 1, 1, 0, 1, 1]",1,1,1,1,0,1,1,0,0.9186053132885714,0.4624186735203584,,,,0.01,8,2,False,False
452,regular,psi,"[6, 8]","{8: 'coherent_flip', 6: 'equivocate'}",1,1,0,[6],1,1,"[0, 1, 0, 0, 0, 0, 0, 0, 0, 1]","[0, 0, 0, 0, 0, 1, 0, 0]","[0, 0, 0, 0, 0, 0, 0, 0]",0,0,0,0,1,0,1,0,0.9186052830577923,0.46241868049752005,,,,0.01,8,2,False,False
453,regular,psi,"[3, 4]","{3: 'coherent_flip', 4: 'equivocate'}",1,1,0,[4],1,1,"[0, 0, 1, 0, 0, 1, 1, 0, 0, 0]","[1, 0, 1, 0, 1, 0, 0, 0]","[1, 0, 1, 1, 1, 0, 0, 0]",1,0,0,1,1,1,0,0,0.3114857688383551,0.3074902210990975,,,,0.01,8,2,False,False
454,regular,psi,"[2, 7]","{2: 'coherent_flip', 7: 'coherent_flip'}",2,0,0,[],0,2,"[1, 1, 1, 1, 1, 1, 1, 0, 1, 0]","[1, 0, 1, 1, 1, 0, 0, 0]","[1, 0, 1, 1, 1, 0, 0, 0]",1,1,0,0,0,0,0,0,0.3114857534827613,0.3114857534827613,,,,0.01,8,2,False,False
455,regular,psi,"[2, 8]","{8: 'equivocate', 2: 'withhold'}",0,1,1,"[2, 8]",2,0,"[1, 1, 1, 1, 0, 1, 1, 1, 1, 0]","[1, 1, 0, 1, 1, 1, 1, 1]","[1, 1, 0, 1, 1, 1, 1, 0]",0,0,1,0,0,0,0,1,0.4624187266611035,0.9186053526194838,,,,0.01,8,2,False,False
456,verification,verification,"[1, 2]","{2: 'withhold', 1: 'coherent_flip'}",1,0,1,[2],1,1,"[1, 0, 1, 0, 0, 1, 0, 1, 0, 1]","[0, 0, 0, 1, 0, 1, 0, 1]","[0, 0, 0, 1, 0, 1, 0, 1]",1,0,1,1,1,1,0,0,,,Phi-,False,0.026165366952579268,0.01,8,2,False,False
457,regular,psi,"[4, 8]","{8: 'equivocate', 4: 'withhold'}",0,1,1,"[4, 8]",2,0,"[1, 1, 0, 1, 1, 0, 0, 1, 0, 0]","[0, 1, 1, 0, 0, 1, 0, 1]","[0, 1, 1, 0, 0, 1, 0, 0]",1,0,0,0,1,0,0,1,0.4624187259704213,0.9186053311421752,,,,0.01,8,2,False,False
458,regular,psi,"[5, 6]","{6: 'withhold', 5: 'coherent_flip'}",1,0,1,[6],1,1,"[1, 0, 1, 1, 0, 1, 1, 1, 1, 0]","[1, 1, 0, 1, 0, 1, 1, 0]","[1, 1, 0, 1, 0, 1, 1, 0]",1,0,1,1,1,1,0,0,0.3074902013028577,0.3074902013028577,,,,0.01,8,2,False,False
459,verification,verification,"[1, 4]","{4: 'withhold', 1: 'equivocate'}",0,1,1,"[1, 4]",2,0,"[0, 0, 0, 1, 0, 0, 0, 1, 1, 0]","[1, 1, 0, 0, 0, 1, 1, 0]","[0, 1, 0, 0, 0, 1, 1, 0]",0,1,0,0,0,1,0,1,,,Phi+,True,0.9215037948341309,0.01,8,2,False,False
460,regular,psi,"[4, 5]","{5: 'equivocate', 4: 'coherent_flip'}",1,1,0,[5],1,1,"[1, 0, 0, 0, 1, 1, 0, 0, 0, 1]","[0, 0, 1, 0, 1, 0, 0, 1]","[0, 0, 1, 0, 0, 0, 0, 1]",0,0,1,1,1,0,0,0,0.31148574924957395,0.46241870986357453,,,,0.01,8,2,False,False
461,regular,psi,"[2, 6]","{2: 'coherent_flip', 6: 'withhold'}",1,0,1,[6],1,1,"[1, 0, 0, 0, 1, 1, 0, 0, 0, 1]","[0, 1, 1, 1, 0, 0, 0, 1]","[0, 1, 1, 1, 0, 0, 0, 1]",0,0,1,0,1,0,0,0,0.46241870986357453,0.46241870986357453,,,,0.01,8,2,False,False
462,verification,verification,"[4, 6]","{6: 'withhold', 4: 'equivocate'}",0,1,1,"[4, 6]",2,0,"[1, 0, 1, 1, 0, 0, 0, 0, 0, 0]","[1, 1, 0, 1, 0, 0, 0, 0]","[1, 1, 0, 0, 0, 0, 0, 0]",1,0,0,0,1,0,0,1,,,Phi+,True,0.9215037799329693,0.01,8,2,False,False
463,regular,psi,"[1, 2]","{1: 'equivocate', 2: 'equivocate'}",0,2,0,"[1, 2]",2,0,"[1, 1, 0, 0, 1, 0, 0, 0, 0, 0]","[1, 1, 1, 0, 0, 0, 0, 0]","[0, 0, 1, 0, 0, 0, 0, 0]",1,0,0,1,1,0,0,1,0.3114857492495739,0.9186053694170129,,,,0.01,8,2,False,False
464,verification,verification,"[1, 2]","{2: 'equivocate', 1: 'equivocate'}",0,2,0,"[1, 2]",2,0,"[1, 0, 0, 1, 1, 0, 1, 0, 0, 1]","[1, 0, 1, 0, 1, 0, 0, 1]","[0, 1, 1, 0, 1, 0, 0, 1]",0,1,1,0,0,1,0,1,,,Phi+,True,0.9215037948341309,0.01,8,2,False,False
465,regular,psi,"[4, 5]","{4: 'equivocate', 5: 'withhold'}",0,1,1,"[4, 5]",2,0,"[1, 0, 0, 1, 1, 0, 0, 1, 1, 0]","[0, 1, 1, 1, 0, 1, 1, 0]","[0, 1, 1, 0, 0, 1, 1, 0]",0,1,1,1,0,1,0,1,0.4624187088292415,0.9186053709941584,,,,0.01,8,2,False,False
466,regular,psi,"[2, 5]","{5: 'withhold', 2: 'withhold'}",0,0,2,"[2, 5]",2,0,"[1, 0, 1, 0, 1, 0, 1, 0, 0, 1]","[1, 0, 1, 0, 1, 0, 0, 1]","[1, 0, 1, 0, 1, 0, 0, 1]",1,0,1,0,1,0,1,1,0.9186053094657082,0.9186053094657082,,,,0.01,8,2,False,False
467,regular,psi,"[7, 8]","{8: 'withhold', 7: 'coherent_flip'}",1,0,1,[8],1,1,"[1, 1, 1, 0, 1, 0, 0, 1, 0, 0]","[1, 0, 1, 0, 0, 1, 1, 0]","[1, 0, 1, 0, 0, 1, 1, 0]",0,1,0,0,0,0,0,0,0.3074901862186712,0.3074901862186712,,,,0.01,8,2,False,False
468,regular,psi,"[3, 6]","{3: 'equivocate', 6: 'coherent_flip'}",1,1,0,[3],1,1,"[1, 0, 0, 0, 0, 0, 0, 1, 1, 0]","[0, 0, 1, 0, 0, 0, 1, 0]","[0, 0, 0, 0, 0, 0, 1, 0]",1,0,0,1,0,0,0,0,0.3114857223311201,0.4624187204560502,,,,0.01,8,2,False,False
469,regular,psi,"[4, 7]","{4: 'withhold', 7: 'equivocate'}",0,1,1,"[4, 7]",2,0,"[1, 0, 1, 1, 0, 1, 1, 0, 0, 1]","[1, 1, 0, 1, 1, 0, 1, 1]","[1, 1, 0, 1, 1, 0, 0, 1]",1,1,1,0,1,1,0,1,0.30749021292966616,0.9186053226438304,,,,0.01,8,2,False,False
470,regular,psi,"[1, 8]","{8: 'coherent_flip', 1: 'withhold'}",1,0,1,[1],1,1,"[1, 0, 1, 0, 1, 0, 1, 1, 0, 0]","[1, 0, 1, 0, 1, 1, 0, 1]","[1, 0, 1, 0, 1, 1, 0, 1]",1,0,0,0,0,0,0,0,0.4624187016824727,0.4624187016824727,,,,0.01,8,2,False,False
471,regular,psi,"[5, 7]","{5: 'coherent_flip', 7: 'withhold'}",1,0,1,[7],1,1,"[1, 0, 0, 1, 1, 0, 0, 1, 0, 0]","[0, 1, 1, 0, 1, 1, 0, 0]","[0, 1, 1, 0, 1, 1, 0, 0]",0,0,0,1,0,1,0,0,0.3074901714698389,0.3074901714698389,,,,0.01,8,2,False,False
472,regular,psi,"[6, 8]","{6: 'equivocate', 8: 'coherent_flip'}",1,1,0,[6],1,1,"[0, 1, 0, 1, 1, 0, 0, 0, 1, 1]","[0, 1, 1, 0, 0, 1, 1, 0]","[0, 1, 1, 0, 0, 0, 1, 0]",1,0,1,0,0,0,1,0,0.9186052846349431,0.4624186794631889,,,,0.01,8,2,False,False
473,regular,psi,"[1, 6]","{1: 'equivocate', 6: 'equivocate'}",0,2,0,"[1, 6]",2,0,"[1, 1, 1, 1, 0, 1, 0, 1, 1, 0]","[0, 1, 0, 1, 0, 0, 1, 0]","[1, 1, 0, 1, 0, 1, 1, 0]",0,1,1,0,0,1,0,1,0.31148572275957687,0.9186053597958065,,,,0.01,8,2,False,False
474,verification,verification,"[1, 2]","{2: 'coherent_flip', 1: 'coherent_flip'}",2,0,0,[],0,2,"[0, 1, 0, 0, 1, 1, 1, 0, 1, 1]","[1, 1, 1, 1, 1, 0, 1, 1]","[1, 1, 1, 1, 1, 0, 1, 1]",1,1,0,0,0,0,0,0,,,Psi-,False,0.02616541549533982,0.01,8,2,False,False
475,verification,verification,"[6, 8]","{8: 'withhold', 6: 'coherent_flip'}",1,0,1,[8],1,1,"[1, 1, 0, 0, 1, 1, 0, 1, 0, 1]","[0, 0, 1, 1, 0, 0, 0, 1]","[0, 0, 1, 1, 0, 0, 0, 1]",0,0,1,0,1,0,0,0,,,Psi+,False,0.026165411542078874,0.01,8,2,False,False
476,regular,psi,"[1, 8]","{1: 'coherent_flip', 8: 'withhold'}",1,0,1,[8],1,1,"[1, 0, 1, 1, 0, 1, 1, 1, 0, 1]","[0, 1, 0, 1, 1, 1, 0, 1]","[0, 1, 0, 1, 1, 1, 0, 1]",0,1,0,0,0,0,0,0,0.3074901881769366,0.3074901881769366,,,,0.01,8,2,False,False
477,regular,psi,"[1, 3]","{3: 'equivocate', 1: 'withhold'}",0,1,1,"[1, 3]",2,0,"[1, 1, 0, 1, 0, 0, 1, 1, 0, 0]","[0, 1, 1, 0, 1, 1, 0, 0]","[0, 1, 0, 0, 1, 1, 0, 0]",1,0,1,1,1,0,0,1,0.30749017146983887,0.9186053694170129,,,,0.01,8,2,False,False
478,regular,psi,"[4, 5]","{5: 'coherent_flip', 4: 'coherent_flip'}",2,0,0,[],0,2,"[0, 1, 0, 0, 0, 1, 0, 0, 0, 0]","[0, 0, 0, 0, 1, 0, 0, 0]","[0, 0, 0, 0, 1, 0, 0, 0]",0,0,1,1,1,1,0,0,0.3114858335211038,0.3114858335211038,,,,0.01,8,2,False,False
479,regular,psi,"[2, 8]","{2: 'coherent_flip', 8: 'withhold'}",1,0,1,[8],1,1,"[1, 1, 0, 1, 1, 1, 0, 0, 0, 1]","[0, 0, 1, 1, 0, 0, 0, 1]","[0, 0, 1, 1, 0, 0, 0, 1]",0,0,1,0,1,0,0,0,0.4624187098635745,0.4624187098635745,,,,0.01,8,2,False,False
480,regular,psi,"[4, 5]","{5: 'equivocate', 4: 'coherent_flip'}",1,1,0,[5],1,1,"[0, 0, 1, 1, 1, 1, 0, 0, 1, 1]","[1, 1, 1, 0, 1, 0, 1, 1]","[1, 1, 1, 0, 0, 0, 1, 1]",1,1,0,0,0,1,0,0,0.31148574745512875,0.4624187169713748,,,,0.01,8,2,False,False
481,verification,verification,"[4, 5]","{4: 'equivocate', 5: 'equivocate'}",0,2,0,"[4, 5]",2,0,"[0, 1, 0, 0, 0, 0, 1, 0, 1, 0]","[0, 0, 0, 1, 0, 0, 1, 0]","[0, 0, 0, 0, 1, 0, 1, 0]",1,0,0,1,1,0,0,1,,,Phi+,True,0.9215037650318076,0.01,8,2,False,False
482,regular,psi,"[5, 8]","{5: 'equivocate', 8: 'withhold'}",0,1,1,"[5, 8]",2,0,"[0, 1, 1, 1, 1, 1, 0, 1, 1, 1]","[1, 1, 1, 1, 1, 1, 1, 1]","[1, 1, 1, 1, 0, 1, 1, 1]",1,1,1,0,1,1,0,1,0.30749021895729867,0.9186053166161979,,,,0.01,8,2,False,False
483,verification,verification,"[5, 8]","{8: 'equivocate', 5: 'coherent_flip'}",1,1,0,[8],1,1,"[1, 1, 1, 0, 1, 0, 1, 0, 0, 1]","[1, 0, 1, 0, 0, 0, 0, 0]","[1, 0, 1, 0, 0, 0, 0, 1]",0,0,1,1,0,1,0,0,,,Phi-,False,0.026165381853740906,0.01,8,2,False,False
484,regular,psi,"[4, 8]","{4: 'coherent_flip', 8: 'withhold'}",1,0,1,[8],1,1,"[0, 0, 1, 0, 0, 1, 1, 1, 0, 1]","[1, 0, 0, 0, 1, 1, 0, 1]","[1, 0, 0, 0, 1, 1, 0, 1]",1,0,0,0,0,0,0,0,0.4624186825194064,0.4624186825194064,,,,0.01,8,2,False,False
485,regular,psi,"[2, 3]","{2: 'coherent_flip', 3: 'equivocate'}",1,1,0,[3],1,1,"[0, 0, 0, 0, 1, 1, 0, 0, 0, 0]","[0, 1, 0, 1, 0, 0, 0, 0]","[0, 1, 1, 1, 0, 0, 0, 0]",1,1,0,0,0,1,0,0,0.31148578046516384,0.4624186623220065,,,,0.01,8,2,False,False
486,regular,psi,"[2, 6]","{2: 'withhold', 6: 'withhold'}",0,0,2,"[2, 6]",2,0,"[0, 1, 1, 1, 0, 0, 0, 1, 1, 0]","[1, 1, 0, 0, 0, 1, 1, 0]","[1, 1, 0, 0, 0, 1, 1, 0]",1,0,1,0,1,0,1,1,0.9186053049893894,0.9186053049893894,,,,0.01,8,2,False,False
487,regular,psi,"[7, 8]","{8: 'withhold', 7: 'coherent_flip'}",1,0,1,[8],1,1,"[1, 1, 0, 0, 0, 0, 0, 1, 0, 1]","[0, 0, 0, 0, 0, 1, 1, 1]","[0, 0, 0, 0, 0, 1, 1, 1]",1,1,1,0,1,0,0,0,0.3074901961321386,0.3074901961321386,,,,0.01,8,2,False,False
488,regular,psi,"[4, 8]","{8: 'withhold', 4: 'withhold'}",0,0,2,"[4, 8]",2,0,"[0, 0, 0, 0, 1, 0, 0, 1, 0, 1]","[0, 0, 1, 0, 0, 1, 0, 1]","[0, 0, 1, 0, 0, 1, 0, 1]",0,1,0,1,0,1,1,1,0.9186053070467102,0.9186053070467102,,,,0.01,8,2,False,False
489,regular,psi,"[2, 6]","{2: 'coherent_flip', 6: 'withhold'}",1,0,1,[6],1,1,"[0, 1, 1, 0, 1, 1, 0, 1, 1, 1]","[1, 1, 1, 1, 0, 1, 1, 1]","[1, 1, 1, 1, 0, 1, 1, 1]",0,1,1,1,1,1,0,0,0.46241866232200646,0.46241866232200646,,,,0.01,8,2,False,False
490,regular,psi,"[1, 8]","{8: 'coherent_flip', 1: 'coherent_flip'}",2,0,0,[],0,2,"[1, 0, 0, 1, 0, 1, 1, 1, 0, 0]","[1, 1, 0, 1, 1, 1, 0, 1]","[1, 1, 0, 1, 1, 1, 0, 1]",1,0,0,1,0,1,0,0,0.3114857680573853,0.3114857680573853,,,,0.01,8,2,False,False
491,verification,verification,"[1, 6]","{1: 'coherent_flip', 6: 'coherent_flip'}",2,0,0,[],0,2,"[0, 1, 0, 1, 0, 0, 0, 0, 1, 0]","[1, 1, 0, 0, 0, 1, 1, 0]","[1, 1, 0, 0, 0, 1, 1, 0]",0,1,1,0,1,0,0,0,,,Psi-,False,0.02616541545808695,0.01,8,2,False,False
492,regular,psi,"[7, 8]","{8: 'coherent_flip', 7: 'equivocate'}",1,1,0,[7],1,1,"[1, 1, 0, 1, 1, 1, 1, 1, 0, 0]","[0, 1, 1, 1, 1, 1, 1, 1]","[0, 1, 1, 1, 1, 1, 0, 1]",0,1,1,0,1,1,0,0,0.3114857339579289,0.4624187088292416,,,,0.01,8,2,False,False
493,regular,psi,"[1, 7]","{1: 'withhold', 7: 'coherent_flip'}",1,0,1,[1],1,1,"[1, 1, 1, 0, 0, 0, 1, 0, 1, 0]","[1, 0, 0, 0, 1, 0, 0, 0]","[1, 0, 0, 0, 1, 0, 0, 0]",1,0,1,1,1,1,0,0,0.3074901714698389,0.3074901714698389,,,,0.01,8,2,False,False
494,regular,psi,"[2, 3]","{3: 'withhold', 2: 'withhold'}",0,0,2,"[2, 3]",2,0,"[1, 0, 1, 0, 1, 0, 0, 0, 1, 1]","[1, 0, 1, 0, 0, 0, 1, 1]","[1, 0, 1, 0, 0, 0, 1, 1]",1,0,1,0,1,0,1,1,0.9186053311421751,0.9186053311421751,,,,0.01,8,2,False,False
495,regular,psi,"[2, 4]","{4: 'equivocate', 2: 'withhold'}",0,1,1,"[2, 4]",2,0,"[0, 0, 1, 0, 1, 1, 0, 0, 1, 1]","[1, 0, 1, 0, 0, 0, 1, 1]","[1, 0, 1, 1, 0, 0, 1, 1]",0,1,1,1,0,1,0,1,0.4624187088292415,0.9186053709941584,,,,0.01,8,2,False,False
496,regular,psi,"[4, 5]","{4: 'coherent_flip', 5: 'equivocate'}",1,1,0,[5],1,1,"[0, 1, 0, 1, 1, 0, 0, 1, 1, 1]","[0, 1, 1, 1, 1, 1, 1, 1]","[0, 1, 1, 1, 0, 1, 1, 1]",0,0,1,1,1,0,0,0,0.31148578190709725,0.46241868251940643,,,,0.01,8,2,False,False
497,regular,psi,"[5, 6]","{5: 'equivocate', 6: 'withhold'}",0,1,1,"[5, 6]",2,0,"[1, 1, 1, 1, 0, 0, 1, 0, 0, 0]","[1, 1, 0, 0, 0, 0, 0, 0]","[1, 1, 0, 0, 1, 0, 0, 0]",0,1,0,0,0,1,0,1,0.3074902073304903,0.9186053282430062,,,,0.01,8,2,False,False
498,verification,verification,"[3, 4]","{4: 'equivocate', 3: 'equivocate'}",0,2,0,"[3, 4]",2,0,"[0, 0, 1, 0, 0, 0, 0, 0, 1, 0]","[1, 0, 1, 1, 0, 0, 1, 0]","[1, 0, 0, 0, 0, 0, 1, 0]",0,0,1,1,0,0,0,1,,,Phi+,True,0.9215037799329693,0.01,8,2,False,False
499,regular,psi,"[7, 8]","{7: 'withhold', 8: 'equivocate'}",0,1,1,"[7, 8]",2,0,"[0, 1, 1, 1, 1, 0, 1, 0, 1, 1]","[1, 1, 1, 0, 1, 0, 1, 0]","[1, 1, 1, 0, 1, 0, 1, 1]",1,0,0,0,1,0,0,1,0.4624186906615403,0.9186052734365916,,,,0.01,8,2,False,False
