trial_id,trial_type,input_state,byzantine_nodes,byzantine_strategies,n_coherent_flip,n_equivocate,n_withhold,detected_nodes,n_detected,n_undetected_byz,true_all_outcomes,reported_ctrl,recovered_ctrl,M_X_true,M_Z_true,M_X_rep,M_Z_rep,M_X_rec,M_Z_rec,M_correct_before,M_correct_after,fidelity_before,fidelity_after,bell_outcome,verification_pass,p_phi_plus,noise_level,n_controllers,max_byzantine,is_trap,trap_detected,sweep_f
0,regular,psi,[],{},0,0,0,[],0,0,"[1, 1, 0, 1, 1, 0, 1, 0, 0, 0]","[0, 1, 1, 0, 1, 0, 0, 0]","[0, 1, 1, 0, 1, 0, 0, 0]",0,1,0,1,0,1,1,1,0.9186053394413579,0.9186053394413579,,,,0.01,8,0,False,False,0
1,regular,psi,[],{},0,0,0,[],0,0,"[1, 1, 1, 1, 1, 0, 0, 1, 1, 0]","[1, 1, 1, 0, 0, 1, 1, 0]","[1, 1, 1, 0, 0, 1, 1, 0]",1,0,1,0,1,0,1,1,0.9186053199438239,0.9186053199438239,,,,0.01,8,0,False,False,0
2,regular,psi,[],{},0,0,0,[],0,0,"[1, 1, 1, 1, 1, 1, 1, 0, 1, 0]","[1, 1, 1, 1, 1, 0, 1, 0]","[1, 1, 1, 1, 1, 0, 1, 0]",1,1,1,1,1,1,1,1,0.918605311017022,0.918605311017022,,,,0.01,8,0,False,False,0
3,verification,verification,[],{},0,0,0,[],0,0,"[0, 1, 0, 1, 1, 0, 1, 1, 0, 0]","[0, 1, 1, 0, 1, 1, 0, 0]","[0, 1, 1, 0, 1, 1, 0, 0]",1,0,1,0,1,0,1,1,,,Phi+,True,0.9215037799329693,0.01,8,0,False,False,0
4,regular,plus,[],{},0,0,0,[],0,0,"[0, 1, 0, 0, 0, 1, 1, 0, 0, 0]","[0, 0, 0, 1, 1, 0, 0, 0]","[0, 0, 0, 1, 1, 0, 0, 0]",0,1,0,1,0,1,1,1,0.9521910846233366,0.9521910846233366,,,,0.01,8,0,True,False,0
5,verification,verification,[],{},0,0,0,[],0,0,"[0, 0, 1, 0, 1, 0, 1, 0, 0, 1]","[1, 0, 1, 0, 1, 0, 0, 1]","[1, 0, 1, 0, 1, 0, 0, 1]",1,1,1,1,1,1,1,1,,,Phi+,True,0.9215037948341309,0.01,8,0,False,False,0
6,regular,psi,[],{},0,0,0,[],0,0,"[1, 1, 0, 0, 0, 1, 0, 0, 1, 1]","[0, 0, 0, 1, 0, 0, 1, 1]","[0, 0, 0, 1, 0, 0, 1, 1]",1,0,1,0,1,0,1,1,0.9186053311421751,0.9186053311421751,,,,0.01,8,0,False,False,0
7,regular,psi,[],{},0,0,0,[],0,0,"[0, 0, 0, 1, 1, 0, 1, 0, 0, 0]","[0, 1, 1, 0, 1, 0, 0, 0]","[0, 1, 1, 0, 1, 0, 0, 0]",1,0,1,0,1,0,1,1,0.9186053128601146,0.9186053128601146,,,,0.01,8,0,False,False,0
8,regular,psi,[],{},0,0,0,[],0,0,"[1, 1, 0, 1, 0, 0, 0, 1, 1, 1]","[0, 1, 0, 0, 0, 1, 1, 1]","[0, 1, 0, 0, 0, 1, 1, 1]",0,0,0,0,0,0,1,1,0.9186053826209672,0.9186053826209672,,,,0.01,8,0,False,False,0
9,regular,psi,[],{},0,0,0,[],0,0,"[1, 0, 0, 1, 1, 0, 1, 1, 1, 0]","[0, 1, 1, 0, 1, 1, 1, 0]","[0, 1, 1, 0, 1, 1, 1, 0]",0,0,0,0,0,0,1,1,0.9186053694170129,0.9186053694170129,,,,0.01,8,0,False,False,0
10,regular,psi,[],{},0,0,0,[],0,0,"[1, 1, 0, 1, 1, 1, 0, 0, 0, 0]","[0, 1, 1, 1, 0, 0, 0, 0]","[0, 1, 1, 1, 0, 0, 0, 0]",1,0,1,0,1,0,1,1,0.9186053694170129,0.9186053694170129,,,,0.01,8,0,False,False,0
11,regular,psi,[],{},0,0,0,[],0,0,"[1, 1, 0, 1, 0, 1, 0, 1, 1, 1]","[0, 1, 0, 1, 0, 1, 1, 1]","[0, 1, 0, 1, 0, 1, 1, 1]",1,0,1,0,1,0,1,1,0.9186053694170129,0.9186053694170129,,,,0.01,8,0,False,False,0
12,verification,verification,[],{},0,0,0,[],0,0,"[0, 1, 0, 1, 1, 1, 0, 1, 1, 1]","[0, 1, 1, 1, 0, 1, 1, 1]","[0, 1, 1, 1, 0, 1, 1, 1]",1,0,1,0,1,0,1,1,,,Phi+,True,0.9215038097352926,0.01,8,0,False,False,0
13,regular,psi,[],{},0,0,0,[],0,0,"[1, 1, 0, 0, 0, 1, 1, 0, 0, 1]","[0, 0, 0, 1, 1, 0, 0, 1]","[0, 0, 0, 1, 1, 0, 0, 1]",1,0,1,0,1,0,1,1,0.9186053094657081,0.9186053094657081,,,,0.01,8,0,False,False,0
14,regular,psi,[],{},0,0,0,[],0,0,"[0, 1, 1, 1, 0, 0, 0, 0, 0, 1]","[1, 1, 0, 0, 0, 0, 0, 1]","[1, 1, 0, 0, 0, 0, 0, 1]",1,1,1,1,1,1,1,1,0.9186052906625755,0.9186052906625755,,,,0.01,8,0,False,False,0
15,regular,psi,[],{},0,0,0,[],0,0,"[1, 1, 1, 1, 1, 0, 1, 1, 1, 0]","[1, 1, 1, 0, 1, 1, 1, 0]","[1, 1, 1, 0, 1, 1, 1, 0]",1,1,1,1,1,1,1,1,0.9186053300343824,0.9186053300343824,,,,0.01,8,0,False,False,0
16,regular,psi,[],{},0,0,0,[],0,0,"[1, 1, 0, 0, 1, 0, 0, 1, 1, 1]","[0, 0, 1, 0, 0, 1, 1, 1]","[0, 0, 1, 0, 0, 1, 1, 1]",1,1,1,1,1,1,1,1,0.9186053709941584,0.9186053709941584,,,,0.01,8,0,False,False,0
17,regular,psi,[],{},0,0,0,[],0,0,"[1, 1, 1, 1, 0, 0, 1, 1, 1, 1]","[1, 1, 0, 0, 1, 1, 1, 1]","[1, 1, 0, 0, 1, 1, 1, 1]",0,0,0,0,0,0,1,1,0.9186053398698146,0.9186053398698146,,,,0.01,8,0,False,False,0
18,regular,psi,[],{},0,0,0,[],0,0,"[1, 1, 1, 1, 0, 1, 1, 0, 1, 0]","[1, 1, 0, 1, 1, 0, 1, 0]","[1, 1, 0, 1, 1, 0, 1, 0]",1,0,1,0,1,0,1,1,0.9186053582186602,0.9186053582186602,,,,0.01,8,0,False,False,0
19,regular,psi,[],{},0,0,0,[],0,0,"[0, 1, 0, 1, 1, 1, 1, 0, 1, 1]","[0, 1, 1, 1, 1, 0, 1, 1]","[0, 1, 1, 1, 1, 0, 1, 1]",0,1,0,1,0,1,1,1,0.9186053244869236,0.9186053244869236,,,,0.01,8,0,False,False,0
20,regular,psi,[],{},0,0,0,[],0,0,"[1, 0, 1, 1, 0, 1, 0, 1, 1, 1]","[1, 1, 0, 1, 0, 1, 1, 1]","[1, 1, 0, 1, 0, 1, 1, 1]",0,1,0,1,0,1,1,1,0.918605331570632,0.918605331570632,,,,0.01,8,0,False,False,0
21,regular,psi,[],{},0,0,0,[],0,0,"[1, 1, 1, 0, 0, 1, 1, 0, 0, 1]","[1, 0, 0, 1, 1, 0, 0, 1]","[1, 0, 0, 1, 1, 0, 0, 1]",1,1,1,1,1,1,1,1,0.9186053394413579,0.9186053394413579,,,,0.01,8,0,False,False,0
22,regular,psi,[],{},0,0,0,[],0,0,"[1, 1, 1, 1, 1, 1, 1, 1, 0, 1]","[1, 1, 1, 1, 1, 1, 0, 1]","[1, 1, 1, 1, 1, 1, 0, 1]",1,0,1,0,1,0,1,1,0.9186052993902135,0.9186052993902135,,,,0.01,8,0,False,False,0
23,regular,psi,[],{},0,0,0,[],0,0,"[1, 1, 0, 1, 0, 0, 0, 1, 0, 0]","[0, 1, 0, 0, 0, 1, 0, 0]","[0, 1, 0, 0, 0, 1, 0, 0]",1,1,1,1,1,1,1,1,0.9186053743217831,0.9186053743217831,,,,0.01,8,0,False,False,0
24,regular,psi,[],{},0,0,0,[],0,0,"[1, 1, 1, 0, 1, 0, 0, 0, 1, 1]","[1, 0, 1, 0, 0, 0, 1, 1]","[1, 0, 1, 0, 0, 0, 1, 1]",0,0,0,0,0,0,1,1,0.9186053694170129,0.9186053694170129,,,,0.01,8,0,False,False,0
25,regular,psi,[],{},0,0,0,[],0,0,"[0, 1, 0, 0, 1, 1, 1, 1, 1, 0]","[0, 0, 1, 1, 1, 1, 1, 0]","[0, 0, 1, 1, 1, 1, 1, 0]",1,1,1,1,1,1,1,1,0.9186052931074509,0.9186052931074509,,,,0.01,8,0,False,False,0
26,verification,verification,[],{},0,0,0,[],0,0,"[0, 0, 0, 1, 1, 1, 0, 1, 1, 1]","[0, 1, 1, 1, 0, 1, 1, 1]","[0, 1, 1, 1, 0, 1, 1, 1]",0,0,0,0,0,0,1,1,,,Phi+,True,0.9215038097352926,0.01,8,0,False,False,0
27,regular,psi,[],{},0,0,0,[],0,0,"[0, 0, 0, 1, 0, 1, 0, 0, 1, 1]","[0, 1, 0, 1, 0, 0, 1, 1]","[0, 1, 0, 1, 0, 0, 1, 1]",1,1,1,1,1,1,1,1,0.9186053047342604,0.9186053047342604,,,,0.01,8,0,False,False,0
28,regular,plus,[],{},0,0,0,[],0,0,"[0, 0, 0, 0, 1, 1, 1, 0, 1, 0]","[0, 0, 1, 1, 1, 0, 1, 0]","[0, 0, 1, 1, 1, 0, 1, 0]",1,1,1,1,1,1,1,1,0.9521910846233366,0.9521910846233366,,,,0.01,8,0,True,False,0
29,regular,psi,[],{},0,0,0,[],0,0,"[1, 1, 0, 0, 0, 0, 0, 1, 1, 1]","[0, 0, 0, 0, 0, 1, 1, 1]","[0, 0, 0, 0, 0, 1, 1, 1]",1,0,1,0,1,0,1,1,0.9186053477405408,0.9186053477405408,,,,0.01,8,0,False,False,0
30,regular,psi,[],{},0,0,0,[],0,0,"[0, 0, 0, 0, 0, 1, 1, 1, 1, 0]","[0, 0, 0, 1, 1, 1, 1, 0]","[0, 0, 0, 1, 1, 1, 1, 0]",0,0,0,0,0,0,1,1,0.9186053128601146,0.9186053128601146,,,,0.01,8,0,False,False,0
31,verification,verification,[],{},0,0,0,[],0,0,"[0, 0, 1, 0, 1, 1, 0, 1, 1, 0]","[1, 0, 1, 1, 0, 1, 1, 0]","[1, 0, 1, 1, 0, 1, 1, 0]",0,1,0,1,0,1,1,1,,,Phi+,True,0.9215038097352926,0.01,8,0,False,False,0
32,verification,verification,[],{},0,0,0,[],0,0,"[0, 0, 1, 1, 1, 0, 1, 1, 0, 0]","[1, 1, 1, 0, 1, 1, 0, 0]","[1, 1, 1, 0, 1, 1, 0, 0]",0,1,0,1,0,1,1,1,,,Phi+,True,0.9215037799329693,0.01,8,0,False,False,0
33,verification,verification,[],{},0,0,0,[],0,0,"[1, 0, 1, 1, 1, 1, 0, 0, 1, 0]","[1, 1, 1, 1, 0, 0, 1, 0]","[1, 1, 1, 1, 0, 0, 1, 0]",0,0,0,0,0,0,1,1,,,Phi+,True,0.9215037948341309,0.01,8,0,False,False,0
34,regular,psi,[],{},0,0,0,[],0,0,"[0, 1, 0, 0, 1, 0, 0, 0, 1, 1]","[0, 0, 1, 0, 0, 0, 1, 1]","[0, 0, 1, 0, 0, 0, 1, 1]",0,0,0,0,0,0,1,1,0.918605284634943,0.918605284634943,,,,0.01,8,0,False,False,0
35,regular,psi,[],{},0,0,0,[],0,0,"[0, 1, 0, 0, 0, 1, 0, 0, 0, 1]","[0, 0, 0, 1, 0, 0, 0, 1]","[0, 0, 0, 1, 0, 0, 0, 1]",1,0,1,0,1,0,1,1,0.9186052714309836,0.9186052714309836,,,,0.01,8,0,False,False,0
36,regular,psi,[],{},0,0,0,[],0,0,"[1, 0, 1, 0, 0, 0, 1, 0, 1, 1]","[1, 0, 0, 0, 1, 0, 1, 1]","[1, 0, 0, 0, 1, 0, 1, 1]",1,0,1,0,1,0,1,1,0.918605307888559,0.918605307888559,,,,0.01,8,0,False,False,0
37,regular,psi,[],{},0,0,0,[],0,0,"[0, 1, 1, 0, 0, 0, 1, 0, 1, 0]","[1, 0, 0, 0, 1, 0, 1, 0]","[1, 0, 0, 0, 1, 0, 1, 0]",1,1,1,1,1,1,1,1,0.9186053112161854,0.9186053112161854,,,,0.01,8,0,False,False,0
38,regular,psi,[],{},0,0,0,[],0,0,"[1, 0, 0, 0, 1, 0, 1, 1, 1, 1]","[0, 0, 1, 0, 1, 1, 1, 1]","[0, 0, 1, 0, 1, 1, 1, 1]",0,0,0,0,0,0,1,1,0.9186053510681662,0.9186053510681662,,,,0.01,8,0,False,False,0
39,regular,psi,[],{},0,0,0,[],0,0,"[0, 1, 0, 1, 0, 0, 1, 0, 1, 1]","[0, 1, 0, 0, 1, 0, 1, 1]","[0, 1, 0, 0, 1, 0, 1, 1]",1,0,1,0,1,0,1,1,0.9186052846349431,0.9186052846349431,,,,0.01,8,0,False,False,0
40,verification,verification,[],{},0,0,0,[],0,0,"[0, 0, 1, 1, 0, 1, 0, 0, 0, 1]","[1, 1, 0, 1, 0, 0, 0, 1]","[1, 1, 0, 1, 0, 0, 0, 1]",1,1,1,1,1,1,1,1,,,Phi+,True,0.9215037948341309,0.01,8,0,False,False,0
41,regular,psi,[],{},0,0,0,[],0,0,"[1, 1, 0, 1, 1, 0, 0, 1, 0, 1]","[0, 1, 1, 0, 0, 1, 0, 1]","[0, 1, 1, 0, 0, 1, 0, 1]",0,0,0,0,0,0,1,1,0.9186053311421752,0.9186053311421752,,,,0.01,8,0,False,False,0
42,regular,psi,[],{},0,0,0,[],0,0,"[1, 0, 0, 1, 1, 1, 1, 1, 0, 1]","[0, 1, 1, 1, 1, 1, 0, 1]","[0, 1, 1, 1, 1, 1, 0, 1]",0,1,0,1,0,1,1,1,0.9186053369555792,0.9186053369555792,,,,0.01,8,0,False,False,0
43,regular,psi,[],{},0,0,0,[],0,0,"[1, 1, 1, 1, 1, 1, 0, 0, 1, 1]","[1, 1, 1, 1, 0, 0, 1, 1]","[1, 1, 1, 1, 0, 0, 1, 1]",0,0,0,0,0,0,1,1,0.9186053365421889,0.9186053365421889,,,,0.01,8,0,False,False,0
44,regular,psi,[],{},0,0,0,[],0,0,"[0, 1, 0, 1, 1, 0, 0, 0, 0, 0]","[0, 1, 1, 0, 0, 0, 0, 0]","[0, 1, 1, 0, 0, 0, 0, 0]",0,1,0,1,0,1,1,1,0.9186052962617509,0.9186052962617509,,,,0.01,8,0,False,False,0
45,regular,psi,[],{},0,0,0,[],0,0,"[0, 0, 0, 1, 1, 0, 0, 0, 1, 1]","[0, 1, 1, 0, 0, 0, 1, 1]","[0, 1, 1, 0, 0, 0, 1, 1]",0,0,0,0,0,0,1,1,0.9186053161877409,0.9186053161877409,,,,0.01,8,0,False,False,0
46,regular,psi,[],{},0,0,0,[],0,0,"[0, 1, 1, 1, 1, 1, 0, 0, 0, 1]","[1, 1, 1, 1, 0, 0, 0, 1]","[1, 1, 1, 1, 0, 0, 0, 1]",0,0,0,0,0,0,1,1,0.9186053305145562,0.9186053305145562,,,,0.01,8,0,False,False,0
47,regular,psi,[],{},0,0,0,[],0,0,"[0, 0, 1, 1, 0, 1, 1, 1, 1, 0]","[1, 1, 0, 1, 1, 1, 1, 0]","[1, 1, 0, 1, 1, 1, 1, 0]",1,1,1,1,1,1,1,1,0.9186053259714562,0.9186053259714562,,,,0.01,8,0,False,False,0
48,regular,psi,[],{},0,0,0,[],0,0,"[1, 0, 0, 1, 0, 0, 1, 1, 1, 1]","[0, 1, 0, 0, 1, 1, 1, 1]","[0, 1, 0, 0, 1, 1, 1, 1]",1,1,1,1,1,1,1,1,0.9186053278145495,0.9186053278145495,,,,0.01,8,0,False,False,0
49,regular,psi,[],{},0,0,0,[],0,0,"[1, 0, 1, 0, 0, 1, 1, 0, 0, 0]","[1, 0, 0, 1, 1, 0, 0, 0]","[1, 0, 0, 1, 1, 0, 0, 0]",1,1,1,1,1,1,1,1,0.9186053709941584,0.9186053709941584,,,,0.01,8,0,False,False,0
50,regular,psi,[],{},0,0,0,[],0,0,"[0, 1, 0, 0, 0, 1, 1, 0, 0, 1]","[0, 0, 0, 1, 1, 0, 0, 1]","[0, 0, 0, 1, 1, 0, 0, 1]",1,1,1,1,1,1,1,1,0.9186052830577923,0.9186052830577923,,,,0.01,8,0,False,False,0
51,verification,verification,[],{},0,0,0,[],0,0,"[0, 0, 1, 1, 0, 1, 0, 0, 0, 1]","[1, 1, 0, 1, 0, 0, 0, 1]","[1, 1, 0, 1, 0, 0, 0, 1]",1,1,1,1,1,1,1,1,,,Phi+,True,0.9215037948341309,0.01,8,0,False,False,0
52,regular,psi,[],{},0,0,0,[],0,0,"[1, 0, 1, 0, 0, 1, 0, 1, 1, 1]","[1, 0, 0, 1, 0, 1, 1, 1]","[1, 0, 0, 1, 0, 1, 1, 1]",1,1,1,1,1,1,1,1,0.9186053709941584,0.9186053709941584,,,,0.01,8,0,False,False,0
53,regular,psi,[],{},0,0,0,[],0,0,"[1, 0, 1, 1, 0, 0, 0, 0, 0, 1]","[1, 1, 0, 0, 0, 0, 0, 1]","[1, 1, 0, 0, 0, 0, 0, 1]",0,0,0,0,0,0,1,1,0.9186053638178365,0.9186053638178365,,,,0.01,8,0,False,False,0
54,regular,psi,[],{},0,0,0,[],0,0,"[0, 0, 0, 0, 0, 1, 1, 1, 0, 1]","[0, 0, 0, 1, 1, 1, 0, 1]","[0, 0, 0, 1, 1, 1, 0, 1]",1,1,1,1,1,1,1,1,0.9186053244869234,0.9186053244869234,,,,0.01,8,0,False,False,0
55,regular,psi,[],{},0,0,0,[],0,0,"[1, 0, 1, 0, 1, 0, 1, 1, 1, 1]","[1, 0, 1, 0, 1, 1, 1, 1]","[1, 0, 1, 0, 1, 1, 1, 1]",0,1,0,1,0,1,1,1,0.9186053468319089,0.9186053468319089,,,,0.01,8,0,False,False,0
56,regular,psi,[],{},0,0,0,[],0,0,"[1, 1, 1, 1, 1, 1, 0, 1, 0, 0]","[1, 1, 1, 1, 0, 1, 0, 0]","[1, 1, 1, 1, 0, 1, 0, 0]",0,1,0,1,0,1,1,1,0.9186053338421821,0.9186053338421821,,,,0.01,8,0,False,False,0
57,regular,psi,[],{},0,0,0,[],0,0,"[1, 1, 0, 0, 0, 0, 0, 0, 0, 1]","[0, 0, 0, 0, 0, 0, 0, 1]","[0, 0, 0, 0, 0, 0, 0, 1]",0,1,0,1,0,1,1,1,0.9186053651807541,0.9186053651807541,,,,0.01,8,0,False,False,0
58,regular,psi,[],{},0,0,0,[],0,0,"[1, 1, 0, 1, 1, 0, 1, 0, 0, 1]","[0, 1, 1, 0, 1, 0, 0, 1]","[0, 1, 1, 0, 1, 0, 0, 1]",1,1,1,1,1,1,1,1,0.9186053394413579,0.9186053394413579,,,,0.01,8,0,False,False,0
59,regular,psi,[],{},0,0,0,[],0,0,"[1, 1, 0, 0, 1, 1, 1, 0, 1, 0]","[0, 0, 1, 1, 1, 0, 1, 0]","[0, 0, 1, 1, 1, 0, 1, 0]",0,0,0,0,0,0,1,1,0.918605307888559,0.918605307888559,,,,0.01,8,0,False,False,0
60,regular,psi,[],{},0,0,0,[],0,0,"[0, 0, 0, 0, 0, 0, 0, 0, 1, 1]","[0, 0, 0, 0, 0, 0, 1, 1]","[0, 0, 0, 0, 0, 0, 1, 1]",1,1,1,1,1,1,1,1,0.9186052929341242,0.9186052929341242,,,,0.01,8,0,False,False,0
61,regular,psi,[],{},0,0,0,[],0,0,"[0, 0, 0, 1, 0, 0, 1, 0, 1, 0]","[0, 1, 0, 0, 1, 0, 1, 0]","[0, 1, 0, 0, 1, 0, 1, 0]",1,0,1,0,1,0,1,1,0.918605316187741,0.918605316187741,,,,0.01,8,0,False,False,0
62,regular,psi,[],{},0,0,0,[],0,0,"[0, 1, 1, 0, 0, 0, 0, 1, 0, 0]","[1, 0, 0, 0, 0, 1, 0, 0]","[1, 0, 0, 0, 0, 1, 0, 0]",0,1,0,1,0,1,1,1,0.9186052912901966,0.9186052912901966,,,,0.01,8,0,False,False,0
63,regular,psi,[],{},0,0,0,[],0,0,"[1, 1, 1, 1, 1, 1, 1, 1, 0, 0]","[1, 1, 1, 1, 1, 1, 0, 0]","[1, 1, 1, 1, 1, 1, 0, 0]",0,0,0,0,0,0,1,1,0.9186052993902135,0.9186052993902135,,,,0.01,8,0,False,False,0
64,regular,psi,[],{},0,0,0,[],0,0,"[0, 0, 0, 0, 1, 0, 0, 0, 1, 1]","[0, 0, 1, 0, 0, 0, 1, 1]","[0, 0, 1, 0, 0, 0, 1, 1]",1,0,1,0,1,0,1,1,0.9186052714309835,0.9186052714309835,,,,0.01,8,0,False,False,0
65,regular,psi,[],{},0,0,0,[],0,0,"[1, 0, 1, 1, 1, 1, 0, 1, 0, 0]","[1, 1, 1, 1, 0, 1, 0, 0]","[1, 1, 1, 1, 0, 1, 0, 0]",1,1,1,1,1,1,1,1,0.9186053313564035,0.9186053313564035,,,,0.01,8,0,False,False,0
66,regular,psi,[],{},0,0,0,[],0,0,"[1, 0, 1, 0, 1, 1, 0, 1, 1, 0]","[1, 0, 1, 1, 0, 1, 1, 0]","[1, 0, 1, 1, 0, 1, 1, 0]",0,0,0,0,0,0,1,1,0.9186053477405409,0.9186053477405409,,,,0.01,8,0,False,False,0
67,regular,psi,[],{},0,0,0,[],0,0,"[1, 0, 1, 0, 0, 0, 1, 1, 0, 1]","[1, 0, 0, 0, 1, 1, 0, 1]","[1, 0, 0, 0, 1, 1, 0, 1]",0,1,0,1,0,1,1,1,0.9186053369555792,0.9186053369555792,,,,0.01,8,0,False,False,0
68,regular,psi,[],{},0,0,0,[],0,0,"[0, 1, 0, 0, 0, 1, 0, 1, 0, 0]","[0, 0, 0, 1, 0, 1, 0, 0]","[0, 0, 0, 1, 0, 1, 0, 0]",1,0,1,0,1,0,1,1,0.9186052714309836,0.9186052714309836,,,,0.01,8,0,False,False,0
69,regular,plus,[],{},0,0,0,[],0,0,"[0, 1, 0, 1, 1, 1, 0, 0, 0, 1]","[0, 1, 1, 1, 0, 0, 0, 1]","[0, 1, 1, 1, 0, 0, 0, 1]",0,1,0,1,0,1,1,1,0.9521910846233366,0.9521910846233366,,,,0.01,8,0,True,False,0
70,regular,psi,[],{},0,0,0,[],0,0,"[1, 1, 1, 0, 0, 1, 1, 0, 1, 0]","[1, 0, 0, 1, 1, 0, 1, 0]","[1, 0, 0, 1, 1, 0, 1, 0]",0,0,0,0,0,0,1,1,0.9186053078885591,0.9186053078885591,,,,0.01,8,0,False,False,0
71,regular,psi,[],{},0,0,0,[],0,0,"[0, 0, 0, 1, 1, 0, 0, 0, 1, 1]","[0, 1, 1, 0, 0, 0, 1, 1]","[0, 1, 1, 0, 0, 0, 1, 1]",0,0,0,0,0,0,1,1,0.9186053161877409,0.9186053161877409,,,,0.01,8,0,False,False,0
72,regular,psi,[],{},0,0,0,[],0,0,"[1, 0, 1, 1, 0, 0, 1, 1, 1, 1]","[1, 1, 0, 0, 1, 1, 1, 1]","[1, 1, 0, 0, 1, 1, 1, 1]",1,0,1,0,1,0,1,1,0.9186053582186602,0.9186053582186602,,,,0.01,8,0,False,False,0
73,verification,verification,[],{},0,0,0,[],0,0,"[0, 1, 0, 1, 0, 1, 0, 0, 0, 0]","[0, 1, 0, 1, 0, 0, 0, 0]","[0, 1, 0, 1, 0, 0, 0, 0]",1,0,1,0,1,0,1,1,,,Phi+,True,0.9215037948341309,0.01,8,0,False,False,0
74,regular,psi,[],{},0,0,0,[],0,0,"[0, 0, 1, 1, 1, 0, 0, 0, 1, 0]","[1, 1, 1, 0, 0, 0, 1, 0]","[1, 1, 1, 0, 0, 0, 1, 0]",1,1,1,1,1,1,1,1,0.9186053597958065,0.9186053597958065,,,,0.01,8,0,False,False,0
75,regular,psi,[],{},0,0,0,[],0,0,"[1, 1, 1, 1, 1, 1, 0, 0, 0, 1]","[1, 1, 1, 1, 0, 0, 0, 1]","[1, 1, 1, 1, 0, 0, 0, 1]",0,1,0,1,0,1,1,1,0.9186053595815781,0.9186053595815781,,,,0.01,8,0,False,False,0
76,regular,psi,[],{},0,0,0,[],0,0,"[0, 0, 0, 1, 0, 1, 1, 1, 1, 0]","[0, 1, 0, 1, 1, 1, 1, 0]","[0, 1, 0, 1, 1, 1, 1, 0]",1,0,1,0,1,0,1,1,0.918605316187741,0.918605316187741,,,,0.01,8,0,False,False,0
77,regular,psi,[],{},0,0,0,[],0,0,"[1, 0, 0, 1, 0, 1, 1, 1, 1, 0]","[0, 1, 0, 1, 1, 1, 1, 0]","[0, 1, 0, 1, 1, 1, 1, 0]",1,1,1,1,1,1,1,1,0.9186053468319089,0.9186053468319089,,,,0.01,8,0,False,False,0
78,regular,psi,[],{},0,0,0,[],0,0,"[0, 0, 0, 1, 1, 0, 0, 1, 0, 0]","[0, 1, 1, 0, 0, 1, 0, 0]","[0, 1, 1, 0, 0, 1, 0, 0]",0,1,0,1,0,1,1,1,0.918605296261751,0.918605296261751,,,,0.01,8,0,False,False,0
79,regular,psi,[],{},0,0,0,[],0,0,"[0, 1, 0, 1, 1, 0, 0, 0, 0, 0]","[0, 1, 1, 0, 0, 0, 0, 0]","[0, 1, 1, 0, 0, 0, 0, 0]",0,1,0,1,0,1,1,1,0.9186052962617509,0.9186052962617509,,,,0.01,8,0,False,False,0
80,regular,psi,[],{},0,0,0,[],0,0,"[1, 1, 1, 0, 1, 0, 1, 0, 1, 1]","[1, 0, 1, 0, 1, 0, 1, 1]","[1, 0, 1, 0, 1, 0, 1, 1]",0,1,0,1,0,1,1,1,0.9186053709941584,0.9186053709941584,,,,0.01,8,0,False,False,0
81,regular,zero,[],{},0,0,0,[],0,0,"[0, 0, 0, 0, 0, 1, 0, 1, 0, 0]","[0, 0, 0, 1, 0, 1, 0, 0]","[0, 0, 0, 1, 0, 1, 0, 0]",0,0,0,0,0,0,1,1,0.952191069009767,0.952191069009767,,,,0.01,8,0,True,False,0
82,verification,verification,[],{},0,0,0,[],0,0,"[1, 0, 0, 0, 1, 0, 0, 0, 1, 1]","[0, 0, 1, 0, 0, 0, 1, 1]","[0, 0, 1, 0, 0, 0, 1, 1]",1,1,1,1,1,1,1,1,,,Phi+,True,0.9215037948341309,0.01,8,0,False,False,0
83,regular,psi,[],{},0,0,0,[],0,0,"[0, 1, 0, 1, 1, 0, 1, 0, 1, 0]","[0, 1, 1, 0, 1, 0, 1, 0]","[0, 1, 1, 0, 1, 0, 1, 0]",0,1,0,1,0,1,1,1,0.9186053047342604,0.9186053047342604,,,,0.01,8,0,False,False,0
84,regular,psi,[],{},0,0,0,[],0,0,"[1, 0, 1, 0, 1, 0, 1, 1, 1, 0]","[1, 0, 1, 0, 1, 1, 1, 0]","[1, 0, 1, 0, 1, 1, 1, 0]",1,1,1,1,1,1,1,1,0.9186053468319089,0.9186053468319089,,,,0.01,8,0,False,False,0
85,verification,verification,[],{},0,0,0,[],0,0,"[0, 1, 0, 0, 1, 1, 0, 0, 0, 0]","[0, 0, 1, 1, 0, 0, 0, 0]","[0, 0, 1, 1, 0, 0, 0, 0]",0,1,0,1,0,1,1,1,,,Phi+,True,0.9215037799329693,0.01,8,0,False,False,0
86,regular,psi,[],{},0,0,0,[],0,0,"[0, 1, 1, 1, 0, 1, 1, 1, 0, 1]","[1, 1, 0, 1, 1, 1, 0, 1]","[1, 1, 0, 1, 1, 1, 0, 1]",1,0,1,0,1,0,1,1,0.9186053016617628,0.9186053016617628,,,,0.01,8,0,False,False,0
87,regular,psi,[],{},0,0,0,[],0,0,"[0, 0, 0, 1, 0, 1, 1, 1, 1, 0]","[0, 1, 0, 1, 1, 1, 1, 0]","[0, 1, 0, 1, 1, 1, 1, 0]",1,0,1,0,1,0,1,1,0.918605316187741,0.918605316187741,,,,0.01,8,0,False,False,0
88,verification,verification,[],{},0,0,0,[],0,0,"[0, 1, 1, 0, 1, 1, 0, 0, 0, 1]","[1, 0, 1, 1, 0, 0, 0, 1]","[1, 0, 1, 1, 0, 0, 0, 1]",1,0,1,0,1,0,1,1,,,Phi+,True,0.9215037799329693,0.01,8,0,False,False,0
89,regular,psi,[],{},0,0,0,[],0,0,"[1, 0, 0, 0, 0, 0, 0, 0, 0, 1]","[0, 0, 0, 0, 0, 0, 0, 1]","[0, 0, 0, 0, 0, 0, 0, 1]",1,1,1,1,1,1,1,1,0.9186053743217831,0.9186053743217831,,,,0.01,8,0,False,False,0
90,regular,psi,[],{},0,0,0,[],0,0,"[1, 1, 1, 1, 0, 0, 0, 0, 0, 0]","[1, 1, 0, 0, 0, 0, 0, 0]","[1, 1, 0, 0, 0, 0, 0, 0]",0,0,0,0,0,0,1,1,0.9186053022893833,0.9186053022893833,,,,0.01,8,0,False,False,0
91,regular,psi,[],{},0,0,0,[],0,0,"[0, 0, 0, 1, 1, 1, 0, 1, 0, 0]","[0, 1, 1, 1, 0, 1, 0, 0]","[0, 1, 1, 1, 0, 1, 0, 0]",1,1,1,1,1,1,1,1,0.9186053020751549,0.9186053020751549,,,,0.01,8,0,False,False,0
92,regular,psi,[],{},0,0,0,[],0,0,"[1, 1, 1, 1, 0, 1, 1, 1, 1, 0]","[1, 1, 0, 1, 1, 1, 1, 0]","[1, 1, 0, 1, 1, 1, 1, 0]",0,0,0,0,0,0,1,1,0.9186053526194838,0.9186053526194838,,,,0.01,8,0,False,False,0
93,regular,psi,[],{},0,0,0,[],0,0,"[0, 1, 1, 0, 0, 1, 1, 1, 0, 1]","[1, 0, 0, 1, 1, 1, 0, 1]","[1, 0, 0, 1, 1, 1, 0, 1]",0,0,0,0,0,0,1,1,0.918605296261751,0.918605296261751,,,,0.01,8,0,False,False,0
94,regular,psi,[],{},0,0,0,[],0,0,"[1, 0, 1, 1, 1, 1, 0, 0, 0, 0]","[1, 1, 1, 1, 0, 0, 0, 0]","[1, 1, 1, 1, 0, 0, 0, 0]",0,1,0,1,0,1,1,1,0.9186053338421819,0.9186053338421819,,,,0.01,8,0,False,False,0
95,regular,psi,[],{},0,0,0,[],0,0,"[1, 0, 0, 1, 1, 0, 1, 1, 0, 0]","[0, 1, 1, 0, 1, 1, 0, 0]","[0, 1, 1, 0, 1, 1, 0, 0]",0,1,0,1,0,1,1,1,0.9186053709941584,0.9186053709941584,,,,0.01,8,0,False,False,0
96,verification,verification,[],{},0,0,0,[],0,0,"[0, 0, 1, 0, 1, 1, 1, 0, 0, 0]","[1, 0, 1, 1, 1, 0, 0, 0]","[1, 0, 1, 1, 1, 0, 0, 0]",1,1,1,1,1,1,1,1,,,Phi-,False,0.9215037799329693,0.01,8,0,False,False,0
97,regular,psi,[],{},0,0,0,[],0,0,"[1, 0, 1, 1, 1, 1, 1, 0, 1, 1]","[1, 1, 1, 1, 1, 0, 1, 1]","[1, 1, 1, 1, 1, 0, 1, 1]",1,1,1,1,1,1,1,1,0.9186053226438303,0.9186053226438303,,,,0.01,8,0,False,False,0
98,regular,psi,[],{},0,0,0,[],0,0,"[1, 1, 0, 0, 0, 0, 0, 1, 1, 0]","[0, 0, 0, 0, 0, 1, 1, 0]","[0, 0, 0, 0, 0, 1, 1, 0]",0,0,0,0,0,0,1,1,0.9186053477405408,0.9186053477405408,,,,0.01,8,0,False,False,0
99,regular,psi,[],{},0,0,0,[],0,0,"[0, 0, 0, 0, 1, 0, 0, 1, 1, 0]","[0, 0, 1, 0, 0, 1, 1, 0]","[0, 0, 1, 0, 0, 1, 1, 0]",1,0,1,0,1,0,1,1,0.918605301233306,0.918605301233306,,,,0.01,8,0,False,False,0
100,regular,psi,[],{},0,0,0,[],0,0,"[1, 1, 0, 1, 1, 1, 1, 1, 0, 0]","[0, 1, 1, 1, 1, 1, 0, 0]","[0, 1, 1, 1, 1, 1, 0, 0]",0,1,0,1,0,1,1,1,0.9186053709941584,0.9186053709941584,,,,0.01,8,0,False,False,0
101,regular,psi,[],{},0,0,0,[],0,0,"[1, 1, 0, 1, 1, 1, 0, 0, 1, 0]","[0, 1, 1, 1, 0, 0, 1, 0]","[0, 1, 1, 1, 0, 0, 1, 0]",1,1,1,1,1,1,1,1,0.9186053709941584,0.9186053709941584,,,,0.01,8,0,False,False,0
102,verification,verification,[],{},0,0,0,[],0,0,"[0, 1, 0, 0, 1, 1, 0, 1, 1, 0]","[0, 0, 1, 1, 0, 1, 1, 0]","[0, 0, 1, 1, 0, 1, 1, 0]",1,0,1,0,1,0,1,1,,,Phi+,True,0.9215038097352926,0.01,8,0,False,False,0
103,regular,psi,[],{},0,0,0,[],0,0,"[1, 1, 0, 1, 0, 0, 0, 0, 1, 1]","[0, 1, 0, 0, 0, 0, 1, 1]","[0, 1, 0, 0, 0, 0, 1, 1]",1,0,1,0,1,0,1,1,0.9186053626949747,0.9186053626949747,,,,0.01,8,0,False,False,0
104,regular,psi,[],{},0,0,0,[],0,0,"[0, 0, 1, 1, 0, 0, 1, 0, 1, 1]","[1, 1, 0, 0, 1, 0, 1, 1]","[1, 1, 0, 0, 1, 0, 1, 1]",0,1,0,1,0,1,1,1,0.9186053541966305,0.9186053541966305,,,,0.01,8,0,False,False,0
105,regular,psi,[],{},0,0,0,[],0,0,"[1, 0, 1, 1, 1, 1, 0, 0, 1, 1]","[1, 1, 1, 1, 0, 0, 1, 1]","[1, 1, 1, 1, 0, 0, 1, 1]",1,0,1,0,1,0,1,1,0.9186052966902076,0.9186052966902076,,,,0.01,8,0,False,False,0
106,regular,psi,[],{},0,0,0,[],0,0,"[0, 0, 0, 0, 0, 1, 1, 1, 1, 1]","[0, 0, 0, 1, 1, 1, 1, 1]","[0, 0, 0, 1, 1, 1, 1, 1]",1,0,1,0,1,0,1,1,0.9186053128601146,0.9186053128601146,,,,0.01,8,0,False,False,0
107,regular,psi,[],{},0,0,0,[],0,0,"[1, 0, 1, 0, 1, 1, 1, 0, 0, 1]","[1, 0, 1, 1, 1, 0, 0, 1]","[1, 0, 1, 1, 1, 0, 0, 1]",0,0,0,0,0,0,1,1,0.9186053361137322,0.9186053361137322,,,,0.01,8,0,False,False,0
108,regular,psi,[],{},0,0,0,[],0,0,"[0, 0, 1, 0, 0, 1, 1, 0, 0, 0]","[1, 0, 0, 1, 1, 0, 0, 0]","[1, 0, 0, 1, 1, 0, 0, 0]",1,0,1,0,1,0,1,1,0.9186053361137322,0.9186053361137322,,,,0.01,8,0,False,False,0
109,regular,psi,[],{},0,0,0,[],0,0,"[0, 1, 1, 1, 0, 0, 0, 1, 1, 1]","[1, 1, 0, 0, 0, 1, 1, 1]","[1, 1, 0, 0, 0, 1, 1, 1]",0,0,0,0,0,0,1,1,0.9186053049893894,0.9186053049893894,,,,0.01,8,0,False,False,0
110,verification,verification,[],{},0,0,0,[],0,0,"[1, 1, 0, 1, 1, 0, 0, 1, 1, 0]","[0, 1, 1, 0, 0, 1, 1, 0]","[0, 1, 1, 0, 0, 1, 1, 0]",1,1,1,1,1,1,1,1,,,Phi+,True,0.9215038097352926,0.01,8,0,False,False,0
111,regular,psi,[],{},0,0,0,[],0,0,"[1, 0, 1, 0, 1, 0, 0, 1, 1, 0]","[1, 0, 1, 0, 0, 1, 1, 0]","[1, 0, 1, 0, 0, 1, 1, 0]",1,0,1,0,1,0,1,1,0.9186053311421751,0.9186053311421751,,,,0.01,8,0,False,False,0
112,regular,psi,[],{},0,0,0,[],0,0,"[1, 0, 1, 1, 0, 0, 0, 1, 1, 0]","[1, 1, 0, 0, 0, 1, 1, 0]","[1, 1, 0, 0, 0, 1, 1, 0]",0,1,0,1,0,1,1,1,0.9186053597958065,0.9186053597958065,,,,0.01,8,0,False,False,0
113,regular,psi,[],{},0,0,0,[],0,0,"[1, 0, 1, 1, 1, 0, 1, 1, 0, 1]","[1, 1, 1, 0, 1, 1, 0, 1]","[1, 1, 1, 0, 1, 1, 0, 1]",1,0,1,0,1,0,1,1,0.9186053582186602,0.9186053582186602,,,,0.01,8,0,False,False,0
114,regular,psi,[],{},0,0,0,[],0,0,"[0, 0, 1, 1, 0, 1, 1, 1, 1, 0]","[1, 1, 0, 1, 1, 1, 1, 0]","[1, 1, 0, 1, 1, 1, 1, 0]",1,1,1,1,1,1,1,1,0.9186053259714562,0.9186053259714562,,,,0.01,8,0,False,False,0
115,regular,psi,[],{},0,0,0,[],0,0,"[1, 1, 1, 0, 1, 1, 1, 0, 1, 1]","[1, 0, 1, 1, 1, 0, 1, 1]","[1, 0, 1, 1, 1, 0, 1, 1]",1,1,1,1,1,1,1,1,0.9186053394413579,0.9186053394413579,,,,0.01,8,0,False,False,0
116,regular,psi,[],{},0,0,0,[],0,0,"[0, 0, 0, 0, 0, 0, 1, 1, 0, 1]","[0, 0, 0, 0, 1, 1, 0, 1]","[0, 0, 0, 0, 1, 1, 0, 1]",0,1,0,1,0,1,1,1,0.9186053014475342,0.9186053014475342,,,,0.01,8,0,False,False,0
117,regular,psi,[],{},0,0,0,[],0,0,"[0, 0, 1, 0, 0, 1, 0, 0, 0, 0]","[1, 0, 0, 1, 0, 0, 0, 0]","[1, 0, 0, 1, 0, 0, 0, 0]",1,1,1,1,1,1,1,1,0.9186053651807541,0.9186053651807541,,,,0.01,8,0,False,False,0
118,regular,psi,[],{},0,0,0,[],0,0,"[0, 1, 0, 1, 1, 0, 1, 0, 0, 1]","[0, 1, 1, 0, 1, 0, 0, 1]","[0, 1, 1, 0, 1, 0, 0, 1]",1,0,1,0,1,0,1,1,0.9186052830577923,0.9186052830577923,,,,0.01,8,0,False,False,0
119,regular,plus,[],{},0,0,0,[],0,0,"[0, 1, 0, 1, 0, 0, 0, 0, 1, 1]","[0, 1, 0, 0, 0, 0, 1, 1]","[0, 1, 0, 0, 0, 0, 1, 1]",1,1,1,1,1,1,1,1,0.9521910846233366,0.9521910846233366,,,,0.01,8,0,True,False,0
120,regular,psi,[],{},0,0,0,[],0,0,"[0, 0, 1, 0, 0, 1, 0, 0, 0, 1]","[1, 0, 0, 1, 0, 0, 0, 1]","[1, 0, 0, 1, 0, 0, 0, 1]",0,1,0,1,0,1,1,1,0.9186053651807541,0.9186053651807541,,,,0.01,8,0,False,False,0
121,regular,psi,[],{},0,0,0,[],0,0,"[1, 1, 1, 0, 1, 1, 0, 0, 0, 1]","[1, 0, 1, 1, 0, 0, 0, 1]","[1, 0, 1, 1, 0, 0, 0, 1]",1,1,1,1,1,1,1,1,0.9186053394413578,0.9186053394413578,,,,0.01,8,0,False,False,0
122,regular,psi,[],{},0,0,0,[],0,0,"[1, 0, 0, 0, 0, 1, 0, 0, 1, 0]","[0, 0, 0, 1, 0, 0, 1, 0]","[0, 0, 0, 1, 0, 0, 1, 0]",1,0,1,0,1,0,1,1,0.9186053593673498,0.9186053593673498,,,,0.01,8,0,False,False,0
123,regular,psi,[],{},0,0,0,[],0,0,"[1, 1, 0, 1, 0, 1, 1, 0, 1, 0]","[0, 1, 0, 1, 1, 0, 1, 0]","[0, 1, 0, 1, 1, 0, 1, 0]",1,1,1,1,1,1,1,1,0.9186053560397247,0.9186053560397247,,,,0.01,8,0,False,False,0
124,regular,psi,[],{},0,0,0,[],0,0,"[0, 0, 1, 0, 0, 1, 0, 1, 1, 1]","[1, 0, 0, 1, 0, 1, 1, 1]","[1, 0, 0, 1, 0, 1, 1, 1]",1,0,1,0,1,0,1,1,0.9186053477405409,0.9186053477405409,,,,0.01,8,0,False,False,0
125,regular,psi,[],{},0,0,0,[],0,0,"[0, 1, 0, 1, 1, 1, 1, 1, 1, 0]","[0, 1, 1, 1, 1, 1, 1, 0]","[0, 1, 1, 1, 1, 1, 1, 0]",0,1,0,1,0,1,1,1,0.9186053244869234,0.9186053244869234,,,,0.01,8,0,False,False,0
126,regular,psi,[],{},0,0,0,[],0,0,"[1, 0, 1, 0, 1, 0, 0, 0, 1, 0]","[1, 0, 1, 0, 0, 0, 1, 0]","[1, 0, 1, 0, 0, 0, 1, 0]",0,0,0,0,0,0,1,1,0.9186053311421751,0.9186053311421751,,,,0.01,8,0,False,False,0
127,regular,psi,[],{},0,0,0,[],0,0,"[0, 0, 1, 0, 0, 1, 0, 0, 0, 1]","[1, 0, 0, 1, 0, 0, 0, 1]","[1, 0, 0, 1, 0, 0, 0, 1]",0,1,0,1,0,1,1,1,0.9186053651807541,0.9186053651807541,,,,0.01,8,0,False,False,0
128,regular,psi,[],{},0,0,0,[],0,0,"[1, 0, 1, 1, 0, 1, 0, 0, 0, 1]","[1, 1, 0, 1, 0, 0, 0, 1]","[1, 1, 0, 1, 0, 0, 0, 1]",1,0,1,0,1,0,1,1,0.9186053022893833,0.9186053022893833,,,,0.01,8,0,False,False,0
129,regular,psi,[],{},0,0,0,[],0,0,"[0, 1, 1, 0, 0, 0, 0, 0, 1, 0]","[1, 0, 0, 0, 0, 0, 1, 0]","[1, 0, 0, 0, 0, 0, 1, 0]",1,0,1,0,1,0,1,1,0.9186053195153672,0.9186053195153672,,,,0.01,8,0,False,False,0
130,regular,psi,[],{},0,0,0,[],0,0,"[1, 1, 0, 1, 1, 0, 0, 0, 0, 1]","[0, 1, 1, 0, 0, 0, 0, 1]","[0, 1, 1, 0, 0, 0, 0, 1]",1,0,1,0,1,0,1,1,0.9186053078885591,0.9186053078885591,,,,0.01,8,0,False,False,0
131,verification,verification,[],{},0,0,0,[],0,0,"[1, 1, 0, 1, 1, 0, 0, 1, 1, 0]","[0, 1, 1, 0, 0, 1, 1, 0]","[0, 1, 1, 0, 0, 1, 1, 0]",1,1,1,1,1,1,1,1,,,Phi+,True,0.9215038097352926,0.01,8,0,False,False,0
132,regular,psi,[],{},0,0,0,[],0,0,"[1, 1, 0, 0, 0, 0, 1, 1, 1, 1]","[0, 0, 0, 0, 1, 1, 1, 1]","[0, 0, 0, 0, 1, 1, 1, 1]",1,1,1,1,1,1,1,1,0.9186053166161979,0.9186053166161979,,,,0.01,8,0,False,False,0
133,regular,psi,[],{},0,0,0,[],0,0,"[0, 0, 1, 0, 0, 1, 1, 1, 1, 1]","[1, 0, 0, 1, 1, 1, 1, 1]","[1, 0, 0, 1, 1, 1, 1, 1]",1,1,1,1,1,1,1,1,0.9186053278145495,0.9186053278145495,,,,0.01,8,0,False,False,0
134,regular,psi,[],{},0,0,0,[],0,0,"[1, 0, 0, 0, 1, 0, 1, 0, 0, 0]","[0, 0, 1, 0, 1, 0, 0, 0]","[0, 0, 1, 0, 1, 0, 0, 0]",0,1,0,1,0,1,1,1,0.9186053394413579,0.9186053394413579,,,,0.01,8,0,False,False,0
135,regular,psi,[],{},0,0,0,[],0,0,"[1, 0, 0, 0, 1, 0, 1, 1, 0, 1]","[0, 0, 1, 0, 1, 1, 0, 1]","[0, 0, 1, 0, 1, 1, 0, 1]",0,1,0,1,0,1,1,1,0.9186053369555793,0.9186053369555793,,,,0.01,8,0,False,False,0
136,regular,psi,[],{},0,0,0,[],0,0,"[0, 0, 0, 0, 1, 1, 1, 0, 0, 1]","[0, 0, 1, 1, 1, 0, 0, 1]","[0, 0, 1, 1, 1, 0, 0, 1]",0,0,0,0,0,0,1,1,0.9186053184592906,0.9186053184592906,,,,0.01,8,0,False,False,0
137,regular,psi,[],{},0,0,0,[],0,0,"[0, 0, 0, 1, 0, 1, 1, 0, 1, 1]","[0, 1, 0, 1, 1, 0, 1, 1]","[0, 1, 0, 1, 1, 0, 1, 1]",1,0,1,0,1,0,1,1,0.918605284634943,0.918605284634943,,,,0.01,8,0,False,False,0
138,regular,psi,[],{},0,0,0,[],0,0,"[0, 0, 0, 1, 0, 1, 0, 0, 1, 1]","[0, 1, 0, 1, 0, 0, 1, 1]","[0, 1, 0, 1, 0, 0, 1, 1]",1,1,1,1,1,1,1,1,0.9186053047342604,0.9186053047342604,,,,0.01,8,0,False,False,0
139,regular,psi,[],{},0,0,0,[],0,0,"[0, 0, 0, 0, 1, 0, 0, 1, 0, 0]","[0, 0, 1, 0, 0, 1, 0, 0]","[0, 0, 1, 0, 0, 1, 0, 0]",1,1,1,1,1,1,1,1,0.9186053070467102,0.9186053070467102,,,,0.01,8,0,False,False,0
140,regular,psi,[],{},0,0,0,[],0,0,"[1, 0, 1, 1, 1, 1, 0, 0, 1, 0]","[1, 1, 1, 1, 0, 0, 1, 0]","[1, 1, 1, 1, 0, 0, 1, 0]",0,0,0,0,0,0,1,1,0.9186052966902076,0.9186052966902076,,,,0.01,8,0,False,False,0
141,regular,psi,[],{},0,0,0,[],0,0,"[1, 0, 1, 0, 1, 1, 1, 1, 0, 0]","[1, 0, 1, 1, 1, 1, 0, 0]","[1, 0, 1, 1, 1, 1, 0, 0]",0,0,0,0,0,0,1,1,0.918605316187741,0.918605316187741,,,,0.01,8,0,False,False,0
142,verification,verification,[],{},0,0,0,[],0,0,"[1, 0, 0, 1, 1, 0, 1, 1, 0, 1]","[0, 1, 1, 0, 1, 1, 0, 1]","[0, 1, 1, 0, 1, 1, 0, 1]",1,1,1,1,1,1,1,1,,,Phi+,True,0.9215037799329693,0.01,8,0,False,False,0
143,verification,verification,[],{},0,0,0,[],0,0,"[1, 0, 0, 1, 0, 0, 1, 0, 1, 1]","[0, 1, 0, 0, 1, 0, 1, 1]","[0, 1, 0, 0, 1, 0, 1, 1]",0,1,0,1,0,1,1,1,,,Phi+,True,0.9215037650318076,0.01,8,0,False,False,0
144,regular,psi,[],{},0,0,0,[],0,0,"[0, 1, 0, 1, 1, 1, 0, 0, 1, 1]","[0, 1, 1, 1, 0, 0, 1, 1]","[0, 1, 1, 1, 0, 0, 1, 1]",0,0,0,0,0,0,1,1,0.918605316187741,0.918605316187741,,,,0.01,8,0,False,False,0
145,regular,psi,[],{},0,0,0,[],0,0,"[1, 1, 0, 0, 1, 1, 0, 1, 0, 0]","[0, 0, 1, 1, 0, 1, 0, 0]","[0, 0, 1, 1, 0, 1, 0, 0]",1,0,1,0,1,0,1,1,0.9186053311421751,0.9186053311421751,,,,0.01,8,0,False,False,0
146,regular,psi,[],{},0,0,0,[],0,0,"[1, 0, 0, 1, 0, 0, 0, 1, 0, 0]","[0, 1, 0, 0, 0, 1, 0, 0]","[0, 1, 0, 0, 0, 1, 0, 0]",0,1,0,1,0,1,1,1,0.9186053394413579,0.9186053394413579,,,,0.01,8,0,False,False,0
147,regular,psi,[],{},0,0,0,[],0,0,"[0, 1, 1, 1, 0, 0, 0, 1, 1, 1]","[1, 1, 0, 0, 0, 1, 1, 1]","[1, 1, 0, 0, 0, 1, 1, 1]",0,0,0,0,0,0,1,1,0.9186053049893894,0.9186053049893894,,,,0.01,8,0,False,False,0
148,verification,verification,[],{},0,0,0,[],0,0,"[0, 1, 1, 0, 0, 0, 0, 0, 0, 0]","[1, 0, 0, 0, 0, 0, 0, 0]","[1, 0, 0, 0, 0, 0, 0, 0]",1,1,1,1,1,1,1,1,,,Phi+,True,0.9215037799329693,0.01,8,0,False,False,0
149,regular,psi,[],{},0,0,0,[],0,0,"[0, 1, 1, 0, 0, 0, 1, 1, 1, 1]","[1, 0, 0, 0, 1, 1, 1, 1]","[1, 0, 0, 0, 1, 1, 1, 1]",1,1,1,1,1,1,1,1,0.9186053112161853,0.9186053112161853,,,,0.01,8,0,False,False,0
0,regular,psi,[7],{7: 'coherent_flip'},1,0,0,[],0,1,"[1, 0, 0, 0, 0, 0, 0, 0, 0, 1]","[0, 0, 0, 0, 0, 0, 1, 1]","[0, 0, 0, 0, 0, 0, 1, 1]",1,1,1,0,1,0,0,0,0.30749016125171347,0.30749016125171347,,,,0.01,8,1,False,False,1
1,regular,psi,[8],{8: 'coherent_flip'},1,0,0,[],0,1,"[0, 1, 1, 0, 1, 0, 0, 0, 1, 1]","[1, 0, 1, 0, 0, 0, 1, 0]","[1, 0, 1, 0, 0, 0, 1, 0]",0,1,1,1,1,1,0,0,0.46241869414621484,0.46241869414621484,,,,0.01,8,1,False,False,1
2,regular,psi,[4],{4: 'equivocate'},0,1,0,[4],1,0,"[0, 0, 0, 0, 0, 1, 1, 0, 0, 0]","[0, 0, 0, 0, 1, 0, 0, 0]","[0, 0, 0, 1, 1, 0, 0, 0]",1,1,0,1,1,1,0,1,0.4624186623220065,0.9186053244869236,,,,0.01,8,1,False,False,1
3,regular,psi,[8],{8: 'equivocate'},0,1,0,[8],1,0,"[0, 1, 1, 0, 0, 1, 0, 0, 1, 0]","[1, 0, 0, 1, 0, 0, 1, 1]","[1, 0, 0, 1, 0, 0, 1, 0]",0,0,1,0,0,0,0,1,0.46241873148479146,0.9186052796633892,,,,0.01,8,1,False,False,1
4,regular,psi,[4],{4: 'equivocate'},0,1,0,[4],1,0,"[0, 1, 0, 0, 1, 1, 0, 0, 1, 1]","[0, 0, 1, 0, 0, 0, 1, 1]","[0, 0, 1, 1, 0, 0, 1, 1]",1,0,0,0,1,0,0,1,0.46241866887071137,0.9186052714309835,,,,0.01,8,1,False,False,1
5,verification,verification,[5],{5: 'coherent_flip'},1,0,0,[],0,1,"[0, 1, 1, 1, 0, 1, 0, 1, 1, 1]","[1, 1, 0, 1, 1, 1, 1, 1]","[1, 1, 0, 1, 1, 1, 1, 1]",1,0,1,1,1,1,0,0,,,Phi-,False,0.026165381853740906,0.01,8,1,False,False,1
6,regular,psi,[2],{2: 'withhold'},0,0,1,[2],1,0,"[0, 0, 0, 0, 1, 1, 1, 1, 1, 1]","[0, 0, 1, 1, 1, 1, 1, 1]","[0, 0, 1, 1, 1, 1, 1, 1]",1,1,1,1,1,1,1,1,0.9186053244869234,0.9186053244869234,,,,0.01,8,1,False,False,1
7,verification,verification,[2],{2: 'withhold'},0,0,1,[2],1,0,"[0, 0, 1, 0, 1, 1, 1, 0, 0, 0]","[1, 0, 1, 1, 1, 0, 0, 0]","[1, 0, 1, 1, 1, 0, 0, 0]",1,1,1,1,1,1,1,1,,,Phi+,True,0.9215037799329693,0.01,8,1,False,False,1
8,regular,psi,[5],{5: 'equivocate'},0,1,0,[5],1,0,"[0, 0, 0, 1, 0, 1, 1, 0, 0, 0]","[0, 1, 0, 1, 0, 0, 0, 0]","[0, 1, 0, 1, 1, 0, 0, 0]",0,1,0,0,0,1,0,1,0.3074902176724134,0.9186052962617509,,,,0.01,8,1,False,False,1
9,regular,psi,[4],{4: 'withhold'},0,0,1,[4],1,0,"[1, 1, 1, 0, 0, 0, 0, 1, 1, 0]","[1, 0, 0, 0, 0, 1, 1, 0]","[1, 0, 0, 0, 0, 1, 1, 0]",0,1,0,1,0,1,1,1,0.9186053709941584,0.9186053709941584,,,,0.01,8,1,False,False,1
10,regular,psi,[3],{3: 'withhold'},0,0,1,[3],1,0,"[1, 0, 1, 1, 1, 0, 0, 0, 0, 1]","[1, 1, 1, 0, 0, 0, 0, 1]","[1, 1, 1, 0, 0, 0, 0, 1]",0,1,0,1,0,1,1,1,0.9186053653949824,0.9186053653949824,,,,0.01,8,1,False,False,1
11,regular,psi,[1],{1: 'equivocate'},0,1,0,[1],1,0,"[1, 1, 1, 1, 0, 0, 1, 1, 1, 0]","[0, 1, 0, 0, 1, 1, 1, 0]","[1, 1, 0, 0, 1, 1, 1, 0]",1,0,1,1,1,0,0,1,0.30749019570368186,0.9186053398698146,,,,0.01,8,1,False,False,1
12,regular,psi,[8],{8: 'coherent_flip'},1,0,0,[],0,1,"[0, 1, 1, 1, 1, 0, 0, 1, 1, 1]","[1, 1, 1, 0, 0, 1, 1, 0]","[1, 1, 1, 0, 0, 1, 1, 0]",0,1,1,1,1,1,0,0,0.4624186735203585,0.4624186735203585,,,,0.01,8,1,False,False,1
13,regular,psi,[4],{4: 'coherent_flip'},1,0,0,[],0,1,"[1, 0, 1, 1, 0, 0, 1, 0, 1, 1]","[1, 1, 0, 1, 1, 0, 1, 1]","[1, 1, 0, 1, 1, 0, 1, 1]",0,0,1,0,1,0,0,0,0.4624187266611035,0.4624187266611035,,,,0.01,8,1,False,False,1
14,regular,psi,[1],{1: 'equivocate'},0,1,0,[1],1,0,"[0, 1, 0, 0, 0, 0, 0, 1, 1, 0]","[1, 0, 0, 0, 0, 1, 1, 0]","[0, 0, 0, 0, 0, 1, 1, 0]",0,1,0,0,0,1,0,1,0.3074901765479431,0.9186053047342603,,,,0.01,8,1,False,False,1
15,regular,psi,[8],{8: 'withhold'},0,0,1,[8],1,0,"[1, 0, 0, 0, 0, 1, 1, 1, 0, 0]","[0, 0, 0, 1, 1, 1, 0, 0]","[0, 0, 0, 1, 1, 1, 0, 0]",0,0,0,0,0,0,1,1,0.9186053477405408,0.9186053477405408,,,,0.01,8,1,False,False,1
16,regular,psi,[2],{2: 'coherent_flip'},1,0,0,[],0,1,"[0, 0, 0, 0, 1, 0, 0, 0, 1, 1]","[0, 1, 1, 0, 0, 0, 1, 1]","[0, 1, 1, 0, 0, 0, 1, 1]",1,0,0,0,0,0,0,0,0.46241866887071137,0.46241866887071137,,,,0.01,8,1,False,False,1
17,regular,psi,[2],{2: 'withhold'},0,0,1,[2],1,0,"[1, 1, 1, 0, 0, 0, 0, 1, 1, 0]","[1, 0, 0, 0, 0, 1, 1, 0]","[1, 0, 0, 0, 0, 1, 1, 0]",0,1,0,1,0,1,1,1,0.9186053709941584,0.9186053709941584,,,,0.01,8,1,False,False,1
18,regular,psi,[6],{6: 'coherent_flip'},1,0,0,[],0,1,"[0, 1, 1, 0, 1, 0, 1, 1, 0, 1]","[1, 0, 1, 0, 1, 0, 0, 1]","[1, 0, 1, 0, 1, 0, 0, 1]",1,1,0,1,0,1,0,0,0.46241869414621484,0.46241869414621484,,,,0.01,8,1,False,False,1
19,regular,psi,[5],{5: 'coherent_flip'},1,0,0,[],0,1,"[0, 1, 1, 1, 0, 0, 0, 1, 1, 1]","[1, 1, 0, 0, 1, 1, 1, 1]","[1, 1, 0, 0, 1, 1, 1, 1]",0,0,0,1,0,1,0,0,0.30749023058410707,0.30749023058410707,,,,0.01,8,1,False,False,1
20,regular,psi,[4],{4: 'withhold'},0,0,1,[4],1,0,"[0, 1, 0, 1, 0, 1, 0, 1, 0, 1]","[0, 1, 0, 1, 0, 1, 0, 1]","[0, 1, 0, 1, 0, 1, 0, 1]",1,0,1,0,1,0,1,1,0.9186053128601146,0.9186053128601146,,,,0.01,8,1,False,False,1
21,regular,psi,[6],{6: 'withhold'},0,0,1,[6],1,0,"[0, 0, 1, 1, 1, 0, 0, 0, 0, 0]","[1, 1, 1, 0, 0, 0, 0, 0]","[1, 1, 1, 0, 0, 0, 0, 0]",1,0,1,0,1,0,1,1,0.9186053638178365,0.9186053638178365,,,,0.01,8,1,False,False,1
22,regular,psi,[2],{2: 'equivocate'},0,1,0,[2],1,0,"[1, 0, 0, 1, 0, 1, 0, 1, 0, 0]","[0, 0, 0, 1, 0, 1, 0, 0]","[0, 1, 0, 1, 0, 1, 0, 0]",1,1,0,1,1,1,0,1,0.4624187375972293,0.9186053427689832,,,,0.01,8,1,False,False,1
23,regular,psi,[7],{7: 'equivocate'},0,1,0,[7],1,0,"[0, 1, 0, 1, 1, 1, 1, 0, 0, 0]","[0, 1, 1, 1, 1, 0, 1, 0]","[0, 1, 1, 1, 1, 0, 0, 0]",1,0,1,1,1,0,0,1,0.30749024435271505,0.9186053128601146,,,,0.01,8,1,False,False,1
24,verification,verification,[6],{6: 'equivocate'},0,1,0,[6],1,0,"[1, 0, 0, 0, 0, 0, 1, 0, 1, 1]","[0, 0, 0, 0, 1, 1, 1, 1]","[0, 0, 0, 0, 1, 0, 1, 1]",1,1,0,1,1,1,0,1,,,Phi+,True,0.9215037650318076,0.01,8,1,False,False,1
25,regular,psi,[7],{7: 'equivocate'},0,1,0,[7],1,0,"[0, 1, 1, 0, 0, 1, 0, 1, 1, 1]","[1, 0, 0, 1, 0, 1, 0, 1]","[1, 0, 0, 1, 0, 1, 1, 1]",0,0,0,1,0,0,0,1,0.3074901944187973,0.9186053195153672,,,,0.01,8,1,False,False,1
26,regular,psi,[4],{4: 'equivocate'},0,1,0,[4],1,0,"[1, 0, 1, 0, 0, 1, 0, 0, 0, 1]","[1, 0, 0, 0, 0, 0, 0, 1]","[1, 0, 0, 1, 0, 0, 0, 1]",0,0,1,0,0,0,0,1,0.46241870986357453,0.9186053694170129,,,,0.01,8,1,False,False,1
27,regular,psi,[7],{7: 'equivocate'},0,1,0,[7],1,0,"[0, 0, 1, 1, 1, 1, 0, 0, 0, 1]","[1, 1, 1, 1, 0, 0, 1, 1]","[1, 1, 1, 1, 0, 0, 0, 1]",1,0,1,1,1,0,0,1,0.3074902116447811,0.9186053022893834,,,,0.01,8,1,False,False,1
28,regular,psi,[5],{5: 'coherent_flip'},1,0,0,[],0,1,"[0, 1, 1, 1, 1, 0, 1, 0, 0, 1]","[1, 1, 1, 0, 0, 0, 0, 1]","[1, 1, 1, 0, 0, 0, 0, 1]",1,1,1,0,1,0,0,0,0.3074902344699404,0.3074902344699404,,,,0.01,8,1,False,False,1
29,regular,psi,[4],{4: 'equivocate'},0,1,0,[4],1,0,"[1, 0, 0, 1, 1, 1, 1, 0, 0, 1]","[0, 1, 1, 0, 1, 0, 0, 1]","[0, 1, 1, 1, 1, 0, 0, 1]",1,1,0,1,1,1,0,1,0.4624187057730232,0.9186053394413579,,,,0.01,8,1,False,False,1
30,regular,psi,[6],{6: 'coherent_flip'},1,0,0,[],0,1,"[1, 1, 1, 0, 1, 1, 1, 0, 0, 0]","[1, 0, 1, 1, 1, 1, 0, 0]","[1, 0, 1, 1, 1, 1, 0, 0]",0,0,1,0,1,0,0,0,0.4624187027168051,0.4624187027168051,,,,0.01,8,1,False,False,1
31,regular,psi,[5],{5: 'coherent_flip'},1,0,0,[],0,1,"[1, 1, 1, 1, 1, 0, 0, 0, 0, 1]","[1, 1, 1, 0, 1, 0, 0, 1]","[1, 1, 1, 0, 1, 0, 0, 1]",1,1,1,0,1,0,0,0,0.30749017676435686,0.30749017676435686,,,,0.01,8,1,False,False,1
32,verification,verification,[1],{1: 'equivocate'},0,1,0,[1],1,0,"[1, 0, 0, 1, 1, 0, 1, 0, 0, 0]","[1, 1, 1, 0, 1, 0, 0, 0]","[0, 1, 1, 0, 1, 0, 0, 0]",1,1,1,0,1,1,0,1,,,Phi+,True,0.9215037948341309,0.01,8,1,False,False,1
33,regular,psi,[7],{7: 'equivocate'},0,1,0,[7],1,0,"[0, 1, 1, 0, 1, 0, 1, 0, 0, 0]","[1, 0, 1, 0, 1, 0, 1, 0]","[1, 0, 1, 0, 1, 0, 0, 0]",1,1,1,0,1,1,0,1,0.30749019784548004,0.9186053593673497,,,,0.01,8,1,False,False,1
34,regular,psi,[8],{8: 'coherent_flip'},1,0,0,[],0,1,"[0, 0, 1, 1, 0, 0, 1, 1, 1, 1]","[1, 1, 0, 0, 1, 1, 1, 0]","[1, 1, 0, 0, 1, 1, 1, 0]",1,1,0,1,0,1,0,0,0.4624187200275935,0.4624187200275935,,,,0.01,8,1,False,False,1
35,regular,psi,[2],{2: 'coherent_flip'},1,0,0,[],0,1,"[1, 0, 0, 0, 0, 0, 1, 1, 0, 1]","[0, 1, 0, 0, 1, 1, 0, 1]","[0, 1, 0, 0, 1, 1, 0, 1]",0,0,1,0,1,0,0,0,0.4624187154627509,0.4624187154627509,,,,0.01,8,1,False,False,1
36,regular,psi,[8],{8: 'equivocate'},0,1,0,[8],1,0,"[1, 1, 0, 1, 0, 1, 1, 1, 1, 1]","[0, 1, 0, 1, 1, 1, 1, 0]","[0, 1, 0, 1, 1, 1, 1, 1]",1,1,0,1,1,1,0,1,0.4624186972024328,0.9186053593673498,,,,0.01,8,1,False,False,1
37,regular,psi,[2],{2: 'equivocate'},0,1,0,[2],1,0,"[0, 0, 0, 1, 1, 0, 0, 1, 0, 1]","[0, 0, 1, 0, 0, 1, 0, 1]","[0, 1, 1, 0, 0, 1, 0, 1]",1,1,0,1,1,1,0,1,0.46241869108999706,0.918605296261751,,,,0.01,8,1,False,False,1
38,regular,psi,[5],{5: 'coherent_flip'},1,0,0,[],0,1,"[0, 0, 0, 0, 0, 0, 0, 0, 1, 1]","[0, 0, 0, 0, 1, 0, 1, 1]","[0, 0, 0, 0, 1, 0, 1, 1]",1,1,1,0,1,0,0,0,0.3074902426393723,0.3074902426393723,,,,0.01,8,1,False,False,1
39,regular,psi,[2],{2: 'coherent_flip'},1,0,0,[],0,1,"[1, 0, 1, 0, 1, 1, 0, 1, 0, 0]","[1, 1, 1, 1, 0, 1, 0, 0]","[1, 1, 1, 1, 0, 1, 0, 0]",0,1,1,1,1,1,0,0,0.4624187057730232,0.4624187057730232,,,,0.01,8,1,False,False,1
40,regular,psi,[4],{4: 'withhold'},0,0,1,[4],1,0,"[1, 0, 0, 1, 0, 1, 1, 1, 1, 1]","[0, 1, 0, 1, 1, 1, 1, 1]","[0, 1, 0, 1, 1, 1, 1, 1]",0,1,0,1,0,1,1,1,0.9186053468319089,0.9186053468319089,,,,0.01,8,1,False,False,1
41,regular,psi,[6],{6: 'withhold'},0,0,1,[6],1,0,"[0, 0, 0, 0, 0, 0, 1, 1, 1, 0]","[0, 0, 0, 0, 1, 1, 1, 0]","[0, 0, 0, 0, 1, 1, 1, 0]",1,0,1,0,1,0,1,1,0.9186052900349541,0.9186052900349541,,,,0.01,8,1,False,False,1
42,regular,psi,[8],{8: 'equivocate'},0,1,0,[8],1,0,"[0, 1, 1, 1, 1, 1, 0, 1, 1, 0]","[1, 1, 1, 1, 0, 1, 1, 1]","[1, 1, 1, 1, 0, 1, 1, 0]",0,1,1,1,0,1,0,1,0.4624187053445664,0.9186053166161979,,,,0.01,8,1,False,False,1
43,regular,psi,[2],{2: 'equivocate'},0,1,0,[2],1,0,"[0, 1, 1, 0, 1, 0, 1, 1, 1, 0]","[1, 1, 1, 0, 1, 1, 1, 0]","[1, 0, 1, 0, 1, 1, 1, 0]",0,0,1,0,0,0,0,1,0.4624186825194064,0.918605316187741,,,,0.01,8,1,False,False,1
44,regular,psi,[7],{7: 'coherent_flip'},1,0,0,[],0,1,"[0, 1, 1, 0, 0, 0, 1, 0, 1, 0]","[1, 0, 0, 0, 1, 0, 0, 0]","[1, 0, 0, 0, 1, 0, 0, 0]",1,1,1,0,1,0,0,0,0.30749018107864845,0.30749018107864845,,,,0.01,8,1,False,False,1
45,regular,psi,[3],{3: 'withhold'},0,0,1,[3],1,0,"[0, 0, 0, 1, 1, 1, 0, 0, 1, 1]","[0, 1, 1, 1, 0, 0, 1, 1]","[0, 1, 1, 1, 0, 0, 1, 1]",1,0,1,0,1,0,1,1,0.9186052846349431,0.9186052846349431,,,,0.01,8,1,False,False,1
46,regular,psi,[4],{4: 'withhold'},0,0,1,[4],1,0,"[0, 1, 1, 1, 0, 0, 0, 0, 0, 1]","[1, 1, 0, 0, 0, 0, 0, 1]","[1, 1, 0, 0, 0, 0, 0, 1]",1,1,1,1,1,1,1,1,0.9186052906625755,0.9186052906625755,,,,0.01,8,1,False,False,1
47,verification,verification,[6],{6: 'equivocate'},0,1,0,[6],1,0,"[1, 0, 1, 0, 1, 0, 0, 1, 1, 0]","[1, 0, 1, 0, 0, 0, 1, 0]","[1, 0, 1, 0, 0, 1, 1, 0]",1,0,0,0,1,0,0,1,,,Phi+,True,0.9215038097352926,0.01,8,1,False,False,1
48,regular,psi,[4],{4: 'coherent_flip'},1,0,0,[],0,1,"[1, 0, 0, 1, 0, 0, 1, 1, 1, 0]","[0, 1, 0, 1, 1, 1, 1, 0]","[0, 1, 0, 1, 1, 1, 1, 0]",0,1,1,1,1,1,0,0,0.4624186941462148,0.4624186941462148,,,,0.01,8,1,False,False,1
49,verification,verification,[8],{8: 'withhold'},0,0,1,[8],1,0,"[0, 0, 1, 0, 0, 0, 0, 0, 0, 0]","[1, 0, 0, 0, 0, 0, 0, 0]","[1, 0, 0, 0, 0, 0, 0, 0]",0,1,0,1,0,1,1,1,,,Phi+,True,0.9215037799329693,0.01,8,1,False,False,1
50,regular,psi,[7],{7: 'withhold'},0,0,1,[7],1,0,"[0, 1, 0, 1, 0, 0, 0, 1, 0, 1]","[0, 1, 0, 0, 0, 1, 0, 1]","[0, 1, 0, 0, 0, 1, 0, 1]",0,0,0,0,0,0,1,1,0.9186052830577923,0.9186052830577923,,,,0.01,8,1,False,False,1
51,regular,psi,[2],{2: 'withhold'},0,0,1,[2],1,0,"[1, 0, 0, 1, 0, 0, 1, 0, 0, 1]","[0, 1, 0, 0, 1, 0, 0, 1]","[0, 1, 0, 0, 1, 0, 0, 1]",0,0,0,0,0,0,1,1,0.9186053361137322,0.9186053361137322,,,,0.01,8,1,False,False,1
52,regular,psi,[1],{1: 'equivocate'},0,1,0,[1],1,0,"[1, 0, 1, 1, 1, 0, 0, 0, 0, 1]","[0, 1, 1, 0, 0, 0, 0, 1]","[1, 1, 1, 0, 0, 0, 0, 1]",0,1,0,0,0,1,0,1,0.30749019181784715,0.9186053653949824,,,,0.01,8,1,False,False,1
53,regular,psi,[5],{5: 'coherent_flip'},1,0,0,[],0,1,"[0, 0, 0, 0, 0, 0, 1, 0, 0, 1]","[0, 0, 0, 0, 0, 0, 0, 1]","[0, 0, 0, 0, 0, 0, 0, 1]",1,1,1,0,1,0,0,0,0.30749024823854815,0.30749024823854815,,,,0.01,8,1,False,False,1
54,verification,verification,[1],{1: 'coherent_flip'},1,0,0,[],0,1,"[1, 0, 1, 1, 0, 1, 1, 0, 0, 1]","[0, 1, 0, 1, 1, 0, 0, 1]","[0, 1, 0, 1, 1, 0, 0, 1]",1,1,1,0,1,0,0,0,,,Phi-,False,0.026165396754902544,0.01,8,1,False,False,1
55,regular,psi,[3],{3: 'equivocate'},0,1,0,[3],1,0,"[0, 1, 1, 1, 1, 0, 1, 0, 0, 0]","[1, 1, 0, 0, 1, 0, 0, 0]","[1, 1, 1, 0, 1, 0, 0, 0]",0,1,0,0,0,1,0,1,0.3074902344699404,0.918605279464224,,,,0.01,8,1,False,False,1
56,regular,psi,[7],{7: 'coherent_flip'},1,0,0,[],0,1,"[1, 0, 0, 1, 1, 0, 0, 0, 0, 0]","[0, 1, 1, 0, 0, 0, 1, 0]","[0, 1, 1, 0, 0, 0, 1, 0]",1,0,1,1,1,1,0,0,0.3074901714698389,0.3074901714698389,,,,0.01,8,1,False,False,1
57,regular,psi,[4],{4: 'equivocate'},0,1,0,[4],1,0,"[1, 1, 1, 1, 0, 0, 1, 1, 0, 0]","[1, 1, 0, 1, 1, 1, 0, 0]","[1, 1, 0, 0, 1, 1, 0, 0]",1,1,0,1,1,1,0,1,0.4624187485813523,0.9186053201580522,,,,0.01,8,1,False,False,1
58,regular,psi,[6],{6: 'coherent_flip'},1,0,0,[],0,1,"[0, 0, 1, 0, 1, 1, 0, 1, 0, 1]","[1, 0, 1, 1, 0, 0, 0, 1]","[1, 0, 1, 1, 0, 0, 0, 1]",1,0,0,0,0,0,0,0,0.4624187098635745,0.4624187098635745,,,,0.01,8,1,False,False,1
59,regular,psi,[3],{3: 'coherent_flip'},1,0,0,[],0,1,"[0, 1, 1, 0, 1, 1, 0, 0, 1, 0]","[1, 0, 0, 1, 0, 0, 1, 0]","[1, 0, 0, 1, 0, 0, 1, 0]",0,1,0,0,0,0,0,0,0.30749023272590625,0.30749023272590625,,,,0.01,8,1,False,False,1
60,regular,psi,[7],{7: 'withhold'},0,0,1,[7],1,0,"[1, 1, 1, 0, 0, 1, 0, 1, 0, 1]","[1, 0, 0, 1, 0, 1, 0, 1]","[1, 0, 0, 1, 0, 1, 0, 1]",0,0,0,0,0,0,1,1,0.9186053311421752,0.9186053311421752,,,,0.01,8,1,False,False,1
61,regular,psi,[3],{3: 'withhold'},0,0,1,[3],1,0,"[1, 0, 1, 0, 1, 0, 0, 1, 1, 0]","[1, 0, 1, 0, 0, 1, 1, 0]","[1, 0, 1, 0, 0, 1, 1, 0]",1,0,1,0,1,0,1,1,0.9186053311421751,0.9186053311421751,,,,0.01,8,1,False,False,1
62,regular,psi,[5],{5: 'equivocate'},0,1,0,[5],1,0,"[0, 1, 1, 1, 1, 1, 1, 1, 0, 0]","[1, 1, 1, 1, 0, 1, 0, 0]","[1, 1, 1, 1, 1, 1, 0, 0]",0,1,0,0,0,1,0,1,0.30749022455647457,0.9186053110170219,,,,0.01,8,1,False,False,1
63,regular,psi,[2],{2: 'coherent_flip'},1,0,0,[],0,1,"[0, 1, 0, 1, 0, 1, 0, 0, 0, 0]","[0, 0, 0, 1, 0, 0, 0, 0]","[0, 0, 0, 1, 0, 0, 0, 0]",1,0,0,0,0,0,0,0,0.4624186506951977,0.4624186506951977,,,,0.01,8,1,False,False,1
64,regular,psi,[8],{8: 'withhold'},0,0,1,[8],1,0,"[0, 1, 0, 0, 0, 0, 0, 0, 0, 0]","[0, 0, 0, 0, 0, 0, 0, 0]","[0, 0, 0, 0, 0, 0, 0, 0]",1,0,1,0,1,0,1,1,0.9186052830577923,0.9186052830577923,,,,0.01,8,1,False,False,1
65,regular,zero,[5],{5: 'coherent_flip'},1,0,0,[],0,1,"[0, 0, 1, 0, 0, 1, 1, 1, 0, 0]","[1, 0, 0, 1, 0, 1, 0, 0]","[1, 0, 0, 1, 0, 1, 0, 0]",0,0,0,1,0,1,0,0,0.952191069009767,0.952191069009767,,,,0.01,8,1,True,False,1
66,regular,psi,[3],{3: 'equivocate'},0,1,0,[3],1,0,"[1, 0, 1, 1, 1, 1, 1, 0, 1, 1]","[1, 1, 0, 1, 1, 0, 1, 1]","[1, 1, 1, 1, 1, 0, 1, 1]",1,1,1,0,1,1,0,1,0.30749021292966616,0.9186053226438303,,,,0.01,8,1,False,False,1
67,regular,zero,[7],{7: 'withhold'},0,0,1,[7],1,0,"[1, 1, 0, 1, 1, 1, 1, 0, 1, 1]","[0, 1, 1, 1, 1, 0, 1, 1]","[0, 1, 1, 1, 1, 0, 1, 1]",0,0,0,0,0,0,1,1,0.952191069009767,0.952191069009767,,,,0.01,8,1,True,False,1
68,regular,psi,[4],{4: 'coherent_flip'},1,0,0,[],0,1,"[1, 1, 0, 1, 0, 1, 0, 1, 1, 1]","[0, 1, 0, 0, 0, 1, 1, 1]","[0, 1, 0, 0, 0, 1, 1, 1]",1,0,0,0,0,0,0,0,0.46241870986357453,0.46241870986357453,,,,0.01,8,1,False,False,1
69,verification,verification,[1],{1: 'equivocate'},0,1,0,[1],1,0,"[1, 1, 0, 1, 0, 0, 1, 1, 1, 0]","[1, 1, 0, 0, 1, 1, 1, 0]","[0, 1, 0, 0, 1, 1, 1, 0]",1,1,1,0,1,1,0,1,,,Phi+,True,0.9215037799329693,0.01,8,1,False,False,1
70,regular,psi,[7],{7: 'equivocate'},0,1,0,[7],1,0,"[0, 1, 1, 0, 1, 1, 0, 0, 1, 0]","[1, 0, 1, 1, 0, 0, 0, 0]","[1, 0, 1, 1, 0, 0, 1, 0]",0,1,0,0,0,1,0,1,0.30749023272590625,0.9186053244869234,,,,0.01,8,1,False,False,1
71,verification,verification,[5],{5: 'withhold'},0,0,1,[5],1,0,"[1, 1, 0, 1, 1, 0, 1, 0, 0, 1]","[0, 1, 1, 0, 1, 0, 0, 1]","[0, 1, 1, 0, 1, 0, 0, 1]",1,1,1,1,1,1,1,1,,,Phi+,True,0.9215037948341309,0.01,8,1,False,False,1
72,regular,psi,[8],{8: 'coherent_flip'},1,0,0,[],0,1,"[1, 1, 0, 0, 1, 1, 0, 1, 1, 1]","[0, 0, 1, 1, 0, 1, 1, 0]","[0, 0, 1, 1, 0, 1, 1, 0]",0,1,1,1,1,1,0,0,0.4624187431964049,0.4624187431964049,,,,0.01,8,1,False,False,1
73,regular,psi,[1],{1: 'withhold'},0,0,1,[1],1,0,"[1, 1, 1, 1, 1, 1, 0, 0, 0, 1]","[1, 1, 1, 1, 0, 0, 0, 1]","[1, 1, 1, 1, 0, 0, 0, 1]",0,1,0,1,0,1,1,1,0.9186053595815781,0.9186053595815781,,,,0.01,8,1,False,False,1
74,verification,verification,[8],{8: 'coherent_flip'},1,0,0,[],0,1,"[1, 0, 1, 0, 0, 1, 0, 0, 1, 0]","[1, 0, 0, 1, 0, 0, 1, 1]","[1, 0, 0, 1, 0, 0, 1, 1]",1,1,0,1,0,1,0,0,,,Psi+,False,0.026165411542078874,0.01,8,1,False,False,1
75,regular,psi,[8],{8: 'equivocate'},0,1,0,[8],1,0,"[0, 0, 0, 1, 0, 1, 1, 0, 1, 0]","[0, 1, 0, 1, 1, 0, 1, 1]","[0, 1, 0, 1, 1, 0, 1, 0]",0,0,1,0,0,0,0,1,0.4624186794631889,0.918605284634943,,,,0.01,8,1,False,False,1
76,verification,verification,[6],{6: 'coherent_flip'},1,0,0,[],0,1,"[1, 0, 0, 0, 1, 0, 1, 1, 0, 1]","[0, 0, 1, 0, 1, 0, 0, 1]","[0, 0, 1, 0, 1, 0, 0, 1]",0,1,1,1,1,1,0,0,,,Psi+,False,0.026165407816788465,0.01,8,1,False,False,1
77,regular,psi,[8],{8: 'equivocate'},0,1,0,[8],1,0,"[0, 0, 1, 0, 1, 1, 1, 0, 0, 1]","[1, 0, 1, 1, 1, 0, 0, 0]","[1, 0, 1, 1, 1, 0, 0, 1]",0,1,1,1,0,1,0,1,0.4624187088292415,0.9186053709941584,,,,0.01,8,1,False,False,1
78,regular,psi,[8],{8: 'coherent_flip'},1,0,0,[],0,1,"[0, 0, 0, 1, 1, 0, 1, 1, 1, 1]","[0, 1, 1, 0, 1, 1, 1, 0]","[0, 1, 1, 0, 1, 1, 1, 0]",1,1,0,1,0,1,0,0,0.4624186623220065,0.4624186623220065,,,,0.01,8,1,False,False,1
79,verification,verification,[6],{6: 'equivocate'},0,1,0,[6],1,0,"[1, 0, 0, 1, 0, 1, 0, 0, 1, 1]","[0, 1, 0, 1, 0, 1, 1, 1]","[0, 1, 0, 1, 0, 0, 1, 1]",1,0,0,0,1,0,0,1,,,Phi+,True,0.9215038097352926,0.01,8,1,False,False,1
80,regular,psi,[8],{8: 'coherent_flip'},1,0,0,[],0,1,"[1, 0, 0, 1, 0, 1, 1, 0, 1, 1]","[0, 1, 0, 1, 1, 0, 1, 0]","[0, 1, 0, 1, 1, 0, 1, 0]",1,1,0,1,0,1,0,0,0.4624187047386905,0.4624187047386905,,,,0.01,8,1,False,False,1
81,regular,psi,[1],{1: 'withhold'},0,0,1,[1],1,0,"[1, 0, 1, 0, 0, 1, 0, 0, 1, 0]","[1, 0, 0, 1, 0, 0, 1, 0]","[1, 0, 0, 1, 0, 0, 1, 0]",1,1,1,1,1,1,1,1,0.9186053709941584,0.9186053709941584,,,,0.01,8,1,False,False,1
82,verification,verification,[4],{4: 'withhold'},0,0,1,[4],1,0,"[1, 1, 1, 1, 0, 1, 1, 1, 0, 1]","[1, 1, 0, 1, 1, 1, 0, 1]","[1, 1, 0, 1, 1, 1, 0, 1]",1,1,1,1,1,1,1,1,,,Phi+,True,0.9215037799329693,0.01,8,1,False,False,1
83,regular,psi,[5],{5: 'withhold'},0,0,1,[5],1,0,"[0, 0, 1, 0, 1, 0, 1, 1, 0, 1]","[1, 0, 1, 0, 1, 1, 0, 1]","[1, 0, 1, 0, 1, 1, 0, 1]",0,1,0,1,0,1,1,1,0.9186053369555793,0.9186053369555793,,,,0.01,8,1,False,False,1
84,regular,psi,[5],{5: 'equivocate'},0,1,0,[5],1,0,"[1, 1, 1, 1, 0, 0, 1, 1, 0, 0]","[1, 1, 0, 0, 0, 1, 0, 0]","[1, 1, 0, 0, 1, 1, 0, 0]",1,1,1,0,1,1,0,1,0.30749019377611225,0.9186053201580522,,,,0.01,8,1,False,False,1
85,regular,psi,[5],{5: 'withhold'},0,0,1,[5],1,0,"[0, 1, 0, 1, 0, 1, 0, 0, 1, 1]","[0, 1, 0, 1, 0, 0, 1, 1]","[0, 1, 0, 1, 0, 0, 1, 1]",0,1,0,1,0,1,1,1,0.9186053244869234,0.9186053244869234,,,,0.01,8,1,False,False,1
86,regular,psi,[6],{6: 'withhold'},0,0,1,[6],1,0,"[1, 1, 1, 0, 0, 1, 0, 1, 0, 1]","[1, 0, 0, 1, 0, 1, 0, 1]","[1, 0, 0, 1, 0, 1, 0, 1]",0,0,0,0,0,0,1,1,0.9186053311421752,0.9186053311421752,,,,0.01,8,1,False,False,1
87,regular,psi,[4],{4: 'withhold'},0,0,1,[4],1,0,"[1, 1, 0, 0, 0, 0, 0, 0, 1, 0]","[0, 0, 0, 0, 0, 0, 1, 0]","[0, 0, 0, 0, 0, 0, 1, 0]",1,0,1,0,1,0,1,1,0.9186053477405409,0.9186053477405409,,,,0.01,8,1,False,False,1
88,regular,psi,[4],{4: 'coherent_flip'},1,0,0,[],0,1,"[1, 1, 1, 0, 1, 0, 1, 1, 1, 0]","[1, 0, 1, 1, 1, 1, 1, 0]","[1, 0, 1, 1, 1, 1, 1, 0]",0,1,1,1,1,1,0,0,0.4624187088292415,0.4624187088292415,,,,0.01,8,1,False,False,1
89,regular,plus,[3],{3: 'equivocate'},0,1,0,[3],1,0,"[1, 1, 1, 1, 1, 1, 1, 1, 1, 1]","[1, 1, 0, 1, 1, 1, 1, 1]","[1, 1, 1, 1, 1, 1, 1, 1]",1,1,1,0,1,1,0,1,0.047808915376663215,0.9521910846233366,,,,0.01,8,1,True,False,1
90,regular,psi,[4],{4: 'coherent_flip'},1,0,0,[],0,1,"[0, 0, 1, 0, 0, 1, 0, 1, 0, 0]","[1, 0, 0, 0, 0, 1, 0, 0]","[1, 0, 0, 0, 0, 1, 0, 0]",0,1,1,1,1,1,0,0,0.46241870577302324,0.46241870577302324,,,,0.01,8,1,False,False,1
91,regular,psi,[4],{4: 'coherent_flip'},1,0,0,[],0,1,"[1, 1, 0, 1, 0, 1, 1, 0, 1, 1]","[0, 1, 0, 0, 1, 0, 1, 1]","[0, 1, 0, 0, 1, 0, 1, 1]",0,1,1,1,1,1,0,0,0.46241866537822357,0.46241866537822357,,,,0.01,8,1,False,False,1
92,regular,psi,[7],{7: 'withhold'},0,0,1,[7],1,0,"[1, 0, 0, 0, 1, 1, 1, 1, 0, 0]","[0, 0, 1, 1, 1, 1, 0, 0]","[0, 0, 1, 1, 1, 1, 0, 0]",0,1,0,1,0,1,1,1,0.9186053765933344,0.9186053765933344,,,,0.01,8,1,False,False,1
93,regular,psi,[2],{2: 'coherent_flip'},1,0,0,[],0,1,"[0, 1, 0, 1, 1, 1, 1, 1, 1, 0]","[0, 0, 1, 1, 1, 1, 1, 0]","[0, 0, 1, 1, 1, 1, 1, 0]",0,1,1,1,1,1,0,0,0.4624186623220065,0.4624186623220065,,,,0.01,8,1,False,False,1
94,regular,psi,[8],{8: 'coherent_flip'},1,0,0,[],0,1,"[0, 1, 0, 1, 1, 1, 1, 1, 1, 0]","[0, 1, 1, 1, 1, 1, 1, 1]","[0, 1, 1, 1, 1, 1, 1, 1]",0,1,1,1,1,1,0,0,0.4624186623220065,0.4624186623220065,,,,0.01,8,1,False,False,1
95,regular,psi,[8],{8: 'equivocate'},0,1,0,[8],1,0,"[0, 1, 1, 0, 0, 0, 0, 0, 1, 1]","[1, 0, 0, 0, 0, 0, 1, 0]","[1, 0, 0, 0, 0, 0, 1, 1]",0,0,1,0,0,0,0,1,0.46241871434361315,0.9186053195153672,,,,0.01,8,1,False,False,1
96,regular,psi,[4],{4: 'coherent_flip'},1,0,0,[],0,1,"[0, 0, 1, 1, 1, 0, 1, 1, 1, 1]","[1, 1, 1, 1, 1, 1, 1, 1]","[1, 1, 1, 1, 1, 1, 1, 1]",1,0,0,0,0,0,0,0,0.4624187266611035,0.4624187266611035,,,,0.01,8,1,False,False,1
97,regular,psi,[8],{8: 'coherent_flip'},1,0,0,[],0,1,"[1, 0, 0, 0, 0, 1, 1, 0, 1, 0]","[0, 0, 0, 1, 1, 0, 1, 1]","[0, 0, 0, 1, 1, 0, 1, 1]",1,1,0,1,0,1,0,0,0.46241866537822357,0.46241866537822357,,,,0.01,8,1,False,False,1
98,regular,psi,[1],{1: 'equivocate'},0,1,0,[1],1,0,"[1, 1, 1, 0, 1, 1, 0, 1, 0, 0]","[0, 0, 1, 1, 0, 1, 0, 0]","[1, 0, 1, 1, 0, 1, 0, 0]",1,1,1,0,1,1,0,1,0.3074901769785853,0.9186053369555793,,,,0.01,8,1,False,False,1
99,regular,psi,[3],{3: 'equivocate'},0,1,0,[3],1,0,"[1, 0, 0, 1, 0, 0, 1, 0, 0, 0]","[0, 1, 1, 0, 1, 0, 0, 0]","[0, 1, 0, 0, 1, 0, 0, 0]",1,0,1,1,1,0,0,1,0.3074902210990975,0.9186053361137322,,,,0.01,8,1,False,False,1
100,regular,psi,[8],{8: 'coherent_flip'},1,0,0,[],0,1,"[0, 0, 0, 0, 0, 0, 0, 1, 0, 0]","[0, 0, 0, 0, 0, 1, 0, 1]","[0, 0, 0, 0, 0, 1, 0, 1]",1,0,0,0,0,0,0,0,0.4624186390683889,0.4624186390683889,,,,0.01,8,1,False,False,1
101,regular,psi,[8],{8: 'withhold'},0,0,1,[8],1,0,"[0, 1, 1, 1, 0, 0, 0, 0, 1, 0]","[1, 1, 0, 0, 0, 0, 1, 0]","[1, 1, 0, 0, 0, 0, 1, 0]",0,0,0,0,0,0,1,1,0.9186052734365916,0.9186052734365916,,,,0.01,8,1,False,False,1
102,regular,psi,[5],{5: 'coherent_flip'},1,0,0,[],0,1,"[0, 0, 0, 0, 0, 0, 0, 1, 0, 0]","[0, 0, 0, 0, 1, 1, 0, 0]","[0, 0, 0, 0, 1, 1, 0, 0]",1,0,1,1,1,1,0,0,0.30749025597952373,0.30749025597952373,,,,0.01,8,1,False,False,1
103,regular,psi,[1],{1: 'coherent_flip'},1,0,0,[],0,1,"[0, 0, 0, 0, 1, 1, 0, 1, 1, 1]","[1, 0, 1, 1, 0, 1, 1, 1]","[1, 0, 1, 1, 0, 1, 1, 1]",1,0,1,1,1,1,0,0,0.30749024995189095,0.30749024995189095,,,,0.01,8,1,False,False,1
104,regular,psi,[2],{2: 'equivocate'},0,1,0,[2],1,0,"[0, 0, 0, 0, 1, 0, 0, 0, 0, 0]","[0, 1, 1, 0, 0, 0, 0, 0]","[0, 0, 1, 0, 0, 0, 0, 0]",0,1,1,1,0,1,0,1,0.4624186592657895,0.9186052929341241,,,,0.01,8,1,False,False,1
105,regular,psi,[5],{5: 'coherent_flip'},1,0,0,[],0,1,"[1, 0, 0, 0, 1, 0, 1, 0, 0, 0]","[0, 0, 1, 0, 0, 0, 0, 0]","[0, 0, 1, 0, 0, 0, 0, 0]",0,1,0,0,0,0,0,0,0.3074901961321386,0.3074901961321386,,,,0.01,8,1,False,False,1
106,regular,psi,[5],{5: 'coherent_flip'},1,0,0,[],0,1,"[0, 1, 0, 0, 1, 1, 1, 1, 0, 0]","[0, 0, 1, 1, 0, 1, 0, 0]","[0, 0, 1, 1, 0, 1, 0, 0]",1,0,1,1,1,1,0,0,0.30749022057802544,0.30749022057802544,,,,0.01,8,1,False,False,1
107,regular,psi,[6],{6: 'equivocate'},0,1,0,[6],1,0,"[1, 1, 0, 1, 0, 0, 0, 1, 1, 1]","[0, 1, 0, 0, 0, 0, 1, 1]","[0, 1, 0, 0, 0, 1, 1, 1]",0,0,1,0,0,0,0,1,0.46241872045605026,0.9186053826209672,,,,0.01,8,1,False,False,1
108,regular,psi,[7],{7: 'coherent_flip'},1,0,0,[],0,1,"[1, 1, 0, 0, 0, 0, 1, 0, 0, 0]","[0, 0, 0, 0, 1, 0, 1, 0]","[0, 0, 0, 0, 1, 0, 1, 0]",1,0,1,1,1,1,0,0,0.3074902266982735,0.3074902266982735,,,,0.01,8,1,False,False,1
109,regular,psi,[8],{8: 'equivocate'},0,1,0,[8],1,0,"[0, 1, 0, 0, 0, 0, 1, 0, 1, 0]","[0, 0, 0, 0, 1, 0, 1, 1]","[0, 0, 0, 0, 1, 0, 1, 0]",1,0,0,0,1,0,0,1,0.462418679463189,0.918605284634943,,,,0.01,8,1,False,False,1
110,regular,psi,[6],{6: 'withhold'},0,0,1,[6],1,0,"[0, 0, 1, 0, 0, 1, 1, 0, 1, 0]","[1, 0, 0, 1, 1, 0, 1, 0]","[1, 0, 0, 1, 1, 0, 1, 0]",1,1,1,1,1,1,1,1,0.9186053278145495,0.9186053278145495,,,,0.01,8,1,False,False,1
111,regular,psi,[4],{4: 'withhold'},0,0,1,[4],1,0,"[0, 1, 1, 0, 1, 1, 0, 1, 0, 0]","[1, 0, 1, 1, 0, 1, 0, 0]","[1, 0, 1, 1, 0, 1, 0, 0]",1,0,1,0,1,0,1,1,0.9186053128601146,0.9186053128601146,,,,0.01,8,1,False,False,1
112,regular,psi,[7],{7: 'equivocate'},0,1,0,[7],1,0,"[1, 1, 1, 0, 1, 1, 1, 0, 1, 1]","[1, 0, 1, 1, 1, 0, 0, 1]","[1, 0, 1, 1, 1, 0, 1, 1]",1,1,1,0,1,1,0,1,0.30749019613213857,0.9186053394413579,,,,0.01,8,1,False,False,1
113,regular,psi,[7],{7: 'withhold'},0,0,1,[7],1,0,"[0, 0, 1, 1, 0, 1, 0, 1, 0, 0]","[1, 1, 0, 1, 0, 1, 0, 0]","[1, 1, 0, 1, 0, 1, 0, 0]",1,1,1,1,1,1,1,1,0.9186053313564035,0.9186053313564035,,,,0.01,8,1,False,False,1
114,verification,verification,[1],{1: 'equivocate'},0,1,0,[1],1,0,"[0, 0, 1, 0, 1, 0, 1, 0, 1, 1]","[0, 0, 1, 0, 1, 0, 1, 1]","[1, 0, 1, 0, 1, 0, 1, 1]",1,0,1,1,1,0,0,1,,,Phi+,True,0.9215037799329693,0.01,8,1,False,False,1
115,regular,psi,[2],{2: 'equivocate'},0,1,0,[2],1,0,"[1, 0, 0, 1, 0, 0, 0, 1, 1, 0]","[0, 0, 0, 0, 0, 1, 1, 0]","[0, 1, 0, 0, 0, 1, 1, 0]",0,0,1,0,0,0,0,1,0.46241868557562393,0.9186053477405409,,,,0.01,8,1,False,False,1
116,regular,psi,[3],{3: 'equivocate'},0,1,0,[3],1,0,"[0, 0, 0, 0, 0, 1, 1, 1, 1, 1]","[0, 0, 1, 1, 1, 1, 1, 1]","[0, 0, 0, 1, 1, 1, 1, 1]",1,0,1,1,1,0,0,1,0.307490244352715,0.9186053128601146,,,,0.01,8,1,False,False,1
117,regular,psi,[2],{2: 'equivocate'},0,1,0,[2],1,0,"[0, 0, 0, 0, 0, 0, 0, 0, 0, 1]","[0, 1, 0, 0, 0, 0, 0, 1]","[0, 0, 0, 0, 0, 0, 0, 1]",1,0,0,0,1,0,0,1,0.4624186688707114,0.9186052714309835,,,,0.01,8,1,False,False,1
118,regular,psi,[8],{8: 'coherent_flip'},1,0,0,[],0,1,"[1, 1, 1, 0, 0, 1, 0, 0, 0, 0]","[1, 0, 0, 1, 0, 0, 0, 1]","[1, 0, 0, 1, 0, 0, 0, 1]",0,0,1,0,1,0,0,0,0.4624187027168051,0.4624187027168051,,,,0.01,8,1,False,False,1
119,regular,psi,[3],{3: 'equivocate'},0,1,0,[3],1,0,"[1, 1, 0, 1, 0, 0, 0, 0, 1, 0]","[0, 1, 1, 0, 0, 0, 1, 0]","[0, 1, 0, 0, 0, 0, 1, 0]",0,0,0,1,0,0,0,1,0.3074901728785218,0.9186053626949747,,,,0.01,8,1,False,False,1
120,regular,psi,[4],{4: 'equivocate'},0,1,0,[4],1,0,"[1, 0, 1, 0, 1, 1, 1, 1, 0, 0]","[1, 0, 1, 0, 1, 1, 0, 0]","[1, 0, 1, 1, 1, 1, 0, 0]",0,0,1,0,0,0,0,1,0.4624186825194063,0.918605316187741,,,,0.01,8,1,False,False,1
121,regular,zero,[4],{4: 'withhold'},0,0,1,[4],1,0,"[0, 0, 1, 0, 0, 0, 0, 1, 0, 0]","[1, 0, 0, 0, 0, 1, 0, 0]","[1, 0, 0, 0, 0, 1, 0, 0]",1,1,1,1,1,1,1,1,0.952191069009767,0.952191069009767,,,,0.01,8,1,True,False,1
122,regular,psi,[6],{6: 'coherent_flip'},1,0,0,[],0,1,"[1, 1, 1, 0, 0, 1, 1, 0, 1, 1]","[1, 0, 0, 1, 1, 1, 1, 1]","[1, 0, 0, 1, 1, 1, 1, 1]",1,0,0,0,0,0,0,0,0.4624187027168051,0.4624187027168051,,,,0.01,8,1,False,False,1
123,regular,psi,[5],{5: 'coherent_flip'},1,0,0,[],0,1,"[1, 1, 0, 1, 1, 1, 1, 0, 0, 1]","[0, 1, 1, 1, 0, 0, 0, 1]","[0, 1, 1, 1, 0, 0, 0, 1]",0,1,0,0,0,0,0,0,0.3074901862186712,0.3074901862186712,,,,0.01,8,1,False,False,1
124,regular,psi,[4],{4: 'equivocate'},0,1,0,[4],1,0,"[0, 0, 1, 0, 0, 0, 0, 0, 0, 0]","[1, 0, 0, 1, 0, 0, 0, 0]","[1, 0, 0, 0, 0, 0, 0, 0]",0,1,1,1,0,1,0,1,0.4624187375972293,0.9186053427689832,,,,0.01,8,1,False,False,1
125,verification,verification,[4],{4: 'coherent_flip'},1,0,0,[],0,1,"[0, 1, 0, 0, 1, 0, 1, 0, 0, 1]","[0, 0, 1, 1, 1, 0, 0, 1]","[0, 0, 1, 1, 1, 0, 0, 1]",0,0,1,0,1,0,0,0,,,Psi+,False,0.026165407816788465,0.01,8,1,False,False,1
126,regular,psi,[5],{5: 'coherent_flip'},1,0,0,[],0,1,"[0, 1, 1, 1, 1, 0, 0, 0, 0, 1]","[1, 1, 1, 0, 1, 0, 0, 1]","[1, 1, 1, 0, 1, 0, 0, 1]",1,0,1,1,1,1,0,0,0.307490249951891,0.307490249951891,,,,0.01,8,1,False,False,1
127,regular,psi,[8],{8: 'withhold'},0,0,1,[8],1,0,"[1, 1, 1, 0, 0, 0, 0, 1, 1, 0]","[1, 0, 0, 0, 0, 1, 1, 0]","[1, 0, 0, 0, 0, 1, 1, 0]",0,1,0,1,0,1,1,1,0.9186053709941584,0.9186053709941584,,,,0.01,8,1,False,False,1
128,regular,psi,[7],{7: 'withhold'},0,0,1,[7],1,0,"[0, 1, 1, 0, 1, 0, 1, 1, 1, 0]","[1, 0, 1, 0, 1, 1, 1, 0]","[1, 0, 1, 0, 1, 1, 1, 0]",0,0,0,0,0,0,1,1,0.918605316187741,0.918605316187741,,,,0.01,8,1,False,False,1
129,verification,verification,[4],{4: 'withhold'},0,0,1,[4],1,0,"[0, 1, 1, 0, 0, 1, 0, 1, 1, 0]","[1, 0, 0, 1, 0, 1, 1, 0]","[1, 0, 0, 1, 0, 1, 1, 0]",1,0,1,0,1,0,1,1,,,Phi+,True,0.9215037948341309,0.01,8,1,False,False,1
130,regular,psi,[4],{4: 'coherent_flip'},1,0,0,[],0,1,"[1, 1, 0, 0, 1, 1, 1, 1, 1, 0]","[0, 0, 1, 0, 1, 1, 1, 0]","[0, 0, 1, 0, 1, 1, 1, 0]",1,0,0,0,0,0,0,0,0.46241871739983154,0.46241871739983154,,,,0.01,8,1,False,False,1
131,regular,psi,[8],{8: 'coherent_flip'},1,0,0,[],0,1,"[1, 0, 1, 1, 1, 1, 0, 1, 0, 0]","[1, 1, 1, 1, 0, 1, 0, 1]","[1, 1, 1, 1, 0, 1, 0, 1]",1,1,0,1,0,1,0,0,0.46241873738300093,0.46241873738300093,,,,0.01,8,1,False,False,1
132,regular,psi,[5],{5: 'withhold'},0,0,1,[5],1,0,"[1, 0, 0, 0, 0, 0, 0, 1, 1, 0]","[0, 0, 0, 0, 0, 1, 1, 0]","[0, 0, 0, 0, 0, 1, 1, 0]",1,0,1,0,1,0,1,1,0.9186053826209672,0.9186053826209672,,,,0.01,8,1,False,False,1
133,regular,zero,[7],{7: 'equivocate'},0,1,0,[7],1,0,"[0, 1, 0, 1, 1, 0, 0, 1, 1, 1]","[0, 1, 1, 0, 0, 1, 0, 1]","[0, 1, 1, 0, 0, 1, 1, 1]",0,0,0,1,0,0,0,1,0.952191069009767,0.952191069009767,,,,0.01,8,1,True,False,1
134,regular,psi,[2],{2: 'equivocate'},0,1,0,[2],1,0,"[1, 1, 0, 1, 1, 1, 0, 0, 1, 1]","[0, 0, 1, 1, 0, 0, 1, 1]","[0, 1, 1, 1, 0, 0, 1, 1]",0,1,1,1,0,1,0,1,0.4624187088292415,0.9186053709941584,,,,0.01,8,1,False,False,1
135,regular,psi,[8],{8: 'equivocate'},0,1,0,[8],1,0,"[0, 0, 1, 1, 1, 1, 0, 0, 0, 0]","[1, 1, 1, 1, 0, 0, 0, 1]","[1, 1, 1, 1, 0, 0, 0, 0]",0,0,1,0,0,0,0,1,0.46241870831598075,0.9186053022893834,,,,0.01,8,1,False,False,1
136,regular,psi,[8],{8: 'withhold'},0,0,1,[8],1,0,"[0, 1, 1, 1, 0, 1, 0, 0, 0, 1]","[1, 1, 0, 1, 0, 0, 0, 1]","[1, 1, 0, 1, 0, 0, 0, 1]",0,1,0,1,0,1,1,1,0.9186052964759793,0.9186052964759793,,,,0.01,8,1,False,False,1
137,regular,psi,[3],{3: 'withhold'},0,0,1,[3],1,0,"[0, 1, 1, 0, 0, 0, 0, 1, 1, 0]","[1, 0, 0, 0, 0, 1, 1, 0]","[1, 0, 0, 0, 0, 1, 1, 0]",0,0,0,0,0,0,1,1,0.9186052796633892,0.9186052796633892,,,,0.01,8,1,False,False,1
138,regular,psi,[6],{6: 'withhold'},0,0,1,[6],1,0,"[0, 0, 0, 1, 0, 0, 1, 1, 1, 1]","[0, 1, 0, 0, 1, 1, 1, 1]","[0, 1, 0, 0, 1, 1, 1, 1]",1,0,1,0,1,0,1,1,0.9186052846349431,0.9186052846349431,,,,0.01,8,1,False,False,1
139,regular,psi,[6],{6: 'withhold'},0,0,1,[6],1,0,"[1, 1, 1, 0, 0, 0, 1, 0, 0, 1]","[1, 0, 0, 0, 1, 0, 0, 1]","[1, 0, 0, 0, 1, 0, 0, 1]",0,1,0,1,0,1,1,1,0.9186053709941584,0.9186053709941584,,,,0.01,8,1,False,False,1
140,regular,psi,[5],{5: 'equivocate'},0,1,0,[5],1,0,"[0, 0, 1, 0, 0, 0, 1, 0, 0, 0]","[1, 0, 0, 0, 0, 0, 0, 0]","[1, 0, 0, 0, 1, 0, 0, 0]",0,0,0,1,0,0,0,1,0.307490220794434,0.9186053094657081,,,,0.01,8,1,False,False,1
141,regular,psi,[4],{4: 'coherent_flip'},1,0,0,[],0,1,"[0, 0, 1, 1, 1, 0, 0, 1, 0, 0]","[1, 1, 1, 1, 0, 1, 0, 0]","[1, 1, 1, 1, 0, 1, 0, 0]",0,0,1,0,1,0,0,0,0.4624187154627508,0.4624187154627508,,,,0.01,8,1,False,False,1
142,regular,psi,[8],{8: 'coherent_flip'},1,0,0,[],0,1,"[0, 0, 1, 1, 1, 1, 1, 1, 1, 0]","[1, 1, 1, 1, 1, 1, 1, 1]","[1, 1, 1, 1, 1, 1, 1, 1]",1,0,0,0,0,0,0,0,0.4624187285981833,0.4624187285981833,,,,0.01,8,1,False,False,1
143,regular,psi,[4],{4: 'withhold'},0,0,1,[4],1,0,"[1, 0, 1, 0, 0, 1, 1, 1, 0, 0]","[1, 0, 0, 1, 1, 1, 0, 0]","[1, 0, 0, 1, 1, 1, 0, 0]",0,1,0,1,0,1,1,1,0.9186053709941584,0.9186053709941584,,,,0.01,8,1,False,False,1
144,regular,psi,[8],{8: 'withhold'},0,0,1,[8],1,0,"[1, 0, 1, 1, 0, 0, 0, 0, 0, 1]","[1, 1, 0, 0, 0, 0, 0, 1]","[1, 1, 0, 0, 0, 0, 0, 1]",0,0,0,0,0,0,1,1,0.9186053638178365,0.9186053638178365,,,,0.01,8,1,False,False,1
145,regular,psi,[5],{5: 'equivocate'},0,1,0,[5],1,0,"[1, 0, 1, 0, 0, 1, 1, 0, 0, 0]","[1, 0, 0, 1, 0, 0, 0, 0]","[1, 0, 0, 1, 1, 0, 0, 0]",1,1,1,0,1,1,0,1,0.30749018621867125,0.9186053709941584,,,,0.01,8,1,False,False,1
146,regular,psi,[2],{2: 'equivocate'},0,1,0,[2],1,0,"[0, 1, 0, 0, 0, 0, 1, 0, 1, 1]","[0, 1, 0, 0, 1, 0, 1, 1]","[0, 0, 0, 0, 1, 0, 1, 1]",0,0,1,0,0,0,0,1,0.462418679463189,0.918605284634943,,,,0.01,8,1,False,False,1
147,regular,psi,[5],{5: 'coherent_flip'},1,0,0,[],0,1,"[1, 1, 1, 0, 0, 1, 0, 0, 1, 0]","[1, 0, 0, 1, 1, 0, 1, 0]","[1, 0, 0, 1, 1, 0, 1, 0]",0,1,0,0,0,0,0,0,0.3074901961321386,0.3074901961321386,,,,0.01,8,1,False,False,1
148,regular,psi,[4],{4: 'coherent_flip'},1,0,0,[],0,1,"[0, 0, 1, 0, 1, 1, 0, 1, 1, 1]","[1, 0, 1, 0, 0, 1, 1, 1]","[1, 0, 1, 0, 0, 1, 1, 1]",1,1,0,1,0,1,0,0,0.4624187088292415,0.4624187088292415,,,,0.01,8,1,False,False,1
149,regular,psi,[7],{7: 'coherent_flip'},1,0,0,[],0,1,"[1, 0, 1, 1, 0, 1, 1, 0, 1, 0]","[1, 1, 0, 1, 1, 0, 0, 0]","[1, 1, 0, 1, 1, 0, 0, 0]",0,0,0,1,0,1,0,0,0.3074902172439567,0.3074902172439567,,,,0.01,8,1,False,False,1
0,regular,psi,"[5, 6]","{5: 'withhold', 6: 'equivocate'}",0,1,1,"[5, 6]",2,0,"[1, 0, 1, 1, 0, 0, 0, 1, 1, 0]","[1, 1, 0, 0, 0, 0, 1, 0]","[1, 1, 0, 0, 0, 1, 1, 0]",0,1,1,1,0,1,0,1,0.4624187200275935,0.9186053597958065,,,,0.01,8,2,False,False,2
1,verification,verification,"[3, 5]","{5: 'withhold', 3: 'coherent_flip'}",1,0,1,[5],1,1,"[1, 0, 1, 0, 0, 1, 1, 1, 1, 1]","[1, 0, 1, 1, 1, 1, 1, 1]","[1, 0, 1, 1, 1, 1, 1, 1]",1,0,1,1,1,1,0,0,,,Phi-,False,0.02616541165606418,0.01,8,2,False,False,2
2,regular,psi,"[1, 2]","{1: 'equivocate', 2: 'equivocate'}",0,2,0,"[1, 2]",2,0,"[0, 1, 0, 1, 1, 1, 0, 0, 1, 0]","[1, 0, 1, 1, 0, 0, 1, 0]","[0, 1, 1, 1, 0, 0, 1, 0]",1,0,0,1,1,0,0,1,0.3114857819070972,0.918605316187741,,,,0.01,8,2,False,False,2
3,regular,psi,"[2, 5]","{2: 'coherent_flip', 5: 'equivocate'}",1,1,0,[5],1,1,"[1, 0, 0, 1, 0, 1, 1, 0, 0, 1]","[0, 0, 0, 1, 0, 0, 0, 1]","[0, 0, 0, 1, 1, 0, 0, 1]",1,0,0,1,0,0,0,0,0.3114857680573853,0.4624187016824727,,,,0.01,8,2,False,False,2
4,regular,psi,"[3, 7]","{7: 'withhold', 3: 'withhold'}",0,0,2,"[3, 7]",2,0,"[1, 0, 1, 0, 1, 1, 1, 0, 1, 0]","[1, 0, 1, 1, 1, 0, 1, 0]","[1, 0, 1, 1, 1, 0, 1, 0]",1,1,1,1,1,1,1,1,0.9186053278145495,0.9186053278145495,,,,0.01,8,2,False,False,2
5,regular,psi,"[4, 8]","{8: 'withhold', 4: 'withhold'}",0,0,2,"[4, 8]",2,0,"[0, 0, 1, 1, 0, 1, 0, 0, 0, 1]","[1, 1, 0, 1, 0, 0, 0, 1]","[1, 1, 0, 1, 0, 0, 0, 1]",1,1,1,1,1,1,1,1,0.918605333842182,0.918605333842182,,,,0.01,8,2,False,False,2
6,regular,psi,"[2, 8]","{8: 'withhold', 2: 'withhold'}",0,0,2,"[2, 8]",2,0,"[1, 1, 0, 0, 0, 0, 1, 1, 1, 1]","[0, 0, 0, 0, 1, 1, 1, 1]","[0, 0, 0, 0, 1, 1, 1, 1]",1,1,1,1,1,1,1,1,0.9186053166161979,0.9186053166161979,,,,0.01,8,2,False,False,2
7,regular,psi,"[3, 4]","{3: 'equivocate', 4: 'coherent_flip'}",1,1,0,[3],1,1,"[0, 1, 0, 0, 1, 1, 0, 1, 1, 0]","[0, 0, 0, 0, 0, 1, 1, 0]","[0, 0, 1, 0, 0, 1, 1, 0]",1,0,0,1,0,0,0,0,0.3114858279219278,0.4624186744698874,,,,0.01,8,2,False,False,2
8,regular,psi,"[2, 4]","{2: 'coherent_flip', 4: 'withhold'}",1,0,1,[4],1,1,"[1, 0, 1, 1, 0, 0, 0, 0, 0, 0]","[1, 0, 0, 0, 0, 0, 0, 0]","[1, 0, 0, 0, 0, 0, 0, 0]",1,0,0,0,0,0,0,0,0.4624187154627508,0.4624187154627508,,,,0.01,8,2,False,False,2
9,regular,plus,"[1, 6]","{6: 'coherent_flip', 1: 'withhold'}",1,0,1,[1],1,1,"[1, 0, 0, 0, 1, 1, 1, 1, 1, 1]","[0, 0, 1, 1, 1, 0, 1, 1]","[0, 0, 1, 1, 1, 0, 1, 1]",1,0,0,0,0,0,0,0,0.9521910846233366,0.9521910846233366,,,,0.01,8,2,True,False,2
10,regular,psi,"[7, 8]","{8: 'equivocate', 7: 'coherent_flip'}",1,1,0,[8],1,1,"[1, 0, 0, 1, 1, 0, 0, 0, 0, 0]","[0, 1, 1, 0, 0, 0, 1, 1]","[0, 1, 1, 0, 0, 0, 1, 0]",1,0,0,1,1,1,0,0,0.31148574924957395,0.3074901714698389,,,,0.01,8,2,False,False,2
11,regular,psi,"[1, 4]","{1: 'withhold', 4: 'equivocate'}",0,1,1,"[1, 4]",2,0,"[1, 1, 1, 1, 1, 0, 1, 1, 1, 0]","[1, 1, 1, 1, 1, 1, 1, 0]","[1, 1, 1, 0, 1, 1, 1, 0]",1,1,0,1,1,1,0,1,0.4624187273496208,0.9186053300343824,,,,0.01,8,2,False,False,2
12,regular,psi,"[3, 7]","{3: 'coherent_flip', 7: 'withhold'}",1,0,1,[7],1,1,"[0, 1, 0, 0, 0, 1, 1, 0, 0, 1]","[0, 0, 1, 1, 1, 0, 0, 1]","[0, 0, 1, 1, 1, 0, 0, 1]",1,1,1,0,1,0,0,0,0.30749021455039266,0.30749021455039266,,,,0.01,8,2,False,False,2
13,regular,psi,"[1, 3]","{1: 'withhold', 3: 'withhold'}",0,0,2,"[1, 3]",2,0,"[0, 0, 0, 1, 1, 1, 1, 1, 0, 0]","[0, 1, 1, 1, 1, 1, 0, 0]","[0, 1, 1, 1, 1, 1, 0, 0]",1,0,1,0,1,0,1,1,0.9186052830577923,0.9186052830577923,,,,0.01,8,2,False,False,2
14,regular,psi,"[4, 6]","{4: 'coherent_flip', 6: 'equivocate'}",1,1,0,[6],1,1,"[0, 1, 0, 0, 0, 1, 0, 1, 0, 1]","[0, 0, 0, 0, 0, 0, 0, 1]","[0, 0, 0, 0, 0, 1, 0, 1]",0,0,0,0,1,0,1,0,0.9186052714309836,0.46241866887071137,,,,0.01,8,2,False,False,2
15,regular,psi,"[1, 7]","{7: 'withhold', 1: 'coherent_flip'}",1,0,1,[7],1,1,"[0, 1, 0, 0, 0, 0, 1, 0, 1, 0]","[1, 0, 0, 0, 1, 0, 1, 0]","[1, 0, 0, 0, 1, 0, 1, 0]",1,0,1,1,1,1,0,0,0.30749022929922154,0.30749022929922154,,,,0.01,8,2,False,False,2
16,regular,psi,"[2, 7]","{2: 'equivocate', 7: 'coherent_flip'}",1,1,0,[2],1,1,"[1, 1, 0, 1, 1, 0, 1, 1, 0, 1]","[0, 0, 1, 0, 1, 1, 1, 1]","[0, 1, 1, 0, 1, 1, 1, 1]",0,1,1,0,0,0,0,0,0.3114857542820104,0.3074901769785852,,,,0.01,8,2,False,False,2
17,regular,psi,"[5, 8]","{5: 'coherent_flip', 8: 'coherent_flip'}",2,0,0,[],0,2,"[0, 0, 1, 0, 1, 0, 0, 1, 0, 1]","[1, 0, 1, 0, 1, 1, 0, 0]","[1, 0, 1, 0, 1, 1, 0, 0]",0,0,1,1,1,1,0,0,0.3114857600954144,0.3114857600954144,,,,0.01,8,2,False,False,2
18,verification,verification,"[1, 3]","{1: 'equivocate', 3: 'withhold'}",0,1,1,"[1, 3]",2,0,"[0, 0, 0, 0, 1, 1, 0, 0, 0, 1]","[1, 0, 1, 1, 0, 0, 0, 1]","[0, 0, 1, 1, 0, 0, 0, 1]",0,1,0,0,0,1,0,1,,,Phi+,True,0.9215037799329693,0.01,8,2,False,False,2
19,regular,psi,"[2, 3]","{3: 'equivocate', 2: 'withhold'}",0,1,1,"[2, 3]",2,0,"[0, 0, 1, 1, 0, 1, 1, 0, 1, 1]","[1, 1, 1, 1, 1, 0, 1, 1]","[1, 1, 0, 1, 1, 0, 1, 1]",1,1,1,0,1,1,0,1,0.30749020733049026,0.9186053282430061,,,,0.01,8,2,False,False,2
20,regular,psi,"[5, 8]","{5: 'coherent_flip', 8: 'withhold'}",1,0,1,[8],1,1,"[0, 0, 1, 1, 0, 1, 1, 1, 0, 1]","[1, 1, 0, 1, 0, 1, 0, 1]","[1, 1, 0, 1, 0, 1, 0, 1]",0,0,0,1,0,1,0,0,0.30749019399034055,0.30749019399034055,,,,0.01,8,2,False,False,2
21,regular,psi,"[5, 8]","{8: 'coherent_flip', 5: 'withhold'}",1,0,1,[5],1,1,"[1, 0, 0, 0, 1, 1, 0, 1, 0, 1]","[0, 0, 1, 1, 0, 1, 0, 0]","[0, 0, 1, 1, 0, 1, 0, 0]",1,0,0,0,0,0,0,0,0.46241870986357453,0.46241870986357453,,,,0.01,8,2,False,False,2
22,regular,psi,"[3, 5]","{3: 'equivocate', 5: 'coherent_flip'}",1,1,0,[3],1,1,"[1, 1, 0, 0, 0, 0, 0, 0, 0, 1]","[0, 0, 1, 0, 1, 0, 0, 1]","[0, 0, 0, 0, 1, 0, 0, 1]",0,1,0,1,0,0,1,0,0.9186053651807541,0.3074901920320756,,,,0.01,8,2,False,False,2
23,verification,verification,"[4, 5]","{5: 'equivocate', 4: 'equivocate'}",0,2,0,"[4, 5]",2,0,"[0, 0, 1, 0, 1, 1, 0, 0, 0, 0]","[1, 0, 1, 0, 1, 0, 0, 0]","[1, 0, 1, 1, 0, 0, 0, 0]",1,0,0,1,1,0,0,1,,,Phi+,True,0.9215037799329693,0.01,8,2,False,False,2
24,regular,psi,"[4, 7]","{4: 'coherent_flip', 7: 'equivocate'}",1,1,0,[7],1,1,"[0, 0, 0, 0, 0, 1, 1, 0, 1, 0]","[0, 0, 0, 0, 1, 0, 0, 0]","[0, 0, 0, 0, 1, 0, 1, 0]",1,0,0,1,0,0,0,0,0.31148579209197264,0.4624186506951977,,,,0.01,8,2,False,False,2
25,regular,psi,"[1, 2]","{1: 'coherent_flip', 2: 'coherent_flip'}",2,0,0,[],0,2,"[1, 1, 0, 0, 0, 0, 1, 1, 1, 1]","[1, 1, 0, 0, 1, 1, 1, 1]","[1, 1, 0, 0, 1, 1, 1, 1]",1,1,0,0,0,0,0,0,0.31148575908193715,0.31148575908193715,,,,0.01,8,2,False,False,2
26,regular,psi,"[2, 4]","{2: 'coherent_flip', 4: 'equivocate'}",1,1,0,[4],1,1,"[1, 1, 1, 1, 1, 1, 0, 1, 1, 0]","[1, 0, 1, 0, 0, 1, 1, 0]","[1, 0, 1, 1, 0, 1, 1, 0]",0,0,0,0,1,0,1,0,0.9186053365421889,0.46241869677397596,,,,0.01,8,2,False,False,2
27,regular,psi,"[5, 6]","{6: 'coherent_flip', 5: 'equivocate'}",1,1,0,[5],1,1,"[0, 0, 1, 1, 1, 1, 0, 0, 0, 1]","[1, 1, 1, 1, 1, 1, 0, 1]","[1, 1, 1, 1, 0, 1, 0, 1]",1,0,0,1,0,0,0,0,0.31148577774985486,0.46241870831598075,,,,0.01,8,2,False,False,2
28,regular,psi,"[3, 5]","{5: 'withhold', 3: 'coherent_flip'}",1,0,1,[5],1,1,"[1, 1, 1, 0, 1, 1, 0, 1, 1, 0]","[1, 0, 0, 1, 0, 1, 1, 0]","[1, 0, 0, 1, 0, 1, 1, 0]",1,0,1,1,1,1,0,0,0.3074901845053303,0.3074901845053303,,,,0.01,8,2,False,False,2
29,verification,verification,"[5, 7]","{5: 'equivocate', 7: 'withhold'}",0,1,1,"[5, 7]",2,0,"[0, 1, 1, 0, 0, 0, 0, 1, 0, 1]","[1, 0, 0, 0, 1, 1, 0, 1]","[1, 0, 0, 0, 0, 1, 0, 1]",1,1,1,0,1,1,0,1,,,Phi+,True,0.9215037799329693,0.01,8,2,False,False,2
30,regular,psi,"[7, 8]","{7: 'coherent_flip', 8: 'coherent_flip'}",2,0,0,[],0,2,"[1, 1, 0, 0, 1, 1, 1, 1, 0, 1]","[0, 0, 1, 1, 1, 1, 1, 0]","[0, 0, 1, 1, 1, 1, 1, 0]",0,1,1,0,1,0,0,0,0.31148575988118604,0.31148575988118604,,,,0.01,8,2,False,False,2
31,regular,psi,"[6, 7]","{7: 'equivocate', 6: 'equivocate'}",0,2,0,"[6, 7]",2,0,"[0, 1, 1, 1, 1, 0, 0, 1, 1, 0]","[1, 1, 1, 0, 0, 0, 0, 0]","[1, 1, 1, 0, 0, 1, 1, 0]",1,1,0,0,1,1,0,1,0.31148576926681193,0.9186053132885715,,,,0.01,8,2,False,False,2
32,regular,psi,"[2, 6]","{2: 'coherent_flip', 6: 'equivocate'}",1,1,0,[6],1,1,"[0, 0, 0, 0, 1, 0, 1, 0, 0, 0]","[0, 1, 1, 0, 1, 1, 0, 0]","[0, 1, 1, 0, 1, 0, 0, 0]",0,0,0,0,1,0,1,0,0.9186052714309836,0.4624186688707114,,,,0.01,8,2,False,False,2
33,regular,psi,"[3, 7]","{3: 'withhold', 7: 'equivocate'}",0,1,1,"[3, 7]",2,0,"[0, 1, 0, 1, 1, 0, 0, 1, 1, 1]","[0, 1, 1, 0, 0, 1, 0, 1]","[0, 1, 1, 0, 0, 1, 1, 1]",0,0,0,1,0,0,0,1,0.3074902193857555,0.918605316187741,,,,0.01,8,2,False,False,2
34,regular,psi,"[1, 7]","{7: 'withhold', 1: 'equivocate'}",0,1,1,"[1, 7]",2,0,"[0, 0, 1, 1, 0, 1, 0, 0, 0, 1]","[0, 1, 0, 1, 0, 0, 0, 1]","[1, 1, 0, 1, 0, 0, 0, 1]",1,1,1,0,1,1,0,1,0.30749020173131447,0.918605333842182,,,,0.01,8,2,False,False,2
35,regular,psi,"[1, 6]","{1: 'coherent_flip', 6: 'withhold'}",1,0,1,[6],1,1,"[1, 0, 0, 1, 0, 1, 0, 1, 1, 0]","[1, 1, 0, 1, 0, 1, 1, 0]","[1, 1, 0, 1, 0, 1, 1, 0]",1,0,1,1,1,1,0,0,0.30749018279198925,0.30749018279198925,,,,0.01,8,2,False,False,2
36,regular,psi,"[5, 7]","{7: 'coherent_flip', 5: 'equivocate'}",1,1,0,[5],1,1,"[0, 0, 0, 1, 1, 1, 1, 1, 0, 1]","[0, 1, 1, 1, 0, 1, 1, 1]","[0, 1, 1, 1, 1, 1, 1, 1]",0,0,0,0,0,1,1,0,0.9186052830577923,0.30749021455039266,,,,0.01,8,2,False,False,2
37,regular,plus,"[2, 7]","{2: 'coherent_flip', 7: 'coherent_flip'}",2,0,0,[],0,2,"[0, 0, 1, 1, 0, 0, 0, 1, 1, 1]","[1, 0, 0, 0, 0, 1, 0, 1]","[1, 0, 0, 0, 0, 1, 0, 1]",1,0,0,1,0,1,0,0,0.047808915376663215,0.047808915376663215,,,,0.01,8,2,True,True,2
38,regular,psi,"[5, 8]","{8: 'withhold', 5: 'withhold'}",0,0,2,"[5, 8]",2,0,"[1, 1, 0, 0, 1, 1, 1, 1, 0, 0]","[0, 0, 1, 1, 1, 1, 0, 0]","[0, 0, 1, 1, 1, 1, 0, 0]",1,1,1,1,1,1,1,1,0.9186053425547548,0.9186053425547548,,,,0.01,8,2,False,False,2
39,regular,psi,"[5, 6]","{5: 'equivocate', 6: 'withhold'}",0,1,1,"[5, 6]",2,0,"[1, 0, 0, 1, 1, 0, 1, 0, 1, 0]","[0, 1, 1, 0, 0, 0, 1, 0]","[0, 1, 1, 0, 1, 0, 1, 0]",1,0,1,1,1,0,0,1,0.30749017146983887,0.9186053694170129,,,,0.01,8,2,False,False,2
40,regular,psi,"[5, 7]","{5: 'coherent_flip', 7: 'equivocate'}",1,1,0,[7],1,1,"[1, 1, 1, 0, 1, 1, 1, 0, 1, 0]","[1, 0, 1, 1, 0, 0, 0, 0]","[1, 0, 1, 1, 0, 0, 1, 0]",0,1,0,1,0,0,1,0,0.9186053394413579,0.30749019613213857,,,,0.01,8,2,False,False,2
41,regular,psi,"[1, 6]","{1: 'equivocate', 6: 'coherent_flip'}",1,1,0,[1],1,1,"[1, 0, 0, 0, 1, 1, 0, 1, 0, 1]","[1, 0, 1, 1, 0, 0, 0, 1]","[0, 0, 1, 1, 0, 0, 0, 1]",1,0,0,1,0,0,0,0,0.3114857492495739,0.46241870986357453,,,,0.01,8,2,False,False,2
42,regular,psi,"[4, 5]","{5: 'withhold', 4: 'withhold'}",0,0,2,"[4, 5]",2,0,"[0, 0, 0, 1, 1, 0, 1, 0, 1, 0]","[0, 1, 1, 0, 1, 0, 1, 0]","[0, 1, 1, 0, 1, 0, 1, 0]",1,1,1,1,1,1,1,1,0.9186053244869236,0.9186053244869236,,,,0.01,8,2,False,False,2
43,regular,psi,"[2, 7]","{7: 'withhold', 2: 'equivocate'}",0,1,1,"[2, 7]",2,0,"[0, 1, 1, 1, 1, 0, 0, 0, 0, 0]","[1, 0, 1, 0, 0, 0, 0, 0]","[1, 1, 1, 0, 0, 0, 0, 0]",0,0,1,0,0,0,0,1,0.4624186562943737,0.9186053072609387,,,,0.01,8,2,False,False,2
44,regular,psi,"[1, 2]","{2: 'equivocate', 1: 'withhold'}",0,1,1,"[1, 2]",2,0,"[0, 1, 0, 1, 1, 0, 0, 1, 1, 1]","[0, 0, 1, 0, 0, 1, 1, 1]","[0, 1, 1, 0, 0, 1, 1, 1]",0,0,1,0,0,0,0,1,0.46241868251940643,0.918605316187741,,,,0.01,8,2,False,False,2
45,regular,psi,"[6, 8]","{8: 'equivocate', 6: 'coherent_flip'}",1,1,0,[8],1,1,"[0, 1, 1, 1, 0, 0, 1, 1, 0, 1]","[1, 1, 0, 0, 1, 0, 0, 0]","[1, 1, 0, 0, 1, 0, 0, 1]",0,0,0,0,1,0,1,0,0.9186052662602643,0.4624186972950481,,,,0.01,8,2,False,False,2
46,regular,plus,"[1, 3]","{1: 'equivocate', 3: 'withhold'}",0,1,1,"[1, 3]",2,0,"[1, 0, 1, 1, 0, 1, 0, 0, 0, 0]","[0, 1, 0, 1, 0, 0, 0, 0]","[1, 1, 0, 1, 0, 0, 0, 0]",0,0,0,1,0,0,0,1,0.047808915376663215,0.9521910846233366,,,,0.01,8,2,True,False,2
47,regular,psi,"[6, 7]","{6: 'withhold', 7: 'withhold'}",0,0,2,"[6, 7]",2,0,"[1, 1, 0, 0, 0, 0, 1, 1, 0, 1]","[0, 0, 0, 0, 1, 1, 0, 1]","[0, 0, 0, 0, 1, 1, 0, 1]",1,0,1,0,1,0,1,1,0.9186053105885652,0.9186053105885652,,,,0.01,8,2,False,False,2
48,regular,psi,"[3, 7]","{3: 'withhold', 7: 'withhold'}",0,0,2,"[3, 7]",2,0,"[1, 0, 0, 0, 0, 0, 0, 1, 0, 0]","[0, 0, 0, 0, 0, 1, 0, 0]","[0, 0, 0, 0, 0, 1, 0, 0]",1,1,1,1,1,1,1,1,0.918605374321783,0.918605374321783,,,,0.01,8,2,False,False,2
49,regular,psi,"[1, 8]","{1: 'equivocate', 8: 'coherent_flip'}",1,1,0,[1],1,1,"[0, 1, 1, 1, 0, 1, 0, 0, 0, 1]","[0, 1, 0, 1, 0, 0, 0, 0]","[1, 1, 0, 1, 0, 0, 0, 0]",0,1,1,0,1,1,0,0,0.3114857835632589,0.46241870250257666,,,,0.01,8,2,False,False,2
50,regular,psi,"[3, 4]","{4: 'withhold', 3: 'equivocate'}",0,1,1,"[3, 4]",2,0,"[0, 0, 1, 0, 1, 0, 0, 0, 1, 0]","[1, 0, 0, 0, 0, 0, 1, 0]","[1, 0, 1, 0, 0, 0, 1, 0]",0,1,0,0,0,1,0,1,0.3074901961321386,0.9186053394413578,,,,0.01,8,2,False,False,2
51,regular,psi,"[1, 3]","{1: 'withhold', 3: 'withhold'}",0,0,2,"[1, 3]",2,0,"[1, 1, 0, 1, 0, 0, 0, 1, 1, 1]","[0, 1, 0, 0, 0, 1, 1, 1]","[0, 1, 0, 0, 0, 1, 1, 1]",0,0,0,0,0,0,1,1,0.9186053826209672,0.9186053826209672,,,,0.01,8,2,False,False,2
52,regular,psi,"[1, 2]","{2: 'coherent_flip', 1: 'equivocate'}",1,1,0,[1],1,1,"[0, 1, 0, 0, 1, 0, 1, 1, 1, 1]","[1, 1, 1, 0, 1, 1, 1, 1]","[0, 1, 1, 0, 1, 1, 1, 1]",1,1,0,0,0,1,0,0,0.31148581393232644,0.46241870478547037,,,,0.01,8,2,False,False,2
53,regular,psi,"[5, 8]","{8: 'coherent_flip', 5: 'equivocate'}",1,1,0,[5],1,1,"[1, 1, 1, 0, 0, 0, 1, 1, 1, 0]","[1, 0, 0, 0, 0, 1, 1, 1]","[1, 0, 0, 0, 1, 1, 1, 1]",0,0,1,1,1,0,0,0,0.31148574924957395,0.4624187098635745,,,,0.01,8,2,False,False,2
54,regular,psi,"[3, 6]","{3: 'coherent_flip', 6: 'coherent_flip'}",2,0,0,[],0,2,"[1, 1, 0, 1, 0, 0, 0, 1, 1, 1]","[0, 1, 1, 0, 0, 0, 1, 1]","[0, 1, 1, 0, 0, 0, 1, 1]",0,0,1,1,1,1,0,0,0.3114857223311201,0.3114857223311201,,,,0.01,8,2,False,False,2
55,verification,verification,"[4, 7]","{4: 'withhold', 7: 'equivocate'}",0,1,1,"[4, 7]",2,0,"[0, 1, 0, 0, 0, 1, 0, 1, 1, 1]","[0, 0, 0, 1, 0, 1, 0, 1]","[0, 0, 0, 1, 0, 1, 1, 1]",0,1,0,0,0,1,0,1,,,Phi+,True,0.9215037948341309,0.01,8,2,False,False,2
56,regular,psi,"[4, 8]","{4: 'equivocate', 8: 'withhold'}",0,1,1,"[4, 8]",2,0,"[1, 0, 0, 0, 1, 0, 1, 0, 0, 0]","[0, 0, 1, 1, 1, 0, 0, 0]","[0, 0, 1, 0, 1, 0, 0, 0]",0,1,1,1,0,1,0,1,0.4624187057730232,0.9186053394413579,,,,0.01,8,2,False,False,2
57,verification,verification,"[1, 7]","{7: 'coherent_flip', 1: 'equivocate'}",1,1,0,[1],1,1,"[0, 0, 0, 0, 0, 1, 1, 1, 1, 0]","[1, 0, 0, 1, 1, 1, 0, 0]","[0, 0, 0, 1, 1, 1, 0, 0]",0,0,0,0,0,1,1,0,,,Phi-,False,0.02616541165606418,0.01,8,2,False,False,2
58,regular,psi,"[2, 6]","{2: 'withhold', 6: 'equivocate'}",0,1,1,"[2, 6]",2,0,"[0, 0, 1, 1, 1, 1, 1, 0, 1, 1]","[1, 1, 1, 1, 1, 1, 1, 1]","[1, 1, 1, 1, 1, 0, 1, 1]",1,0,0,0,1,0,0,1,0.4624187195143321,0.918605291091032,,,,0.01,8,2,False,False,2
59,regular,psi,"[2, 4]","{4: 'withhold', 2: 'coherent_flip'}",1,0,1,[4],1,1,"[1, 0, 1, 1, 0, 1, 0, 1, 0, 1]","[1, 0, 0, 1, 0, 1, 0, 1]","[1, 0, 0, 1, 0, 1, 0, 1]",0,0,1,0,1,0,0,0,0.46241873156959684,0.46241873156959684,,,,0.01,8,2,False,False,2
60,regular,psi,"[4, 8]","{8: 'withhold', 4: 'withhold'}",0,0,2,"[4, 8]",2,0,"[1, 1, 0, 0, 0, 1, 1, 0, 0, 0]","[0, 0, 0, 1, 1, 0, 0, 0]","[0, 0, 0, 1, 1, 0, 0, 0]",0,0,0,0,0,0,1,1,0.9186053094657081,0.9186053094657081,,,,0.01,8,2,False,False,2
61,regular,psi,"[1, 4]","{1: 'withhold', 4: 'equivocate'}",0,1,1,"[1, 4]",2,0,"[0, 0, 1, 1, 1, 0, 0, 0, 0, 0]","[1, 1, 1, 1, 0, 0, 0, 0]","[1, 1, 1, 0, 0, 0, 0, 0]",1,0,0,0,1,0,0,1,0.4624187154627508,0.9186053638178365,,,,0.01,8,2,False,False,2
62,verification,verification,"[5, 7]","{7: 'coherent_flip', 5: 'equivocate'}",1,1,0,[5],1,1,"[0, 1, 0, 1, 1, 1, 0, 0, 0, 1]","[0, 1, 1, 1, 1, 0, 1, 1]","[0, 1, 1, 1, 0, 0, 1, 1]",0,1,0,1,0,0,1,0,,,Psi-,False,0.026165396754902544,0.01,8,2,False,False,2
63,regular,psi,"[2, 3]","{2: 'withhold', 3: 'equivocate'}",0,1,1,"[2, 3]",2,0,"[0, 1, 1, 1, 1, 0, 1, 0, 1, 1]","[1, 1, 0, 0, 1, 0, 1, 1]","[1, 1, 1, 0, 1, 0, 1, 1]",1,0,1,1,1,0,0,1,0.30749024049757284,0.9186052734365916,,,,0.01,8,2,False,False,2
64,regular,psi,"[3, 8]","{8: 'withhold', 3: 'withhold'}",0,0,2,"[3, 8]",2,0,"[0, 0, 1, 1, 0, 0, 1, 0, 0, 0]","[1, 1, 0, 0, 1, 0, 0, 0]","[1, 1, 0, 0, 1, 0, 0, 0]",1,0,1,0,1,0,1,1,0.9186053582186601,0.9186053582186601,,,,0.01,8,2,False,False,2
65,regular,psi,"[5, 7]","{5: 'coherent_flip', 7: 'withhold'}",1,0,1,[7],1,1,"[0, 0, 0, 0, 1, 1, 1, 1, 1, 0]","[0, 0, 1, 1, 0, 1, 1, 0]","[0, 0, 1, 1, 0, 1, 1, 0]",0,1,0,0,0,0,0,0,0.30749023272590625,0.30749023272590625,,,,0.01,8,2,False,False,2
66,verification,verification,"[1, 4]","{4: 'withhold', 1: 'equivocate'}",0,1,1,"[1, 4]",2,0,"[1, 1, 1, 0, 0, 1, 1, 1, 0, 1]","[0, 0, 0, 1, 1, 1, 0, 1]","[1, 0, 0, 1, 1, 1, 0, 1]",0,1,0,0,0,1,0,1,,,Phi+,True,0.9215037799329693,0.01,8,2,False,False,2
67,regular,psi,"[4, 5]","{5: 'equivocate', 4: 'equivocate'}",0,2,0,"[4, 5]",2,0,"[0, 0, 0, 1, 1, 0, 0, 1, 0, 1]","[0, 1, 1, 1, 1, 1, 0, 1]","[0, 1, 1, 0, 0, 1, 0, 1]",1,1,0,0,1,1,0,1,0.31148579497583856,0.918605296261751,,,,0.01,8,2,False,False,2
68,regular,zero,"[6, 7]","{6: 'coherent_flip', 7: 'withhold'}",1,0,1,[7],1,1,"[0, 1, 1, 1, 0, 1, 1, 1, 0, 0]","[1, 1, 0, 1, 1, 0, 0, 0]","[1, 1, 0, 1, 1, 0, 0, 0]",0,0,1,0,1,0,0,0,0.04780893099023299,0.04780893099023299,,,,0.01,8,2,True,True,2
69,regular,psi,"[2, 7]","{7: 'coherent_flip', 2: 'equivocate'}",1,1,0,[2],1,1,"[1, 0, 1, 0, 1, 1, 0, 1, 1, 0]","[1, 1, 1, 1, 0, 1, 0, 0]","[1, 0, 1, 1, 0, 1, 0, 0]",0,0,1,1,0,1,0,0,0.31148575721154637,0.3074902094722887,,,,0.01,8,2,False,False,2
70,regular,psi,"[3, 5]","{3: 'coherent_flip', 5: 'withhold'}",1,0,1,[5],1,1,"[0, 0, 0, 0, 1, 1, 1, 1, 1, 0]","[0, 0, 0, 1, 1, 1, 1, 0]","[0, 0, 0, 1, 1, 1, 1, 0]",0,1,0,0,0,0,0,0,0.30749023272590625,0.30749023272590625,,,,0.01,8,2,False,False,2
71,regular,psi,"[7, 8]","{8: 'equivocate', 7: 'coherent_flip'}",1,1,0,[8],1,1,"[1, 0, 1, 0, 1, 1, 0, 1, 1, 1]","[1, 0, 1, 1, 0, 1, 0, 0]","[1, 0, 1, 1, 0, 1, 0, 1]",1,0,0,1,1,1,0,0,0.31148575721154637,0.3074902094722887,,,,0.01,8,2,False,False,2
72,regular,psi,"[5, 8]","{8: 'withhold', 5: 'coherent_flip'}",1,0,1,[8],1,1,"[0, 1, 0, 0, 0, 1, 1, 1, 1, 1]","[0, 0, 0, 1, 0, 1, 1, 1]","[0, 0, 0, 1, 0, 1, 1, 1]",0,0,0,1,0,1,0,0,0.3074902261772014,0.3074902261772014,,,,0.01,8,2,False,False,2
73,regular,psi,"[3, 4]","{3: 'equivocate', 4: 'equivocate'}",0,2,0,"[3, 4]",2,0,"[1, 1, 1, 0, 0, 1, 0, 1, 0, 0]","[1, 0, 1, 0, 0, 1, 0, 0]","[1, 0, 0, 1, 0, 1, 0, 0]",1,0,0,1,1,0,0,1,0.3114857600954144,0.9186053311421752,,,,0.01,8,2,False,False,2
74,regular,psi,"[4, 6]","{6: 'withhold', 4: 'equivocate'}",0,1,1,"[4, 6]",2,0,"[0, 1, 1, 1, 1, 1, 1, 0, 1, 1]","[1, 1, 1, 0, 1, 0, 1, 1]","[1, 1, 1, 1, 1, 0, 1, 1]",0,0,1,0,0,0,0,1,0.46241870237315197,0.9186053309430129,,,,0.01,8,2,False,False,2
75,verification,verification,"[2, 6]","{6: 'withhold', 2: 'equivocate'}",0,1,1,"[2, 6]",2,0,"[1, 0, 1, 0, 1, 1, 0, 0, 1, 1]","[1, 1, 1, 1, 0, 0, 1, 1]","[1, 0, 1, 1, 0, 0, 1, 1]",0,0,1,0,0,0,0,1,,,Phi+,True,0.9215037948341309,0.01,8,2,False,False,2
76,regular,psi,"[1, 2]","{1: 'withhold', 2: 'coherent_flip'}",1,0,1,[1],1,1,"[0, 0, 1, 0, 1, 0, 0, 1, 1, 0]","[1, 1, 1, 0, 0, 1, 1, 0]","[1, 1, 1, 0, 0, 1, 1, 0]",1,1,0,1,0,1,0,0,0.4624187375972292,0.4624187375972292,,,,0.01,8,2,False,False,2
77,verification,verification,"[3, 7]","{7: 'coherent_flip', 3: 'equivocate'}",1,1,0,[3],1,1,"[0, 0, 0, 0, 0, 0, 0, 0, 0, 0]","[0, 0, 1, 0, 0, 0, 1, 0]","[0, 0, 0, 0, 0, 0, 1, 0]",0,0,0,0,0,1,1,0,,,Phi-,False,0.026165396754902544,0.01,8,2,False,False,2
78,regular,psi,"[5, 6]","{6: 'coherent_flip', 5: 'withhold'}",1,0,1,[5],1,1,"[1, 0, 0, 0, 1, 0, 0, 1, 0, 1]","[0, 0, 1, 0, 0, 0, 0, 1]","[0, 0, 1, 0, 0, 0, 0, 1]",0,0,1,0,1,0,0,0,0.4624187259704212,0.4624187259704212,,,,0.01,8,2,False,False,2
79,regular,psi,"[4, 7]","{7: 'equivocate', 4: 'coherent_flip'}",1,1,0,[7],1,1,"[1, 1, 1, 0, 1, 0, 1, 0, 1, 1]","[1, 0, 1, 1, 1, 0, 0, 1]","[1, 0, 1, 1, 1, 0, 1, 1]",0,1,1,0,1,1,0,0,0.31148573395792883,0.4624187088292415,,,,0.01,8,2,False,False,2
80,regular,zero,"[4, 7]","{7: 'equivocate', 4: 'withhold'}",0,1,1,"[4, 7]",2,0,"[1, 1, 1, 0, 1, 0, 0, 0, 1, 0]","[1, 0, 1, 0, 0, 0, 0, 0]","[1, 0, 1, 0, 0, 0, 1, 0]",1,0,1,1,1,0,0,1,0.952191069009767,0.952191069009767,,,,0.01,8,2,True,False,2
81,regular,psi,"[1, 2]","{2: 'withhold', 1: 'coherent_flip'}",1,0,1,[2],1,1,"[0, 0, 0, 1, 1, 0, 0, 1, 1, 1]","[1, 1, 1, 0, 0, 1, 1, 1]","[1, 1, 1, 0, 0, 1, 1, 1]",1,0,1,1,1,1,0,0,0.30749022929922154,0.30749022929922154,,,,0.01,8,2,False,False,2
82,regular,psi,"[4, 7]","{4: 'withhold', 7: 'coherent_flip'}",1,0,1,[4],1,1,"[1, 0, 0, 0, 0, 1, 1, 0, 1, 1]","[0, 0, 0, 1, 1, 0, 0, 1]","[0, 0, 0, 1, 1, 0, 0, 1]",0,1,0,0,0,0,0,0,0.30749022281243976,0.30749022281243976,,,,0.01,8,2,False,False,2
83,regular,psi,"[1, 3]","{3: 'coherent_flip', 1: 'withhold'}",1,0,1,[1],1,1,"[0, 0, 0, 1, 1, 0, 0, 1, 0, 0]","[0, 1, 0, 0, 0, 1, 0, 0]","[0, 1, 0, 0, 0, 1, 0, 0]",0,1,0,0,0,0,0,0,0.3074902176724134,0.3074902176724134,,,,0.01,8,2,False,False,2
84,regular,psi,"[3, 5]","{3: 'withhold', 5: 'equivocate'}",0,1,1,"[3, 5]",2,0,"[0, 0, 1, 1, 0, 1, 1, 0, 0, 0]","[1, 1, 0, 1, 0, 0, 0, 0]","[1, 1, 0, 1, 1, 0, 0, 0]",0,0,0,1,0,0,0,1,0.3074902228431323,0.9186052910910321,,,,0.01,8,2,False,False,2
85,regular,psi,"[6, 7]","{7: 'withhold', 6: 'withhold'}",0,0,2,"[6, 7]",2,0,"[0, 0, 1, 0, 0, 1, 0, 0, 0, 1]","[1, 0, 0, 1, 0, 0, 0, 1]","[1, 0, 0, 1, 0, 0, 0, 1]",0,1,0,1,0,1,1,1,0.9186053651807541,0.9186053651807541,,,,0.01,8,2,False,False,2
86,regular,psi,"[4, 8]","{8: 'coherent_flip', 4: 'withhold'}",1,0,1,[4],1,1,"[1, 1, 1, 0, 0, 0, 0, 0, 0, 1]","[1, 0, 0, 0, 0, 0, 0, 0]","[1, 0, 0, 0, 0, 0, 0, 0]",0,0,1,0,1,0,0,0,0.46241870986357453,0.46241870986357453,,,,0.01,8,2,False,False,2
87,regular,psi,"[6, 7]","{6: 'withhold', 7: 'coherent_flip'}",1,0,1,[6],1,1,"[0, 1, 0, 0, 1, 0, 1, 1, 1, 0]","[0, 0, 1, 0, 1, 1, 0, 0]","[0, 0, 1, 0, 1, 1, 0, 0]",0,1,0,0,0,0,0,0,0.3074901765479431,0.3074901765479431,,,,0.01,8,2,False,False,2
88,regular,psi,"[4, 6]","{6: 'withhold', 4: 'coherent_flip'}",1,0,1,[6],1,1,"[0, 1, 1, 1, 1, 0, 0, 1, 0, 1]","[1, 1, 1, 1, 0, 1, 0, 1]","[1, 1, 1, 1, 0, 1, 0, 1]",0,0,1,0,1,0,0,0,0.4624186562943737,0.4624186562943737,,,,0.01,8,2,False,False,2
89,verification,verification,"[3, 7]","{7: 'equivocate', 3: 'equivocate'}",0,2,0,"[3, 7]",2,0,"[0, 0, 0, 1, 1, 0, 1, 0, 0, 0]","[0, 1, 0, 0, 1, 0, 1, 0]","[0, 1, 1, 0, 1, 0, 0, 0]",1,0,1,0,1,0,1,1,,,Phi+,True,0.9215037948341309,0.01,8,2,False,False,2
90,regular,psi,"[2, 6]","{6: 'equivocate', 2: 'coherent_flip'}",1,1,0,[6],1,1,"[1, 1, 0, 1, 1, 0, 0, 0, 1, 0]","[0, 0, 1, 0, 0, 1, 1, 0]","[0, 0, 1, 0, 0, 0, 1, 0]",0,1,0,1,1,1,1,0,0.9186053394413578,0.46241870577302324,,,,0.01,8,2,False,False,2
91,regular,psi,"[3, 5]","{5: 'equivocate', 3: 'withhold'}",0,1,1,"[3, 5]",2,0,"[0, 0, 1, 0, 0, 1, 0, 1, 0, 1]","[1, 0, 0, 1, 1, 1, 0, 1]","[1, 0, 0, 1, 0, 1, 0, 1]",1,1,1,0,1,1,0,1,0.3074901961321386,0.9186053394413579,,,,0.01,8,2,False,False,2
92,regular,psi,"[1, 8]","{8: 'equivocate', 1: 'equivocate'}",0,2,0,"[1, 8]",2,0,"[0, 0, 0, 0, 0, 1, 0, 0, 0, 1]","[1, 0, 0, 1, 0, 0, 0, 0]","[0, 0, 0, 1, 0, 0, 0, 1]",0,0,1,1,0,0,0,1,0.31148579209197264,0.9186053128601146,,,,0.01,8,2,False,False,2
93,regular,psi,"[4, 5]","{4: 'withhold', 5: 'coherent_flip'}",1,0,1,[4],1,1,"[1, 0, 0, 0, 1, 1, 1, 1, 0, 1]","[0, 0, 1, 1, 0, 1, 0, 1]","[0, 0, 1, 1, 0, 1, 0, 1]",1,1,1,0,1,0,0,0,0.30749018061949523,0.30749018061949523,,,,0.01,8,2,False,False,2
94,regular,psi,"[4, 7]","{7: 'coherent_flip', 4: 'coherent_flip'}",2,0,0,[],0,2,"[1, 1, 0, 0, 0, 1, 1, 1, 1, 1]","[0, 0, 0, 0, 1, 1, 0, 1]","[0, 0, 0, 0, 1, 1, 0, 1]",0,1,1,0,1,0,0,0,0.31148573754843234,0.31148573754843234,,,,0.01,8,2,False,False,2
95,regular,psi,"[4, 8]","{8: 'coherent_flip', 4: 'coherent_flip'}",2,0,0,[],0,2,"[1, 0, 0, 0, 0, 1, 0, 0, 0, 1]","[0, 0, 0, 0, 0, 0, 0, 0]","[0, 0, 0, 0, 0, 0, 0, 0]",0,1,0,1,0,1,1,1,0.9186053967335565,0.9186053967335565,,,,0.01,8,2,False,False,2
96,regular,psi,"[1, 4]","{1: 'withhold', 4: 'equivocate'}",0,1,1,"[1, 4]",2,0,"[1, 1, 1, 0, 0, 0, 1, 1, 0, 1]","[1, 0, 0, 1, 1, 1, 0, 1]","[1, 0, 0, 0, 1, 1, 0, 1]",1,1,0,1,1,1,0,1,0.4624187088292415,0.9186053709941584,,,,0.01,8,2,False,False,2
97,regular,psi,"[7, 8]","{7: 'equivocate', 8: 'coherent_flip'}",1,1,0,[7],1,1,"[1, 1, 1, 1, 1, 1, 1, 0, 0, 0]","[1, 1, 1, 1, 1, 0, 1, 1]","[1, 1, 1, 1, 1, 0, 0, 1]",1,0,0,1,0,0,0,0,0.3114857576400032,0.4624186851471672,,,,0.01,8,2,False,False,2
98,verification,verification,"[5, 7]","{7: 'coherent_flip', 5: 'coherent_flip'}",2,0,0,[],0,2,"[1, 0, 1, 0, 1, 1, 0, 1, 1, 0]","[1, 0, 1, 1, 1, 1, 0, 0]","[1, 0, 1, 1, 1, 1, 0, 0]",0,0,0,0,0,0,1,1,,,Phi+,True,0.9215038097352926,0.01,8,2,False,False,2
99,regular,psi,"[1, 8]","{1: 'equivocate', 8: 'coherent_flip'}",1,1,0,[1],1,1,"[1, 0, 0, 1, 0, 1, 1, 1, 1, 0]","[1, 1, 0, 1, 1, 1, 1, 1]","[0, 1, 0, 1, 1, 1, 1, 1]",1,1,0,0,0,1,0,0,0.31148573754843234,0.4624187105520944,,,,0.01,8,2,False,False,2
100,regular,psi,"[2, 4]","{2: 'equivocate', 4: 'equivocate'}",0,2,0,"[2, 4]",2,0,"[0, 0, 0, 1, 1, 1, 0, 0, 1, 1]","[0, 0, 1, 0, 0, 0, 1, 1]","[0, 1, 1, 1, 0, 0, 1, 1]",1,0,1,0,1,0,1,1,0.9186052846349431,0.9186052846349431,,,,0.01,8,2,False,False,2
101,regular,psi,"[1, 5]","{1: 'equivocate', 5: 'equivocate'}",0,2,0,"[1, 5]",2,0,"[1, 0, 0, 0, 0, 1, 0, 1, 1, 0]","[1, 0, 0, 1, 1, 1, 1, 0]","[0, 0, 0, 1, 0, 1, 1, 0]",0,0,0,0,0,0,1,1,0.9186053694170129,0.9186053694170129,,,,0.01,8,2,False,False,2
102,regular,psi,"[3, 4]","{3: 'withhold', 4: 'equivocate'}",0,1,1,"[3, 4]",2,0,"[0, 0, 0, 0, 1, 0, 0, 1, 1, 0]","[0, 0, 1, 1, 0, 1, 1, 0]","[0, 0, 1, 0, 0, 1, 1, 0]",1,0,0,0,1,0,0,1,0.4624186390683889,0.918605301233306,,,,0.01,8,2,False,False,2
103,verification,verification,"[2, 7]","{2: 'equivocate', 7: 'withhold'}",0,1,1,"[2, 7]",2,0,"[1, 1, 1, 0, 1, 0, 0, 1, 0, 1]","[1, 1, 1, 0, 0, 1, 0, 1]","[1, 0, 1, 0, 0, 1, 0, 1]",1,1,0,1,1,1,0,1,,,Phi+,True,0.9215037948341309,0.01,8,2,False,False,2
104,regular,psi,"[4, 7]","{4: 'equivocate', 7: 'withhold'}",0,1,1,"[4, 7]",2,0,"[0, 1, 0, 0, 0, 1, 1, 1, 1, 1]","[0, 0, 0, 0, 1, 1, 1, 1]","[0, 0, 0, 1, 1, 1, 1, 1]",0,0,1,0,0,0,0,1,0.46241866887071137,0.9186052714309835,,,,0.01,8,2,False,False,2
105,regular,psi,"[1, 8]","{1: 'equivocate', 8: 'equivocate'}",0,2,0,"[1, 8]",2,0,"[1, 0, 0, 0, 0, 1, 0, 1, 1, 0]","[1, 0, 0, 1, 0, 1, 1, 1]","[0, 0, 0, 1, 0, 1, 1, 0]",0,0,1,1,0,0,0,1,0.3114857492495739,0.9186053694170129,,,,0.01,8,2,False,False,2
106,regular,psi,"[2, 7]","{2: 'withhold', 7: 'coherent_flip'}",1,0,1,[2],1,1,"[0, 1, 0, 0, 1, 0, 1, 0, 1, 0]","[0, 0, 1, 0, 1, 0, 0, 0]","[0, 0, 1, 0, 1, 0, 0, 0]",1,1,1,0,1,0,0,0,0.3074901765479431,0.3074901765479431,,,,0.01,8,2,False,False,2
107,regular,psi,"[3, 4]","{4: 'coherent_flip', 3: 'coherent_flip'}",2,0,0,[],0,2,"[0, 1, 0, 1, 0, 0, 0, 1, 0, 1]","[0, 1, 1, 1, 0, 1, 0, 1]","[0, 1, 1, 1, 0, 1, 0, 1]",0,0,1,1,1,1,0,0,0.3114858218942951,0.3114858218942951,,,,0.01,8,2,False,False,2
108,regular,psi,"[1, 8]","{1: 'withhold', 8: 'withhold'}",0,0,2,"[1, 8]",2,0,"[0, 0, 0, 1, 1, 1, 1, 1, 0, 0]","[0, 1, 1, 1, 1, 1, 0, 0]","[0, 1, 1, 1, 1, 1, 0, 0]",1,0,1,0,1,0,1,1,0.9186052830577923,0.9186052830577923,,,,0.01,8,2,False,False,2
109,regular,psi,"[6, 7]","{6: 'equivocate', 7: 'coherent_flip'}",1,1,0,[6],1,1,"[1, 1, 1, 0, 0, 1, 1, 1, 0, 0]","[1, 0, 0, 1, 1, 0, 1, 0]","[1, 0, 0, 1, 1, 1, 1, 0]",1,1,0,0,1,0,0,0,0.3114857542820104,0.3074901769785853,,,,0.01,8,2,False,False,2
110,regular,psi,"[1, 8]","{1: 'coherent_flip', 8: 'coherent_flip'}",2,0,0,[],0,2,"[1, 1, 1, 1, 0, 1, 1, 1, 1, 0]","[0, 1, 0, 1, 1, 1, 1, 1]","[0, 1, 0, 1, 1, 1, 1, 1]",0,0,1,1,1,1,0,0,0.3114857324520449,0.3114857324520449,,,,0.01,8,2,False,False,2
111,regular,psi,"[4, 5]","{4: 'coherent_flip', 5: 'withhold'}",1,0,1,[5],1,1,"[0, 1, 1, 0, 0, 1, 0, 1, 0, 1]","[1, 0, 0, 0, 0, 1, 0, 1]","[1, 0, 0, 0, 0, 1, 0, 1]",0,1,1,1,1,1,0,0,0.4624187201570171,0.4624187201570171,,,,0.01,8,2,False,False,2
112,regular,psi,"[1, 3]","{1: 'equivocate', 3: 'equivocate'}",0,2,0,"[1, 3]",2,0,"[1, 0, 1, 0, 1, 0, 1, 1, 0, 0]","[0, 0, 0, 0, 1, 1, 0, 0]","[1, 0, 1, 0, 1, 1, 0, 0]",1,0,1,0,1,0,1,1,0.9186053094657082,0.9186053094657082,,,,0.01,8,2,False,False,2
113,regular,psi,"[4, 5]","{4: 'coherent_flip', 5: 'equivocate'}",1,1,0,[5],1,1,"[1, 0, 1, 1, 0, 0, 0, 1, 1, 1]","[1, 1, 0, 1, 1, 1, 1, 1]","[1, 1, 0, 1, 0, 1, 1, 1]",1,1,0,0,0,1,0,0,0.31148572275957687,0.4624187200275935,,,,0.01,8,2,False,False,2
114,regular,psi,"[2, 3]","{2: 'withhold', 3: 'withhold'}",0,0,2,"[2, 3]",2,0,"[0, 1, 1, 0, 0, 0, 1, 1, 0, 1]","[1, 0, 0, 0, 1, 1, 0, 1]","[1, 0, 0, 0, 1, 1, 0, 1]",1,0,1,0,1,0,1,1,0.9186052995893775,0.9186052995893775,,,,0.01,8,2,False,False,2
115,regular,psi,"[1, 3]","{3: 'coherent_flip', 1: 'withhold'}",1,0,1,[1],1,1,"[0, 0, 1, 0, 1, 1, 1, 0, 0, 0]","[1, 0, 0, 1, 1, 0, 0, 0]","[1, 0, 0, 1, 1, 0, 0, 0]",1,1,1,0,1,0,0,0,0.30749018621867125,0.30749018621867125,,,,0.01,8,2,False,False,2
116,regular,psi,"[4, 5]","{4: 'coherent_flip', 5: 'withhold'}",1,0,1,[5],1,1,"[0, 0, 1, 0, 0, 0, 1, 1, 0, 0]","[1, 0, 0, 1, 1, 1, 0, 0]","[1, 0, 0, 1, 1, 1, 0, 0]",1,0,0,0,0,0,0,0,0.4624187016824726,0.4624187016824726,,,,0.01,8,2,False,False,2
117,regular,psi,"[2, 3]","{3: 'withhold', 2: 'equivocate'}",0,1,1,"[2, 3]",2,0,"[0, 1, 1, 0, 0, 1, 0, 1, 0, 0]","[1, 1, 0, 1, 0, 1, 0, 0]","[1, 0, 0, 1, 0, 1, 0, 0]",1,1,0,1,1,1,0,1,0.4624187201570171,0.9186053253287713,,,,0.01,8,2,False,False,2
118,regular,psi,"[3, 6]","{3: 'equivocate', 6: 'withhold'}",0,1,1,"[3, 6]",2,0,"[0, 1, 0, 1, 1, 1, 1, 0, 0, 0]","[0, 1, 0, 1, 1, 0, 0, 0]","[0, 1, 1, 1, 1, 0, 0, 0]",1,0,1,1,1,0,0,1,0.30749024435271505,0.9186053128601146,,,,0.01,8,2,False,False,2
119,regular,psi,"[2, 3]","{3: 'equivocate', 2: 'coherent_flip'}",1,1,0,[3],1,1,"[1, 0, 0, 1, 1, 0, 0, 0, 0, 0]","[0, 0, 0, 0, 0, 0, 0, 0]","[0, 0, 1, 0, 0, 0, 0, 0]",1,0,0,1,0,0,0,0,0.31148574924957395,0.46241870986357453,,,,0.01,8,2,False,False,2
120,regular,psi,"[2, 6]","{6: 'coherent_flip', 2: 'withhold'}",1,0,1,[2],1,1,"[0, 0, 1, 0, 1, 1, 0, 0, 1, 0]","[1, 0, 1, 1, 0, 1, 1, 0]","[1, 0, 1, 1, 0, 1, 1, 0]",1,1,0,1,0,1,0,0,0.4624187088292415,0.4624187088292415,,,,0.01,8,2,False,False,2
121,regular,zero,"[5, 7]","{7: 'coherent_flip', 5: 'withhold'}",1,0,1,[5],1,1,"[1, 1, 1, 0, 1, 0, 0, 0, 1, 0]","[1, 0, 1, 0, 0, 0, 0, 0]","[1, 0, 1, 0, 0, 0, 0, 0]",1,0,1,1,1,1,0,0,0.952191069009767,0.952191069009767,,,,0.01,8,2,True,False,2
122,regular,psi,"[1, 4]","{1: 'coherent_flip', 4: 'withhold'}",1,0,1,[4],1,1,"[1, 0, 1, 1, 1, 0, 1, 0, 0, 0]","[0, 1, 1, 0, 1, 0, 0, 0]","[0, 1, 1, 0, 1, 0, 0, 0]",1,0,1,1,1,1,0,0,0.30749018826736785,0.30749018826736785,,,,0.01,8,2,False,False,2
123,regular,psi,"[1, 4]","{1: 'equivocate', 4: 'coherent_flip'}",1,1,0,[1],1,1,"[0, 1, 1, 0, 1, 0, 0, 1, 0, 1]","[0, 0, 1, 1, 0, 1, 0, 1]","[1, 0, 1, 1, 0, 1, 0, 1]",1,0,0,1,0,0,0,0,0.31148578190709725,0.46241868251940643,,,,0.01,8,2,False,False,2
124,regular,psi,"[3, 5]","{3: 'coherent_flip', 5: 'coherent_flip'}",2,0,0,[],0,2,"[1, 1, 1, 0, 0, 1, 1, 0, 0, 1]","[1, 0, 1, 1, 0, 0, 0, 1]","[1, 0, 1, 1, 0, 0, 0, 1]",1,1,1,1,1,1,1,1,0.9186053394413579,0.9186053394413579,,,,0.01,8,2,False,False,2
125,regular,psi,"[5, 8]","{8: 'withhold', 5: 'equivocate'}",0,1,1,"[5, 8]",2,0,"[0, 1, 0, 0, 1, 0, 0, 1, 0, 1]","[0, 0, 1, 0, 1, 1, 0, 1]","[0, 0, 1, 0, 0, 1, 0, 1]",1,1,1,0,1,1,0,1,0.30749021455039266,0.9186052830577923,,,,0.01,8,2,False,False,2
126,regular,psi,"[1, 4]","{4: 'withhold', 1: 'equivocate'}",0,1,1,"[1, 4]",2,0,"[0, 0, 1, 1, 1, 0, 1, 0, 1, 0]","[0, 1, 1, 0, 1, 0, 1, 0]","[1, 1, 1, 0, 1, 0, 1, 0]",1,0,1,1,1,0,0,1,0.3074901826681915,0.9186053582186603,,,,0.01,8,2,False,False,2
127,regular,psi,"[2, 5]","{5: 'equivocate', 2: 'equivocate'}",0,2,0,"[2, 5]",2,0,"[1, 0, 1, 1, 0, 1, 0, 0, 0, 1]","[1, 0, 0, 1, 1, 0, 0, 1]","[1, 1, 0, 1, 0, 0, 0, 1]",1,0,0,1,1,0,0,1,0.31148577774985486,0.9186053022893833,,,,0.01,8,2,False,False,2
128,regular,psi,"[1, 3]","{1: 'coherent_flip', 3: 'coherent_flip'}",2,0,0,[],0,2,"[1, 1, 1, 1, 0, 0, 0, 1, 0, 0]","[0, 1, 1, 0, 0, 1, 0, 0]","[0, 1, 1, 0, 0, 1, 0, 0]",1,0,1,0,1,0,1,1,0.9186053255429996,0.9186053255429996,,,,0.01,8,2,False,False,2
129,regular,psi,"[1, 6]","{1: 'withhold', 6: 'equivocate'}",0,1,1,"[1, 6]",2,0,"[0, 0, 1, 1, 1, 0, 0, 0, 1, 1]","[1, 1, 1, 0, 0, 1, 1, 1]","[1, 1, 1, 0, 0, 0, 1, 1]",0,1,1,1,0,1,0,1,0.46241872002759354,0.9186053597958065,,,,0.01,8,2,False,False,2
130,regular,psi,"[2, 4]","{2: 'withhold', 4: 'withhold'}",0,0,2,"[2, 4]",2,0,"[1, 0, 0, 1, 0, 0, 1, 1, 0, 1]","[0, 1, 0, 0, 1, 1, 0, 1]","[0, 1, 0, 0, 1, 1, 0, 1]",1,0,1,0,1,0,1,1,0.9186053161877411,0.9186053161877411,,,,0.01,8,2,False,False,2
131,regular,psi,"[2, 3]","{3: 'withhold', 2: 'equivocate'}",0,1,1,"[2, 3]",2,0,"[1, 1, 1, 0, 1, 1, 0, 1, 0, 1]","[1, 1, 1, 1, 0, 1, 0, 1]","[1, 0, 1, 1, 0, 1, 0, 1]",0,1,1,1,0,1,0,1,0.46241873178382525,0.9186053369555793,,,,0.01,8,2,False,False,2
132,regular,psi,"[5, 7]","{5: 'equivocate', 7: 'withhold'}",0,1,1,"[5, 7]",2,0,"[0, 0, 1, 1, 1, 1, 0, 1, 0, 1]","[1, 1, 1, 1, 1, 1, 0, 1]","[1, 1, 1, 1, 0, 1, 0, 1]",0,0,0,1,0,0,0,1,0.30749018839116493,0.9186053255429995,,,,0.01,8,2,False,False,2
133,regular,psi,"[2, 3]","{2: 'withhold', 3: 'coherent_flip'}",1,0,1,[2],1,1,"[1, 0, 0, 1, 1, 1, 1, 0, 0, 0]","[0, 1, 0, 1, 1, 0, 0, 0]","[0, 1, 0, 1, 1, 0, 0, 0]",0,1,0,0,0,0,0,0,0.3074901961321386,0.3074901961321386,,,,0.01,8,2,False,False,2
134,regular,psi,"[7, 8]","{8: 'equivocate', 7: 'coherent_flip'}",1,1,0,[8],1,1,"[0, 1, 0, 1, 0, 0, 0, 0, 0, 0]","[0, 1, 0, 0, 0, 0, 1, 1]","[0, 1, 0, 0, 0, 0, 1, 0]",0,0,1,1,0,1,0,0,0.3114858218942951,0.3074902145503926,,,,0.01,8,2,False,False,2
135,regular,psi,"[2, 5]","{5: 'equivocate', 2: 'withhold'}",0,1,1,"[2, 5]",2,0,"[1, 0, 0, 1, 1, 1, 1, 0, 0, 0]","[0, 1, 1, 1, 0, 0, 0, 0]","[0, 1, 1, 1, 1, 0, 0, 0]",0,1,0,0,0,1,0,1,0.3074901961321386,0.9186053394413579,,,,0.01,8,2,False,False,2
136,regular,psi,"[1, 6]","{1: 'equivocate', 6: 'withhold'}",0,1,1,"[1, 6]",2,0,"[0, 0, 1, 0, 0, 0, 1, 0, 0, 0]","[0, 0, 0, 0, 1, 0, 0, 0]","[1, 0, 0, 0, 1, 0, 0, 0]",0,0,0,1,0,0,0,1,0.307490220794434,0.9186053094657081,,,,0.01,8,2,False,False,2
137,regular,psi,"[2, 3]","{3: 'coherent_flip', 2: 'equivocate'}",1,1,0,[2],1,1,"[0, 1, 1, 1, 0, 1, 1, 0, 0, 0]","[1, 0, 1, 1, 1, 0, 0, 0]","[1, 1, 1, 1, 1, 0, 0, 0]",1,0,0,1,1,1,0,0,0.31148577529444466,0.30749026115024297,,,,0.01,8,2,False,False,2
138,regular,psi,"[4, 5]","{5: 'equivocate', 4: 'coherent_flip'}",1,1,0,[5],1,1,"[0, 0, 1, 1, 1, 0, 1, 1, 0, 1]","[1, 1, 1, 1, 0, 1, 0, 1]","[1, 1, 1, 1, 1, 1, 0, 1]",1,1,0,0,0,1,0,0,0.31148572275957687,0.46241872002759354,,,,0.01,8,2,False,False,2
139,regular,psi,"[1, 7]","{7: 'equivocate', 1: 'coherent_flip'}",1,1,0,[7],1,1,"[1, 1, 1, 1, 1, 1, 0, 1, 0, 0]","[0, 1, 1, 1, 0, 1, 1, 0]","[0, 1, 1, 1, 0, 1, 0, 0]",0,1,0,1,0,0,1,0,0.9186053338421821,0.30749020173131447,,,,0.01,8,2,False,False,2
140,verification,verification,"[2, 5]","{2: 'withhold', 5: 'equivocate'}",0,1,1,"[2, 5]",2,0,"[0, 1, 1, 1, 0, 0, 1, 0, 1, 0]","[1, 1, 0, 0, 0, 0, 1, 0]","[1, 1, 0, 0, 1, 0, 1, 0]",0,1,0,0,0,1,0,1,,,Phi+,True,0.9215037650318076,0.01,8,2,False,False,2
141,regular,psi,"[3, 5]","{3: 'withhold', 5: 'equivocate'}",0,1,1,"[3, 5]",2,0,"[1, 1, 0, 1, 0, 0, 1, 1, 0, 1]","[0, 1, 0, 0, 0, 1, 0, 1]","[0, 1, 0, 0, 1, 1, 0, 1]",0,0,0,1,0,0,0,1,0.30749017146983887,0.9186053694170129,,,,0.01,8,2,False,False,2
142,regular,psi,"[3, 6]","{6: 'withhold', 3: 'coherent_flip'}",1,0,1,[6],1,1,"[0, 1, 0, 1, 1, 1, 0, 0, 0, 0]","[0, 1, 0, 1, 0, 0, 0, 0]","[0, 1, 0, 1, 0, 0, 0, 0]",1,1,1,0,1,0,0,0,0.3074902118590094,0.3074902118590094,,,,0.01,8,2,False,False,2
143,verification,verification,"[4, 6]","{6: 'withhold', 4: 'withhold'}",0,0,2,"[4, 6]",2,0,"[1, 0, 0, 1, 0, 0, 0, 1, 0, 1]","[0, 1, 0, 0, 0, 1, 0, 1]","[0, 1, 0, 0, 0, 1, 0, 1]",1,1,1,1,1,1,1,1,,,Phi+,True,0.9215037799329693,0.01,8,2,False,False,2
144,regular,psi,"[4, 7]","{4: 'equivocate', 7: 'withhold'}",0,1,1,"[4, 7]",2,0,"[1, 1, 0, 1, 1, 1, 1, 1, 1, 1]","[0, 1, 1, 0, 1, 1, 1, 1]","[0, 1, 1, 1, 1, 1, 1, 1]",1,0,0,0,1,0,0,1,0.4624187098635745,0.9186053694170128,,,,0.01,8,2,False,False,2
145,regular,psi,"[1, 5]","{1: 'withhold', 5: 'coherent_flip'}",1,0,1,[1],1,1,"[1, 1, 1, 1, 0, 0, 0, 0, 0, 0]","[1, 1, 0, 0, 1, 0, 0, 0]","[1, 1, 0, 0, 1, 0, 0, 0]",0,0,0,1,0,1,0,0,0.307490211644781,0.307490211644781,,,,0.01,8,2,False,False,2
146,regular,psi,"[3, 5]","{5: 'equivocate', 3: 'equivocate'}",0,2,0,"[3, 5]",2,0,"[0, 0, 0, 0, 1, 0, 0, 0, 1, 1]","[0, 0, 0, 0, 1, 0, 1, 1]","[0, 0, 1, 0, 0, 0, 1, 1]",1,0,1,0,1,0,1,1,0.9186052714309835,0.9186052714309835,,,,0.01,8,2,False,False,2
147,regular,psi,"[1, 5]","{5: 'equivocate', 1: 'withhold'}",0,1,1,"[1, 5]",2,0,"[1, 0, 1, 1, 0, 1, 1, 0, 1, 0]","[1, 1, 0, 1, 0, 0, 1, 0]","[1, 1, 0, 1, 1, 0, 1, 0]",0,0,0,1,0,0,0,1,0.3074902172439567,0.9186052966902077,,,,0.01,8,2,False,False,2
148,regular,psi,"[3, 7]","{3: 'withhold', 7: 'coherent_flip'}",1,0,1,[3],1,1,"[1, 1, 0, 0, 0, 0, 1, 0, 1, 1]","[0, 0, 0, 0, 1, 0, 0, 1]","[0, 0, 0, 0, 1, 0, 0, 1]",0,1,0,0,0,0,0,0,0.30749020775894703,0.30749020775894703,,,,0.01,8,2,False,False,2
149,regular,psi,"[2, 4]","{2: 'coherent_flip', 4: 'withhold'}",1,0,1,[4],1,1,"[0, 1, 0, 0, 1, 1, 0, 0, 0, 1]","[0, 1, 1, 1, 0, 0, 0, 1]","[0, 1, 1, 1, 0, 0, 0, 1]",1,1,0,1,0,1,0,0,0.4624186804975201,0.4624186804975201,,,,0.01,8,2,False,False,2
