trial_id,trial_type,input_state,byzantine_nodes,byzantine_strategies,n_coherent_flip,n_equivocate,n_withhold,detected_nodes,n_detected,n_undetected_byz,true_all_outcomes,reported_ctrl,recovered_ctrl,M_X_true,M_Z_true,M_X_rep,M_Z_rep,M_X_rec,M_Z_rec,M_correct_before,M_correct_after,fidelity_before,fidelity_after,bell_outcome,verification_pass,p_phi_plus,noise_level,n_controllers,max_byzantine,is_trap,trap_detected,sweep_noise
0,regular,psi,"[7, 8]","{8: 'withhold', 7: 'equivocate'}",0,1,1,"[7, 8]",2,0,"[1, 0, 0, 1, 1, 0, 0, 0, 0, 0]","[0, 1, 1, 0, 0, 0, 1, 0]","[0, 1, 1, 0, 0, 0, 0, 0]",1,0,1,1,1,0,0,1,0.2871366753319648,0.9628633246680353,,,,0.0,8,2,False,False,0.0
1,regular,psi,"[2, 4]","{2: 'coherent_flip', 4: 'withhold'}",1,0,1,[4],1,1,"[1, 0, 1, 1, 1, 1, 0, 0, 1, 0]","[1, 0, 1, 1, 0, 0, 1, 0]","[1, 0, 1, 1, 0, 0, 1, 0]",0,0,1,0,1,0,0,0,0.45844534538997145,0.45844534538997145,,,,0.0,8,2,False,False,0.0
2,regular,psi,"[1, 8]","{8: 'coherent_flip', 1: 'coherent_flip'}",2,0,0,[],0,2,"[1, 1, 1, 1, 0, 1, 0, 0, 1, 1]","[0, 1, 0, 1, 0, 0, 1, 0]","[0, 1, 0, 1, 0, 0, 1, 0]",0,1,1,0,1,0,0,0,0.29155465461002855,0.29155465461002855,,,,0.0,8,2,False,False,0.0
3,regular,psi,"[1, 2]","{1: 'withhold', 2: 'equivocate'}",0,1,1,"[1, 2]",2,0,"[0, 1, 0, 1, 1, 0, 1, 0, 0, 1]","[0, 0, 1, 0, 1, 0, 0, 1]","[0, 1, 1, 0, 1, 0, 0, 1]",1,0,0,0,1,0,0,1,0.45844534538997145,0.9628633246680353,,,,0.0,8,2,False,False,0.0
4,regular,psi,"[6, 7]","{7: 'withhold', 6: 'equivocate'}",0,1,1,"[6, 7]",2,0,"[1, 1, 0, 0, 1, 0, 1, 0, 1, 1]","[0, 0, 1, 0, 1, 1, 1, 1]","[0, 0, 1, 0, 1, 0, 1, 1]",0,0,1,0,0,0,0,1,0.45844534538997145,0.9628633246680353,,,,0.0,8,2,False,False,0.0
5,regular,psi,"[1, 2]","{2: 'coherent_flip', 1: 'coherent_flip'}",2,0,0,[],0,2,"[0, 0, 1, 0, 0, 0, 1, 1, 0, 1]","[0, 1, 0, 0, 1, 1, 0, 1]","[0, 1, 0, 0, 1, 1, 0, 1]",0,0,1,1,1,1,0,0,0.29155465461002855,0.29155465461002855,,,,0.0,8,2,False,False,0.0
6,regular,psi,"[1, 4]","{4: 'withhold', 1: 'equivocate'}",0,1,1,"[1, 4]",2,0,"[1, 0, 1, 0, 1, 0, 1, 0, 0, 1]","[0, 0, 1, 0, 1, 0, 0, 1]","[1, 0, 1, 0, 1, 0, 0, 1]",1,0,1,1,1,0,0,1,0.2871366753319648,0.9628633246680353,,,,0.0,8,2,False,False,0.0
7,regular,psi,"[5, 7]","{7: 'equivocate', 5: 'coherent_flip'}",1,1,0,[7],1,1,"[0, 1, 0, 1, 1, 0, 0, 0, 1, 1]","[0, 1, 1, 0, 1, 0, 0, 1]","[0, 1, 1, 0, 1, 0, 1, 1]",1,0,1,0,1,1,1,0,0.9628633246680353,0.2871366753319648,,,,0.0,8,2,False,False,0.0
8,regular,psi,"[7, 8]","{8: 'coherent_flip', 7: 'equivocate'}",1,1,0,[7],1,1,"[1, 1, 0, 1, 0, 1, 1, 0, 0, 0]","[0, 1, 0, 1, 1, 0, 1, 1]","[0, 1, 0, 1, 1, 0, 0, 1]",1,0,0,1,0,0,0,0,0.29155465461002855,0.45844534538997145,,,,0.0,8,2,False,False,0.0
9,verification,verification,"[5, 7]","{5: 'coherent_flip', 7: 'equivocate'}",1,1,0,[7],1,1,"[1, 1, 0, 0, 0, 0, 1, 0, 0, 1]","[0, 0, 0, 0, 0, 0, 1, 1]","[0, 0, 0, 0, 0, 0, 0, 1]",0,0,0,0,0,1,1,0,,,Phi-,False,0.0,0.0,8,2,False,False,0.0
10,regular,psi,"[4, 7]","{4: 'coherent_flip', 7: 'equivocate'}",1,1,0,[7],1,1,"[1, 1, 1, 1, 0, 0, 0, 1, 0, 0]","[1, 1, 0, 1, 0, 1, 1, 0]","[1, 1, 0, 1, 0, 1, 0, 0]",1,0,0,1,0,0,0,0,0.29155465461002855,0.45844534538997145,,,,0.0,8,2,False,False,0.0
11,regular,psi,"[5, 6]","{6: 'withhold', 5: 'withhold'}",0,0,2,"[5, 6]",2,0,"[1, 1, 0, 0, 1, 1, 0, 1, 1, 1]","[0, 0, 1, 1, 0, 1, 1, 1]","[0, 0, 1, 1, 0, 1, 1, 1]",0,1,0,1,0,1,1,1,0.9628633246680353,0.9628633246680353,,,,0.0,8,2,False,False,0.0
12,regular,psi,"[2, 6]","{2: 'coherent_flip', 6: 'withhold'}",1,0,1,[6],1,1,"[0, 0, 1, 0, 0, 0, 0, 1, 1, 0]","[1, 1, 0, 0, 0, 1, 1, 0]","[1, 1, 0, 0, 0, 1, 1, 0]",1,0,0,0,0,0,0,0,0.45844534538997145,0.45844534538997145,,,,0.0,8,2,False,False,0.0
13,regular,psi,"[1, 8]","{1: 'withhold', 8: 'equivocate'}",0,1,1,"[1, 8]",2,0,"[0, 1, 0, 1, 0, 0, 1, 0, 1, 1]","[0, 1, 0, 0, 1, 0, 1, 0]","[0, 1, 0, 0, 1, 0, 1, 1]",1,0,0,0,1,0,0,1,0.45844534538997145,0.9628633246680353,,,,0.0,8,2,False,False,0.0
14,regular,psi,"[4, 5]","{4: 'equivocate', 5: 'coherent_flip'}",1,1,0,[4],1,1,"[0, 0, 1, 0, 1, 0, 1, 0, 0, 0]","[1, 0, 1, 1, 0, 0, 0, 0]","[1, 0, 1, 0, 0, 0, 0, 0]",0,1,1,0,0,0,0,0,0.29155465461002855,0.2871366753319648,,,,0.0,8,2,False,False,0.0
15,verification,verification,"[4, 7]","{7: 'equivocate', 4: 'coherent_flip'}",1,1,0,[7],1,1,"[1, 1, 0, 0, 0, 0, 0, 1, 0, 0]","[0, 0, 0, 1, 0, 1, 1, 0]","[0, 0, 0, 1, 0, 1, 0, 0]",0,1,1,0,1,1,0,0,,,Psi+,False,0.0,0.0,8,2,False,False,0.0
16,regular,psi,"[3, 7]","{7: 'equivocate', 3: 'coherent_flip'}",1,1,0,[7],1,1,"[1, 0, 0, 1, 0, 1, 0, 1, 1, 1]","[0, 1, 1, 1, 0, 1, 0, 1]","[0, 1, 1, 1, 0, 1, 1, 1]",0,0,0,0,0,1,1,0,0.9628633246680353,0.2871366753319648,,,,0.0,8,2,False,False,0.0
17,regular,psi,"[1, 8]","{1: 'coherent_flip', 8: 'coherent_flip'}",2,0,0,[],0,2,"[1, 0, 1, 0, 0, 1, 0, 0, 1, 1]","[0, 0, 0, 1, 0, 0, 1, 0]","[0, 0, 0, 1, 0, 0, 1, 0]",0,1,1,0,1,0,0,0,0.29155465461002855,0.29155465461002855,,,,0.0,8,2,False,False,0.0
18,regular,psi,"[1, 2]","{2: 'coherent_flip', 1: 'equivocate'}",1,1,0,[1],1,1,"[0, 0, 0, 1, 1, 0, 0, 1, 0, 1]","[1, 0, 1, 0, 0, 1, 0, 1]","[0, 0, 1, 0, 0, 1, 0, 1]",1,1,0,0,0,1,0,0,0.29155465461002855,0.45844534538997145,,,,0.0,8,2,False,False,0.0
19,regular,psi,"[1, 5]","{5: 'coherent_flip', 1: 'coherent_flip'}",2,0,0,[],0,2,"[1, 1, 0, 0, 0, 1, 1, 0, 0, 0]","[1, 0, 0, 1, 0, 0, 0, 0]","[1, 0, 0, 1, 0, 0, 0, 0]",0,0,0,0,0,0,1,1,0.9628633246680353,0.9628633246680353,,,,0.0,8,2,False,False,0.0
20,regular,psi,"[2, 7]","{7: 'withhold', 2: 'coherent_flip'}",1,0,1,[7],1,1,"[1, 1, 0, 1, 0, 1, 0, 1, 1, 1]","[0, 0, 0, 1, 0, 1, 1, 1]","[0, 0, 0, 1, 0, 1, 1, 1]",1,0,0,0,0,0,0,0,0.45844534538997145,0.45844534538997145,,,,0.0,8,2,False,False,0.0
21,regular,psi,"[1, 4]","{1: 'withhold', 4: 'withhold'}",0,0,2,"[1, 4]",2,0,"[1, 1, 0, 0, 1, 1, 1, 1, 0, 1]","[0, 0, 1, 1, 1, 1, 0, 1]","[0, 0, 1, 1, 1, 1, 0, 1]",0,1,0,1,0,1,1,1,0.9628633246680353,0.9628633246680353,,,,0.0,8,2,False,False,0.0
22,regular,psi,"[3, 7]","{3: 'coherent_flip', 7: 'coherent_flip'}",2,0,0,[],0,2,"[0, 0, 0, 1, 0, 0, 0, 0, 0, 0]","[0, 1, 1, 0, 0, 0, 1, 0]","[0, 1, 1, 0, 0, 0, 1, 0]",1,0,1,0,1,0,1,1,0.9628633246680353,0.9628633246680353,,,,0.0,8,2,False,False,0.0
23,regular,psi,"[4, 7]","{4: 'equivocate', 7: 'equivocate'}",0,2,0,"[4, 7]",2,0,"[1, 0, 0, 0, 0, 0, 1, 1, 0, 1]","[0, 0, 0, 1, 1, 1, 1, 1]","[0, 0, 0, 0, 1, 1, 0, 1]",0,0,1,1,0,0,0,1,0.29155465461002855,0.9628633246680353,,,,0.0,8,2,False,False,0.0
24,regular,psi,"[7, 8]","{8: 'coherent_flip', 7: 'coherent_flip'}",2,0,0,[],0,2,"[1, 0, 1, 0, 1, 1, 0, 0, 1, 0]","[1, 0, 1, 1, 0, 0, 0, 1]","[1, 0, 1, 1, 0, 0, 0, 1]",1,0,0,1,0,1,0,0,0.29155465461002855,0.29155465461002855,,,,0.0,8,2,False,False,0.0
25,regular,psi,"[4, 8]","{8: 'equivocate', 4: 'withhold'}",0,1,1,"[4, 8]",2,0,"[1, 0, 0, 0, 0, 1, 1, 0, 0, 1]","[0, 0, 0, 1, 1, 0, 0, 0]","[0, 0, 0, 1, 1, 0, 0, 1]",0,0,1,0,0,0,0,1,0.45844534538997145,0.9628633246680353,,,,0.0,8,2,False,False,0.0
26,regular,psi,"[4, 8]","{8: 'coherent_flip', 4: 'equivocate'}",1,1,0,[4],1,1,"[0, 1, 0, 0, 0, 1, 0, 1, 0, 0]","[0, 0, 0, 0, 0, 1, 0, 1]","[0, 0, 0, 1, 0, 1, 0, 1]",1,0,1,0,0,0,1,0,0.9628633246680353,0.45844534538997145,,,,0.0,8,2,False,False,0.0
27,regular,psi,"[1, 6]","{6: 'equivocate', 1: 'withhold'}",0,1,1,"[1, 6]",2,0,"[0, 1, 0, 1, 1, 0, 1, 0, 0, 0]","[0, 1, 1, 0, 1, 1, 0, 0]","[0, 1, 1, 0, 1, 0, 0, 0]",0,0,1,0,0,0,0,1,0.45844534538997145,0.9628633246680353,,,,0.0,8,2,False,False,0.0
28,regular,psi,"[6, 7]","{7: 'equivocate', 6: 'equivocate'}",0,2,0,"[6, 7]",2,0,"[1, 0, 0, 1, 0, 0, 1, 0, 0, 0]","[0, 1, 0, 0, 1, 1, 1, 0]","[0, 1, 0, 0, 1, 0, 0, 0]",1,0,0,1,1,0,0,1,0.29155465461002855,0.9628633246680353,,,,0.0,8,2,False,False,0.0
29,regular,psi,"[3, 8]","{8: 'withhold', 3: 'withhold'}",0,0,2,"[3, 8]",2,0,"[1, 1, 1, 0, 0, 0, 0, 0, 1, 0]","[1, 0, 0, 0, 0, 0, 1, 0]","[1, 0, 0, 0, 0, 0, 1, 0]",1,1,1,1,1,1,1,1,0.9628633246680353,0.9628633246680353,,,,0.0,8,2,False,False,0.0
30,regular,psi,"[5, 6]","{5: 'coherent_flip', 6: 'equivocate'}",1,1,0,[6],1,1,"[0, 0, 1, 1, 1, 1, 1, 1, 1, 1]","[1, 1, 1, 1, 0, 0, 1, 1]","[1, 1, 1, 1, 0, 1, 1, 1]",0,0,1,1,0,1,0,0,0.29155465461002855,0.2871366753319648,,,,0.0,8,2,False,False,0.0
31,regular,psi,"[1, 4]","{4: 'withhold', 1: 'coherent_flip'}",1,0,1,[4],1,1,"[1, 0, 1, 1, 1, 0, 0, 1, 0, 0]","[0, 1, 1, 0, 0, 1, 0, 0]","[0, 1, 1, 0, 0, 1, 0, 0]",0,1,0,0,0,0,0,0,0.2871366753319648,0.2871366753319648,,,,0.0,8,2,False,False,0.0
32,regular,psi,"[5, 8]","{5: 'coherent_flip', 8: 'equivocate'}",1,1,0,[8],1,1,"[0, 1, 1, 0, 0, 1, 1, 0, 0, 1]","[1, 0, 0, 1, 0, 0, 0, 0]","[1, 0, 0, 1, 0, 0, 0, 1]",1,0,0,1,1,1,0,0,0.29155465461002855,0.2871366753319648,,,,0.0,8,2,False,False,0.0
33,regular,psi,"[2, 7]","{2: 'equivocate', 7: 'withhold'}",0,1,1,"[2, 7]",2,0,"[1, 0, 1, 1, 0, 1, 1, 1, 0, 0]","[1, 0, 0, 1, 1, 1, 0, 0]","[1, 1, 0, 1, 1, 1, 0, 0]",1,1,0,1,1,1,0,1,0.45844534538997145,0.9628633246680353,,,,0.0,8,2,False,False,0.0
34,regular,psi,"[3, 6]","{6: 'coherent_flip', 3: 'equivocate'}",1,1,0,[3],1,1,"[1, 0, 1, 1, 0, 1, 1, 1, 1, 1]","[1, 1, 1, 1, 1, 0, 1, 1]","[1, 1, 0, 1, 1, 0, 1, 1]",0,0,1,1,1,0,0,0,0.29155465461002855,0.45844534538997145,,,,0.0,8,2,False,False,0.0
35,regular,psi,"[1, 5]","{1: 'withhold', 5: 'withhold'}",0,0,2,"[1, 5]",2,0,"[0, 0, 0, 1, 0, 0, 0, 1, 1, 1]","[0, 1, 0, 0, 0, 1, 1, 1]","[0, 1, 0, 0, 0, 1, 1, 1]",1,1,1,1,1,1,1,1,0.9628633246680353,0.9628633246680353,,,,0.0,8,2,False,False,0.0
36,regular,psi,"[2, 7]","{2: 'equivocate', 7: 'equivocate'}",0,2,0,"[2, 7]",2,0,"[0, 1, 1, 0, 0, 0, 1, 0, 0, 0]","[1, 1, 0, 0, 1, 0, 1, 0]","[1, 0, 0, 0, 1, 0, 0, 0]",1,0,0,1,1,0,0,1,0.29155465461002855,0.9628633246680353,,,,0.0,8,2,False,False,0.0
37,regular,psi,"[1, 2]","{2: 'equivocate', 1: 'equivocate'}",0,2,0,"[1, 2]",2,0,"[1, 0, 1, 0, 1, 0, 0, 1, 1, 0]","[0, 1, 1, 0, 0, 1, 1, 0]","[1, 0, 1, 0, 0, 1, 1, 0]",1,0,0,1,1,0,0,1,0.29155465461002855,0.9628633246680353,,,,0.0,8,2,False,False,0.0
38,regular,psi,"[1, 6]","{1: 'equivocate', 6: 'withhold'}",0,1,1,"[1, 6]",2,0,"[1, 0, 0, 1, 1, 1, 0, 0, 1, 1]","[1, 1, 1, 1, 0, 0, 1, 1]","[0, 1, 1, 1, 0, 0, 1, 1]",1,1,1,0,1,1,0,1,0.2871366753319648,0.9628633246680353,,,,0.0,8,2,False,False,0.0
39,regular,zero,"[2, 8]","{2: 'coherent_flip', 8: 'equivocate'}",1,1,0,[8],1,1,"[1, 1, 0, 0, 1, 1, 0, 1, 0, 1]","[0, 1, 1, 1, 0, 1, 0, 0]","[0, 1, 1, 1, 0, 1, 0, 1]",0,0,0,0,1,0,1,0,1.0,0.0,,,,0.0,8,2,True,True,0.0
40,regular,psi,"[3, 6]","{6: 'equivocate', 3: 'equivocate'}",0,2,0,"[3, 6]",2,0,"[0, 0, 0, 1, 0, 0, 0, 1, 0, 0]","[0, 1, 1, 0, 0, 0, 0, 0]","[0, 1, 0, 0, 0, 1, 0, 0]",0,0,1,1,0,0,0,1,0.29155465461002855,0.9628633246680353,,,,0.0,8,2,False,False,0.0
41,regular,psi,"[5, 8]","{8: 'equivocate', 5: 'coherent_flip'}",1,1,0,[8],1,1,"[0, 1, 1, 0, 1, 0, 1, 1, 1, 0]","[1, 0, 1, 0, 0, 1, 1, 1]","[1, 0, 1, 0, 0, 1, 1, 0]",0,0,1,1,0,1,0,0,0.29155465461002855,0.2871366753319648,,,,0.0,8,2,False,False,0.0
42,regular,psi,"[1, 4]","{4: 'coherent_flip', 1: 'equivocate'}",1,1,0,[1],1,1,"[1, 1, 1, 0, 0, 0, 1, 1, 0, 1]","[0, 0, 0, 1, 1, 1, 0, 1]","[1, 0, 0, 1, 1, 1, 0, 1]",1,1,0,0,0,1,0,0,0.29155465461002855,0.45844534538997145,,,,0.0,8,2,False,False,0.0
43,regular,psi,"[1, 4]","{4: 'withhold', 1: 'equivocate'}",0,1,1,"[1, 4]",2,0,"[1, 0, 1, 1, 1, 0, 0, 1, 1, 0]","[0, 1, 1, 0, 0, 1, 1, 0]","[1, 1, 1, 0, 0, 1, 1, 0]",0,0,0,1,0,0,0,1,0.2871366753319648,0.9628633246680353,,,,0.0,8,2,False,False,0.0
44,regular,psi,"[7, 8]","{8: 'withhold', 7: 'equivocate'}",0,1,1,"[7, 8]",2,0,"[1, 1, 0, 0, 0, 0, 1, 1, 0, 1]","[0, 0, 0, 0, 1, 1, 1, 1]","[0, 0, 0, 0, 1, 1, 0, 1]",1,0,1,1,1,0,0,1,0.2871366753319648,0.9628633246680353,,,,0.0,8,2,False,False,0.0
45,regular,psi,"[4, 5]","{5: 'withhold', 4: 'withhold'}",0,0,2,"[4, 5]",2,0,"[1, 0, 1, 0, 1, 1, 1, 0, 1, 1]","[1, 0, 1, 1, 1, 0, 1, 1]","[1, 0, 1, 1, 1, 0, 1, 1]",0,1,0,1,0,1,1,1,0.9628633246680353,0.9628633246680353,,,,0.0,8,2,False,False,0.0
46,regular,psi,"[7, 8]","{8: 'equivocate', 7: 'coherent_flip'}",1,1,0,[8],1,1,"[1, 0, 1, 1, 0, 1, 0, 0, 1, 1]","[1, 1, 0, 1, 0, 0, 0, 0]","[1, 1, 0, 1, 0, 0, 0, 1]",1,1,0,0,1,0,0,0,0.29155465461002855,0.2871366753319648,,,,0.0,8,2,False,False,0.0
47,regular,psi,"[2, 8]","{8: 'coherent_flip', 2: 'withhold'}",1,0,1,[2],1,1,"[0, 1, 1, 0, 1, 0, 0, 0, 0, 1]","[1, 0, 1, 0, 0, 0, 0, 0]","[1, 0, 1, 0, 0, 0, 0, 0]",0,0,1,0,1,0,0,0,0.45844534538997145,0.45844534538997145,,,,0.0,8,2,False,False,0.0
48,regular,psi,"[5, 8]","{8: 'coherent_flip', 5: 'equivocate'}",1,1,0,[5],1,1,"[0, 1, 0, 1, 0, 0, 1, 1, 1, 0]","[0, 1, 0, 0, 0, 1, 1, 1]","[0, 1, 0, 0, 1, 1, 1, 1]",1,0,0,1,0,0,0,0,0.29155465461002855,0.45844534538997145,,,,0.0,8,2,False,False,0.0
49,regular,psi,"[2, 3]","{2: 'withhold', 3: 'withhold'}",0,0,2,"[2, 3]",2,0,"[1, 0, 0, 0, 1, 1, 0, 1, 0, 0]","[0, 0, 1, 1, 0, 1, 0, 0]","[0, 0, 1, 1, 0, 1, 0, 0]",0,0,0,0,0,0,1,1,0.9628633246680353,0.9628633246680353,,,,0.0,8,2,False,False,0.0
50,regular,psi,"[2, 3]","{3: 'withhold', 2: 'coherent_flip'}",1,0,1,[3],1,1,"[0, 0, 1, 0, 1, 0, 1, 1, 0, 1]","[1, 1, 1, 0, 1, 1, 0, 1]","[1, 1, 1, 0, 1, 1, 0, 1]",0,1,1,1,1,1,0,0,0.45844534538997145,0.45844534538997145,,,,0.0,8,2,False,False,0.0
51,regular,psi,"[5, 7]","{5: 'equivocate', 7: 'coherent_flip'}",1,1,0,[5],1,1,"[0, 0, 0, 1, 1, 0, 0, 1, 0, 0]","[0, 1, 1, 0, 1, 1, 1, 0]","[0, 1, 1, 0, 0, 1, 1, 0]",0,1,0,1,0,0,1,0,0.9628633246680353,0.2871366753319648,,,,0.0,8,2,False,False,0.0
52,regular,psi,"[2, 6]","{2: 'equivocate', 6: 'equivocate'}",0,2,0,"[2, 6]",2,0,"[1, 1, 1, 0, 0, 0, 1, 0, 1, 0]","[1, 1, 0, 0, 1, 1, 1, 0]","[1, 0, 0, 0, 1, 0, 1, 0]",1,0,1,0,1,0,1,1,0.9628633246680353,0.9628633246680353,,,,0.0,8,2,False,False,0.0
53,regular,psi,"[2, 4]","{2: 'coherent_flip', 4: 'withhold'}",1,0,1,[4],1,1,"[0, 1, 1, 0, 1, 1, 0, 1, 0, 0]","[1, 1, 1, 1, 0, 1, 0, 0]","[1, 1, 1, 1, 0, 1, 0, 0]",1,0,0,0,0,0,0,0,0.45844534538997145,0.45844534538997145,,,,0.0,8,2,False,False,0.0
54,regular,psi,"[3, 4]","{4: 'withhold', 3: 'equivocate'}",0,1,1,"[3, 4]",2,0,"[0, 0, 0, 0, 1, 1, 1, 0, 1, 1]","[0, 0, 0, 1, 1, 0, 1, 1]","[0, 0, 1, 1, 1, 0, 1, 1]",0,1,0,0,0,1,0,1,0.2871366753319648,0.9628633246680353,,,,0.0,8,2,False,False,0.0
55,regular,psi,"[5, 6]","{5: 'coherent_flip', 6: 'withhold'}",1,0,1,[6],1,1,"[1, 1, 1, 0, 0, 0, 1, 1, 1, 1]","[1, 0, 0, 0, 0, 1, 1, 1]","[1, 0, 0, 0, 0, 1, 1, 1]",1,0,1,1,1,1,0,0,0.2871366753319648,0.2871366753319648,,,,0.0,8,2,False,False,0.0
56,regular,psi,"[3, 4]","{4: 'coherent_flip', 3: 'withhold'}",1,0,1,[3],1,1,"[0, 0, 1, 1, 1, 1, 0, 0, 0, 0]","[1, 1, 1, 0, 0, 0, 0, 0]","[1, 1, 1, 0, 0, 0, 0, 0]",0,0,1,0,1,0,0,0,0.45844534538997145,0.45844534538997145,,,,0.0,8,2,False,False,0.0
57,regular,psi,"[3, 6]","{6: 'withhold', 3: 'equivocate'}",0,1,1,"[3, 6]",2,0,"[0, 1, 1, 1, 1, 0, 1, 1, 0, 0]","[1, 1, 0, 0, 1, 1, 0, 0]","[1, 1, 1, 0, 1, 1, 0, 0]",1,1,1,0,1,1,0,1,0.2871366753319648,0.9628633246680353,,,,0.0,8,2,False,False,0.0
58,regular,psi,"[5, 8]","{5: 'withhold', 8: 'withhold'}",0,0,2,"[5, 8]",2,0,"[0, 1, 1, 1, 0, 1, 1, 0, 0, 1]","[1, 1, 0, 1, 1, 0, 0, 1]","[1, 1, 0, 1, 1, 0, 0, 1]",0,0,0,0,0,0,1,1,0.9628633246680353,0.9628633246680353,,,,0.0,8,2,False,False,0.0
59,regular,psi,"[3, 8]","{8: 'equivocate', 3: 'withhold'}",0,1,1,"[3, 8]",2,0,"[0, 0, 0, 0, 0, 0, 1, 0, 0, 0]","[0, 0, 0, 0, 1, 0, 0, 1]","[0, 0, 0, 0, 1, 0, 0, 0]",0,1,1,1,0,1,0,1,0.45844534538997145,0.9628633246680353,,,,0.0,8,2,False,False,0.0
60,verification,verification,"[4, 7]","{7: 'equivocate', 4: 'coherent_flip'}",1,1,0,[7],1,1,"[1, 0, 0, 1, 0, 0, 1, 1, 0, 1]","[0, 1, 0, 1, 1, 1, 1, 1]","[0, 1, 0, 1, 1, 1, 0, 1]",1,0,0,1,0,0,0,0,,,Psi+,False,0.0,0.0,8,2,False,False,0.0
61,regular,psi,"[1, 2]","{1: 'coherent_flip', 2: 'withhold'}",1,0,1,[2],1,1,"[1, 1, 0, 0, 0, 0, 0, 0, 0, 1]","[1, 0, 0, 0, 0, 0, 0, 1]","[1, 0, 0, 0, 0, 0, 0, 1]",0,1,0,0,0,0,0,0,0.2871366753319648,0.2871366753319648,,,,0.0,8,2,False,False,0.0
62,regular,psi,"[1, 4]","{1: 'coherent_flip', 4: 'coherent_flip'}",2,0,0,[],0,2,"[1, 1, 0, 0, 0, 1, 1, 0, 1, 0]","[1, 0, 0, 0, 1, 0, 1, 0]","[1, 0, 0, 0, 1, 0, 1, 0]",0,1,1,0,1,0,0,0,0.29155465461002855,0.29155465461002855,,,,0.0,8,2,False,False,0.0
63,regular,psi,"[3, 5]","{5: 'coherent_flip', 3: 'coherent_flip'}",2,0,0,[],0,2,"[0, 1, 1, 0, 0, 0, 0, 1, 0, 1]","[1, 0, 1, 0, 1, 1, 0, 1]","[1, 0, 1, 0, 1, 1, 0, 1]",1,1,1,1,1,1,1,1,0.9628633246680353,0.9628633246680353,,,,0.0,8,2,False,False,0.0
64,verification,verification,"[1, 5]","{5: 'coherent_flip', 1: 'coherent_flip'}",2,0,0,[],0,2,"[1, 1, 1, 0, 0, 0, 0, 0, 0, 0]","[0, 0, 0, 0, 1, 0, 0, 0]","[0, 0, 0, 0, 1, 0, 0, 0]",1,0,1,0,1,0,1,1,,,Phi+,True,1.0,0.0,8,2,False,False,0.0
65,regular,psi,"[3, 6]","{3: 'coherent_flip', 6: 'withhold'}",1,0,1,[6],1,1,"[0, 0, 1, 1, 1, 0, 0, 0, 0, 1]","[1, 1, 0, 0, 0, 0, 0, 1]","[1, 1, 0, 0, 0, 0, 0, 1]",0,0,0,1,0,1,0,0,0.2871366753319648,0.2871366753319648,,,,0.0,8,2,False,False,0.0
66,verification,verification,"[1, 4]","{4: 'withhold', 1: 'equivocate'}",0,1,1,"[1, 4]",2,0,"[1, 0, 1, 1, 1, 1, 1, 0, 1, 1]","[0, 1, 1, 1, 1, 0, 1, 1]","[1, 1, 1, 1, 1, 0, 1, 1]",1,1,1,0,1,1,0,1,,,Phi+,True,1.0,0.0,8,2,False,False,0.0
67,regular,psi,"[1, 6]","{6: 'withhold', 1: 'coherent_flip'}",1,0,1,[6],1,1,"[1, 0, 0, 0, 0, 1, 0, 1, 1, 1]","[1, 0, 0, 1, 0, 1, 1, 1]","[1, 0, 0, 1, 0, 1, 1, 1]",1,0,1,1,1,1,0,0,0.2871366753319648,0.2871366753319648,,,,0.0,8,2,False,False,0.0
68,regular,psi,"[5, 6]","{6: 'equivocate', 5: 'equivocate'}",0,2,0,"[5, 6]",2,0,"[1, 1, 1, 1, 0, 0, 1, 0, 1, 1]","[1, 1, 0, 0, 0, 1, 1, 1]","[1, 1, 0, 0, 1, 0, 1, 1]",1,0,0,1,1,0,0,1,0.29155465461002855,0.9628633246680353,,,,0.0,8,2,False,False,0.0
69,regular,psi,"[3, 6]","{3: 'withhold', 6: 'coherent_flip'}",1,0,1,[3],1,1,"[1, 1, 1, 0, 0, 1, 1, 1, 1, 1]","[1, 0, 0, 1, 1, 0, 1, 1]","[1, 0, 0, 1, 1, 0, 1, 1]",0,0,1,0,1,0,0,0,0.45844534538997145,0.45844534538997145,,,,0.0,8,2,False,False,0.0
70,regular,psi,"[1, 6]","{6: 'withhold', 1: 'equivocate'}",0,1,1,"[1, 6]",2,0,"[1, 1, 1, 1, 1, 1, 0, 1, 1, 1]","[0, 1, 1, 1, 0, 1, 1, 1]","[1, 1, 1, 1, 0, 1, 1, 1]",1,0,1,1,1,0,0,1,0.2871366753319648,0.9628633246680353,,,,0.0,8,2,False,False,0.0
71,regular,psi,"[2, 3]","{2: 'coherent_flip', 3: 'withhold'}",1,0,1,[3],1,1,"[1, 1, 1, 0, 1, 1, 0, 0, 0, 1]","[1, 1, 1, 1, 0, 0, 0, 1]","[1, 1, 1, 1, 0, 0, 0, 1]",1,1,0,1,0,1,0,0,0.45844534538997145,0.45844534538997145,,,,0.0,8,2,False,False,0.0
72,regular,psi,"[5, 7]","{5: 'equivocate', 7: 'equivocate'}",0,2,0,"[5, 7]",2,0,"[0, 1, 0, 1, 1, 1, 0, 0, 0, 0]","[0, 1, 1, 1, 1, 0, 1, 0]","[0, 1, 1, 1, 0, 0, 0, 0]",1,1,1,1,1,1,1,1,0.9628633246680353,0.9628633246680353,,,,0.0,8,2,False,False,0.0
73,regular,psi,"[5, 7]","{5: 'coherent_flip', 7: 'equivocate'}",1,1,0,[7],1,1,"[1, 0, 0, 1, 1, 1, 1, 0, 1, 0]","[0, 1, 1, 1, 0, 0, 0, 0]","[0, 1, 1, 1, 0, 0, 1, 0]",0,0,0,0,0,1,1,0,0.9628633246680353,0.2871366753319648,,,,0.0,8,2,False,False,0.0
74,verification,verification,"[3, 7]","{7: 'withhold', 3: 'equivocate'}",0,1,1,"[3, 7]",2,0,"[1, 1, 1, 0, 1, 1, 1, 0, 0, 0]","[1, 0, 0, 1, 1, 0, 0, 0]","[1, 0, 1, 1, 1, 0, 0, 0]",0,0,0,1,0,0,0,1,,,Phi+,True,1.0,0.0,8,2,False,False,0.0
75,regular,psi,"[3, 8]","{3: 'coherent_flip', 8: 'equivocate'}",1,1,0,[8],1,1,"[1, 1, 0, 0, 0, 1, 0, 0, 0, 1]","[0, 0, 1, 1, 0, 0, 0, 0]","[0, 0, 1, 1, 0, 0, 0, 1]",1,1,0,0,1,0,0,0,0.29155465461002855,0.2871366753319648,,,,0.0,8,2,False,False,0.0
76,regular,psi,"[3, 4]","{4: 'equivocate', 3: 'withhold'}",0,1,1,"[3, 4]",2,0,"[0, 1, 1, 1, 1, 0, 0, 1, 1, 0]","[1, 1, 1, 1, 0, 1, 1, 0]","[1, 1, 1, 0, 0, 1, 1, 0]",1,1,0,1,1,1,0,1,0.45844534538997145,0.9628633246680353,,,,0.0,8,2,False,False,0.0
77,regular,psi,"[1, 5]","{5: 'equivocate', 1: 'withhold'}",0,1,1,"[1, 5]",2,0,"[1, 1, 1, 0, 1, 1, 0, 1, 1, 1]","[1, 0, 1, 1, 1, 1, 1, 1]","[1, 0, 1, 1, 0, 1, 1, 1]",0,0,0,1,0,0,0,1,0.2871366753319648,0.9628633246680353,,,,0.0,8,2,False,False,0.0
78,regular,psi,"[3, 4]","{3: 'equivocate', 4: 'withhold'}",0,1,1,"[3, 4]",2,0,"[1, 1, 0, 0, 0, 1, 0, 1, 0, 1]","[0, 0, 1, 1, 0, 1, 0, 1]","[0, 0, 0, 1, 0, 1, 0, 1]",0,1,0,0,0,1,0,1,0.2871366753319648,0.9628633246680353,,,,0.0,8,2,False,False,0.0
79,regular,psi,"[3, 4]","{3: 'equivocate', 4: 'coherent_flip'}",1,1,0,[3],1,1,"[1, 0, 1, 0, 1, 0, 1, 1, 1, 1]","[1, 0, 0, 1, 1, 1, 1, 1]","[1, 0, 1, 1, 1, 1, 1, 1]",0,1,1,0,1,1,0,0,0.29155465461002855,0.45844534538997145,,,,0.0,8,2,False,False,0.0
80,regular,psi,"[1, 7]","{7: 'coherent_flip', 1: 'equivocate'}",1,1,0,[1],1,1,"[1, 0, 1, 1, 0, 1, 0, 0, 0, 0]","[0, 1, 0, 1, 0, 0, 1, 0]","[1, 1, 0, 1, 0, 0, 1, 0]",0,0,0,0,0,1,1,0,0.9628633246680353,0.2871366753319648,,,,0.0,8,2,False,False,0.0
81,regular,zero,"[2, 5]","{5: 'withhold', 2: 'withhold'}",0,0,2,"[2, 5]",2,0,"[0, 0, 0, 1, 1, 0, 1, 0, 0, 0]","[0, 1, 1, 0, 1, 0, 0, 0]","[0, 1, 1, 0, 1, 0, 0, 0]",1,0,1,0,1,0,1,1,1.0,1.0,,,,0.0,8,2,True,False,0.0
82,verification,verification,"[2, 7]","{7: 'coherent_flip', 2: 'coherent_flip'}",2,0,0,[],0,2,"[0, 1, 0, 0, 0, 1, 0, 1, 1, 1]","[0, 1, 0, 1, 0, 1, 0, 1]","[0, 1, 0, 1, 0, 1, 0, 1]",0,1,1,0,1,0,0,0,,,Psi-,False,0.0,0.0,8,2,False,False,0.0
83,regular,psi,"[3, 8]","{3: 'coherent_flip', 8: 'withhold'}",1,0,1,[8],1,1,"[0, 0, 0, 1, 1, 0, 1, 1, 0, 1]","[0, 1, 0, 0, 1, 1, 0, 1]","[0, 1, 0, 0, 1, 1, 0, 1]",1,0,1,1,1,1,0,0,0.2871366753319648,0.2871366753319648,,,,0.0,8,2,False,False,0.0
84,regular,psi,"[1, 3]","{1: 'withhold', 3: 'withhold'}",0,0,2,"[1, 3]",2,0,"[1, 0, 0, 1, 1, 0, 0, 0, 0, 0]","[0, 1, 1, 0, 0, 0, 0, 0]","[0, 1, 1, 0, 0, 0, 0, 0]",1,0,1,0,1,0,1,1,0.9628633246680353,0.9628633246680353,,,,0.0,8,2,False,False,0.0
85,verification,verification,"[1, 6]","{1: 'coherent_flip', 6: 'equivocate'}",1,1,0,[6],1,1,"[0, 0, 1, 0, 1, 0, 1, 0, 1, 0]","[0, 0, 1, 0, 1, 1, 1, 0]","[0, 0, 1, 0, 1, 0, 1, 0]",0,0,1,1,0,1,0,0,,,Phi-,False,0.0,0.0,8,2,False,False,0.0
86,regular,psi,"[2, 6]","{2: 'withhold', 6: 'equivocate'}",0,1,1,"[2, 6]",2,0,"[1, 1, 0, 1, 0, 0, 0, 0, 0, 1]","[0, 1, 0, 0, 0, 1, 0, 1]","[0, 1, 0, 0, 0, 0, 0, 1]",1,1,0,1,1,1,0,1,0.45844534538997145,0.9628633246680353,,,,0.0,8,2,False,False,0.0
87,regular,psi,"[3, 5]","{3: 'withhold', 5: 'coherent_flip'}",1,0,1,[3],1,1,"[0, 1, 0, 0, 1, 0, 0, 0, 1, 0]","[0, 0, 1, 0, 1, 0, 1, 0]","[0, 0, 1, 0, 1, 0, 1, 0]",1,0,1,1,1,1,0,0,0.2871366753319648,0.2871366753319648,,,,0.0,8,2,False,False,0.0
88,regular,psi,"[1, 5]","{5: 'withhold', 1: 'coherent_flip'}",1,0,1,[5],1,1,"[1, 1, 1, 0, 1, 1, 0, 0, 0, 1]","[0, 0, 1, 1, 0, 0, 0, 1]","[0, 0, 1, 1, 0, 0, 0, 1]",1,1,1,0,1,0,0,0,0.2871366753319648,0.2871366753319648,,,,0.0,8,2,False,False,0.0
89,regular,psi,"[3, 6]","{3: 'withhold', 6: 'equivocate'}",0,1,1,"[3, 6]",2,0,"[1, 0, 1, 1, 0, 0, 0, 0, 0, 0]","[1, 1, 0, 0, 0, 1, 0, 0]","[1, 1, 0, 0, 0, 0, 0, 0]",1,0,0,0,1,0,0,1,0.45844534538997145,0.9628633246680353,,,,0.0,8,2,False,False,0.0
90,regular,psi,"[1, 5]","{5: 'equivocate', 1: 'withhold'}",0,1,1,"[1, 5]",2,0,"[1, 1, 0, 1, 0, 1, 0, 0, 1, 1]","[0, 1, 0, 1, 1, 0, 1, 1]","[0, 1, 0, 1, 0, 0, 1, 1]",0,0,0,1,0,0,0,1,0.2871366753319648,0.9628633246680353,,,,0.0,8,2,False,False,0.0
91,verification,verification,"[2, 8]","{2: 'withhold', 8: 'withhold'}",0,0,2,"[2, 8]",2,0,"[0, 0, 1, 1, 1, 1, 0, 0, 0, 1]","[1, 1, 1, 1, 0, 0, 0, 1]","[1, 1, 1, 1, 0, 0, 0, 1]",1,0,1,0,1,0,1,1,,,Phi+,True,1.0,0.0,8,2,False,False,0.0
92,regular,psi,"[1, 4]","{1: 'equivocate', 4: 'coherent_flip'}",1,1,0,[1],1,1,"[0, 1, 0, 0, 1, 1, 0, 1, 1, 1]","[1, 0, 1, 0, 0, 1, 1, 1]","[0, 0, 1, 0, 0, 1, 1, 1]",0,0,1,1,1,0,0,0,0.29155465461002855,0.45844534538997145,,,,0.0,8,2,False,False,0.0
93,regular,psi,"[2, 3]","{3: 'withhold', 2: 'withhold'}",0,0,2,"[2, 3]",2,0,"[0, 0, 1, 0, 0, 1, 1, 1, 0, 0]","[1, 0, 0, 1, 1, 1, 0, 0]","[1, 0, 0, 1, 1, 1, 0, 0]",0,0,0,0,0,0,1,1,0.9628633246680353,0.9628633246680353,,,,0.0,8,2,False,False,0.0
94,regular,psi,"[4, 6]","{4: 'equivocate', 6: 'equivocate'}",0,2,0,"[4, 6]",2,0,"[0, 1, 0, 0, 0, 0, 0, 0, 1, 1]","[0, 0, 0, 1, 0, 1, 1, 1]","[0, 0, 0, 0, 0, 0, 1, 1]",0,1,0,1,0,1,1,1,0.9628633246680353,0.9628633246680353,,,,0.0,8,2,False,False,0.0
95,regular,psi,"[5, 8]","{5: 'equivocate', 8: 'coherent_flip'}",1,1,0,[5],1,1,"[0, 0, 0, 0, 1, 1, 0, 1, 0, 1]","[0, 0, 1, 1, 1, 1, 0, 0]","[0, 0, 1, 1, 0, 1, 0, 0]",1,1,0,0,0,1,0,0,0.29155465461002855,0.45844534538997145,,,,0.0,8,2,False,False,0.0
96,regular,psi,"[3, 8]","{3: 'coherent_flip', 8: 'equivocate'}",1,1,0,[8],1,1,"[0, 0, 1, 0, 1, 0, 1, 0, 1, 1]","[1, 0, 0, 0, 1, 0, 1, 0]","[1, 0, 0, 0, 1, 0, 1, 1]",1,0,0,1,1,1,0,0,0.29155465461002855,0.2871366753319648,,,,0.0,8,2,False,False,0.0
97,regular,psi,"[4, 8]","{8: 'equivocate', 4: 'equivocate'}",0,2,0,"[4, 8]",2,0,"[0, 1, 0, 0, 0, 0, 1, 1, 0, 1]","[0, 0, 0, 1, 1, 1, 0, 0]","[0, 0, 0, 0, 1, 1, 0, 1]",1,1,1,1,1,1,1,1,0.9628633246680353,0.9628633246680353,,,,0.0,8,2,False,False,0.0
98,regular,psi,"[2, 7]","{7: 'withhold', 2: 'coherent_flip'}",1,0,1,[7],1,1,"[0, 0, 1, 1, 1, 0, 1, 0, 0, 0]","[1, 0, 1, 0, 1, 0, 0, 0]","[1, 0, 1, 0, 1, 0, 0, 0]",1,1,0,1,0,1,0,0,0.45844534538997145,0.45844534538997145,,,,0.0,8,2,False,False,0.0
99,regular,psi,"[4, 5]","{4: 'equivocate', 5: 'coherent_flip'}",1,1,0,[4],1,1,"[0, 0, 1, 0, 1, 1, 1, 1, 1, 1]","[1, 0, 1, 0, 0, 1, 1, 1]","[1, 0, 1, 1, 0, 1, 1, 1]",1,0,0,1,1,1,0,0,0.29155465461002855,0.2871366753319648,,,,0.0,8,2,False,False,0.0
100,regular,psi,"[4, 5]","{4: 'coherent_flip', 5: 'coherent_flip'}",2,0,0,[],0,2,"[1, 0, 0, 1, 0, 0, 0, 1, 1, 1]","[0, 1, 0, 1, 1, 1, 1, 1]","[0, 1, 0, 1, 1, 1, 1, 1]",1,0,0,1,0,1,0,0,0.29155465461002855,0.29155465461002855,,,,0.0,8,2,False,False,0.0
101,regular,zero,"[3, 7]","{7: 'equivocate', 3: 'withhold'}",0,1,1,"[3, 7]",2,0,"[0, 0, 0, 1, 0, 1, 0, 1, 0, 1]","[0, 1, 0, 1, 0, 1, 1, 1]","[0, 1, 0, 1, 0, 1, 0, 1]",0,0,0,1,0,0,0,1,1.0,1.0,,,,0.0,8,2,True,False,0.0
102,regular,psi,"[2, 5]","{5: 'coherent_flip', 2: 'coherent_flip'}",2,0,0,[],0,2,"[1, 0, 0, 1, 0, 0, 1, 1, 0, 0]","[0, 0, 0, 0, 0, 1, 0, 0]","[0, 0, 0, 0, 0, 1, 0, 0]",0,0,1,1,1,1,0,0,0.29155465461002855,0.29155465461002855,,,,0.0,8,2,False,False,0.0
103,verification,verification,"[3, 7]","{3: 'coherent_flip', 7: 'coherent_flip'}",2,0,0,[],0,2,"[0, 0, 0, 1, 1, 0, 1, 1, 0, 1]","[0, 1, 0, 0, 1, 1, 1, 1]","[0, 1, 0, 0, 1, 1, 1, 1]",1,0,1,0,1,0,1,1,,,Phi+,True,1.0,0.0,8,2,False,False,0.0
104,verification,verification,"[6, 8]","{6: 'withhold', 8: 'equivocate'}",0,1,1,"[6, 8]",2,0,"[0, 1, 0, 1, 0, 0, 1, 0, 1, 1]","[0, 1, 0, 0, 1, 0, 1, 0]","[0, 1, 0, 0, 1, 0, 1, 1]",1,0,0,0,1,0,0,1,,,Phi+,True,1.0,0.0,8,2,False,False,0.0
105,regular,psi,"[5, 6]","{5: 'coherent_flip', 6: 'coherent_flip'}",2,0,0,[],0,2,"[1, 0, 1, 1, 0, 0, 1, 1, 0, 0]","[1, 1, 0, 0, 0, 0, 0, 0]","[1, 1, 0, 0, 0, 0, 0, 0]",0,1,1,0,1,0,0,0,0.29155465461002855,0.29155465461002855,,,,0.0,8,2,False,False,0.0
106,regular,psi,"[3, 5]","{3: 'equivocate', 5: 'equivocate'}",0,2,0,"[3, 5]",2,0,"[1, 0, 1, 1, 0, 0, 1, 0, 0, 0]","[1, 1, 1, 0, 0, 0, 0, 0]","[1, 1, 0, 0, 1, 0, 0, 0]",1,1,1,1,1,1,1,1,0.9628633246680353,0.9628633246680353,,,,0.0,8,2,False,False,0.0
107,regular,psi,"[4, 5]","{5: 'coherent_flip', 4: 'coherent_flip'}",2,0,0,[],0,2,"[0, 0, 1, 0, 1, 0, 0, 0, 1, 1]","[1, 0, 1, 1, 1, 0, 1, 1]","[1, 0, 1, 1, 1, 0, 1, 1]",1,1,0,0,0,0,0,0,0.29155465461002855,0.29155465461002855,,,,0.0,8,2,False,False,0.0
108,regular,psi,"[3, 4]","{4: 'coherent_flip', 3: 'equivocate'}",1,1,0,[3],1,1,"[0, 0, 1, 1, 0, 0, 0, 1, 0, 0]","[1, 1, 1, 1, 0, 1, 0, 0]","[1, 1, 0, 1, 0, 1, 0, 0]",0,1,1,0,1,1,0,0,0.29155465461002855,0.45844534538997145,,,,0.0,8,2,False,False,0.0
109,regular,psi,"[1, 3]","{1: 'withhold', 3: 'equivocate'}",0,1,1,"[1, 3]",2,0,"[0, 1, 1, 0, 0, 1, 1, 1, 0, 1]","[1, 0, 1, 1, 1, 1, 0, 1]","[1, 0, 0, 1, 1, 1, 0, 1]",0,0,0,1,0,0,0,1,0.2871366753319648,0.9628633246680353,,,,0.0,8,2,False,False,0.0
110,verification,verification,"[3, 4]","{4: 'coherent_flip', 3: 'withhold'}",1,0,1,[3],1,1,"[0, 0, 1, 1, 0, 0, 0, 1, 0, 1]","[1, 1, 0, 1, 0, 1, 0, 1]","[1, 1, 0, 1, 0, 1, 0, 1]",1,1,0,1,0,1,0,0,,,Psi+,False,0.0,0.0,8,2,False,False,0.0
111,regular,psi,"[3, 4]","{3: 'coherent_flip', 4: 'withhold'}",1,0,1,[4],1,1,"[0, 1, 1, 0, 0, 0, 0, 1, 1, 1]","[1, 0, 1, 0, 0, 1, 1, 1]","[1, 0, 1, 0, 0, 1, 1, 1]",1,0,1,1,1,1,0,0,0.2871366753319648,0.2871366753319648,,,,0.0,8,2,False,False,0.0
112,regular,psi,"[2, 3]","{3: 'withhold', 2: 'withhold'}",0,0,2,"[2, 3]",2,0,"[1, 0, 0, 0, 0, 1, 1, 0, 1, 0]","[0, 0, 0, 1, 1, 0, 1, 0]","[0, 0, 0, 1, 1, 0, 1, 0]",1,1,1,1,1,1,1,1,0.9628633246680353,0.9628633246680353,,,,0.0,8,2,False,False,0.0
113,regular,psi,"[3, 8]","{8: 'coherent_flip', 3: 'coherent_flip'}",2,0,0,[],0,2,"[1, 1, 1, 1, 1, 0, 0, 0, 0, 0]","[1, 1, 0, 0, 0, 0, 0, 1]","[1, 1, 0, 0, 0, 0, 0, 1]",0,1,1,0,1,0,0,0,0.29155465461002855,0.29155465461002855,,,,0.0,8,2,False,False,0.0
114,regular,psi,"[4, 6]","{6: 'withhold', 4: 'coherent_flip'}",1,0,1,[6],1,1,"[1, 0, 0, 0, 0, 0, 0, 0, 0, 1]","[0, 0, 0, 1, 0, 0, 0, 1]","[0, 0, 0, 1, 0, 0, 0, 1]",1,1,0,1,0,1,0,0,0.45844534538997145,0.45844534538997145,,,,0.0,8,2,False,False,0.0
115,verification,verification,"[1, 3]","{1: 'equivocate', 3: 'coherent_flip'}",1,1,0,[1],1,1,"[0, 1, 1, 0, 0, 1, 1, 1, 0, 1]","[0, 0, 1, 1, 1, 1, 0, 1]","[1, 0, 1, 1, 1, 1, 0, 1]",0,0,0,0,0,1,1,0,,,Phi-,False,0.0,0.0,8,2,False,False,0.0
116,regular,psi,"[2, 7]","{7: 'coherent_flip', 2: 'withhold'}",1,0,1,[2],1,1,"[0, 0, 1, 1, 1, 0, 1, 1, 1, 0]","[1, 1, 1, 0, 1, 1, 0, 0]","[1, 1, 1, 0, 1, 1, 0, 0]",0,0,0,1,0,1,0,0,0.2871366753319648,0.2871366753319648,,,,0.0,8,2,False,False,0.0
117,regular,psi,"[2, 5]","{5: 'withhold', 2: 'withhold'}",0,0,2,"[2, 5]",2,0,"[1, 1, 0, 1, 1, 1, 0, 0, 1, 1]","[0, 1, 1, 1, 0, 0, 1, 1]","[0, 1, 1, 1, 0, 0, 1, 1]",0,1,0,1,0,1,1,1,0.9628633246680353,0.9628633246680353,,,,0.0,8,2,False,False,0.0
118,regular,psi,"[2, 5]","{2: 'withhold', 5: 'equivocate'}",0,1,1,"[2, 5]",2,0,"[1, 1, 1, 1, 0, 0, 0, 0, 0, 0]","[1, 1, 0, 0, 1, 0, 0, 0]","[1, 1, 0, 0, 0, 0, 0, 0]",0,0,0,1,0,0,0,1,0.2871366753319648,0.9628633246680353,,,,0.0,8,2,False,False,0.0
119,regular,psi,"[2, 3]","{3: 'coherent_flip', 2: 'equivocate'}",1,1,0,[2],1,1,"[1, 0, 0, 1, 0, 0, 1, 0, 0, 0]","[0, 0, 1, 0, 1, 0, 0, 0]","[0, 1, 1, 0, 1, 0, 0, 0]",1,0,0,1,1,1,0,0,0.29155465461002855,0.2871366753319648,,,,0.0,8,2,False,False,0.0
120,regular,psi,"[4, 6]","{6: 'withhold', 4: 'withhold'}",0,0,2,"[4, 6]",2,0,"[1, 1, 0, 0, 0, 1, 1, 1, 1, 1]","[0, 0, 0, 1, 1, 1, 1, 1]","[0, 0, 0, 1, 1, 1, 1, 1]",0,1,0,1,0,1,1,1,0.9628633246680353,0.9628633246680353,,,,0.0,8,2,False,False,0.0
121,regular,psi,"[3, 5]","{5: 'equivocate', 3: 'equivocate'}",0,2,0,"[3, 5]",2,0,"[1, 1, 0, 0, 1, 0, 0, 0, 1, 1]","[0, 0, 0, 0, 1, 0, 1, 1]","[0, 0, 1, 0, 0, 0, 1, 1]",0,1,0,1,0,1,1,1,0.9628633246680353,0.9628633246680353,,,,0.0,8,2,False,False,0.0
122,regular,psi,"[5, 6]","{6: 'equivocate', 5: 'withhold'}",0,1,1,"[5, 6]",2,0,"[1, 0, 1, 1, 0, 1, 1, 1, 0, 1]","[1, 1, 0, 1, 1, 0, 0, 1]","[1, 1, 0, 1, 1, 1, 0, 1]",0,1,1,1,0,1,0,1,0.45844534538997145,0.9628633246680353,,,,0.0,8,2,False,False,0.0
123,verification,verification,"[1, 6]","{1: 'withhold', 6: 'equivocate'}",0,1,1,"[1, 6]",2,0,"[1, 1, 0, 0, 1, 0, 0, 0, 0, 1]","[0, 0, 1, 0, 0, 1, 0, 1]","[0, 0, 1, 0, 0, 0, 0, 1]",0,0,1,0,0,0,0,1,,,Phi+,True,1.0,0.0,8,2,False,False,0.0
124,regular,psi,"[1, 5]","{1: 'coherent_flip', 5: 'withhold'}",1,0,1,[5],1,1,"[1, 0, 1, 1, 1, 1, 1, 0, 0, 0]","[0, 1, 1, 1, 1, 0, 0, 0]","[0, 1, 1, 1, 1, 0, 0, 0]",0,0,0,1,0,1,0,0,0.2871366753319648,0.2871366753319648,,,,0.0,8,2,False,False,0.0
125,regular,plus,"[1, 5]","{1: 'withhold', 5: 'withhold'}",0,0,2,"[1, 5]",2,0,"[1, 0, 1, 0, 1, 0, 0, 0, 0, 0]","[1, 0, 1, 0, 0, 0, 0, 0]","[1, 0, 1, 0, 0, 0, 0, 0]",0,1,0,1,0,1,1,1,0.9999999999999998,0.9999999999999998,,,,0.0,8,2,True,False,0.0
126,regular,psi,"[1, 8]","{1: 'equivocate', 8: 'equivocate'}",0,2,0,"[1, 8]",2,0,"[0, 1, 1, 0, 0, 0, 0, 0, 0, 0]","[0, 0, 0, 0, 0, 0, 0, 1]","[1, 0, 0, 0, 0, 0, 0, 0]",1,1,0,0,1,1,0,1,0.29155465461002855,0.9628633246680353,,,,0.0,8,2,False,False,0.0
127,regular,plus,"[1, 7]","{1: 'coherent_flip', 7: 'withhold'}",1,0,1,[7],1,1,"[1, 1, 0, 1, 0, 1, 1, 0, 1, 0]","[1, 1, 0, 1, 1, 0, 1, 0]","[1, 1, 0, 1, 1, 0, 1, 0]",1,1,1,0,1,0,0,0,0.0,0.0,,,,0.0,8,2,True,True,0.0
128,regular,psi,"[6, 8]","{8: 'withhold', 6: 'withhold'}",0,0,2,"[6, 8]",2,0,"[0, 0, 1, 0, 0, 0, 0, 1, 0, 0]","[1, 0, 0, 0, 0, 1, 0, 0]","[1, 0, 0, 0, 0, 1, 0, 0]",1,1,1,1,1,1,1,1,0.9628633246680353,0.9628633246680353,,,,0.0,8,2,False,False,0.0
129,regular,psi,"[4, 6]","{6: 'coherent_flip', 4: 'withhold'}",1,0,1,[4],1,1,"[1, 1, 1, 1, 0, 1, 1, 1, 0, 0]","[1, 1, 0, 1, 1, 0, 0, 0]","[1, 1, 0, 1, 1, 0, 0, 0]",0,1,1,1,1,1,0,0,0.45844534538997145,0.45844534538997145,,,,0.0,8,2,False,False,0.0
130,regular,psi,"[1, 7]","{1: 'withhold', 7: 'coherent_flip'}",1,0,1,[1],1,1,"[1, 0, 1, 0, 0, 0, 0, 1, 0, 0]","[1, 0, 0, 0, 0, 1, 1, 0]","[1, 0, 0, 0, 0, 1, 1, 0]",1,0,1,1,1,1,0,0,0.2871366753319648,0.2871366753319648,,,,0.0,8,2,False,False,0.0
131,verification,verification,"[7, 8]","{7: 'coherent_flip', 8: 'equivocate'}",1,1,0,[8],1,1,"[1, 1, 0, 0, 1, 0, 0, 1, 0, 0]","[0, 0, 1, 0, 0, 1, 1, 1]","[0, 0, 1, 0, 0, 1, 1, 0]",0,0,1,1,0,1,0,0,,,Phi-,False,0.0,0.0,8,2,False,False,0.0
132,regular,psi,"[1, 8]","{1: 'coherent_flip', 8: 'withhold'}",1,0,1,[8],1,1,"[0, 0, 0, 0, 0, 1, 0, 1, 0, 1]","[1, 0, 0, 1, 0, 1, 0, 1]","[1, 0, 0, 1, 0, 1, 0, 1]",1,0,1,1,1,1,0,0,0.2871366753319648,0.2871366753319648,,,,0.0,8,2,False,False,0.0
133,regular,psi,"[3, 7]","{7: 'equivocate', 3: 'coherent_flip'}",1,1,0,[7],1,1,"[0, 0, 0, 0, 1, 1, 0, 1, 0, 1]","[0, 0, 0, 1, 0, 1, 1, 1]","[0, 0, 0, 1, 0, 1, 0, 1]",1,1,1,1,1,0,1,0,0.9628633246680353,0.2871366753319648,,,,0.0,8,2,False,False,0.0
134,regular,psi,"[4, 6]","{6: 'coherent_flip', 4: 'equivocate'}",1,1,0,[4],1,1,"[0, 0, 0, 0, 1, 0, 1, 1, 1, 1]","[0, 0, 1, 1, 1, 0, 1, 1]","[0, 0, 1, 0, 1, 0, 1, 1]",0,1,0,1,1,1,1,0,0.9628633246680353,0.45844534538997145,,,,0.0,8,2,False,False,0.0
135,verification,verification,"[1, 7]","{7: 'coherent_flip', 1: 'withhold'}",1,0,1,[1],1,1,"[1, 0, 1, 1, 1, 0, 0, 1, 0, 1]","[1, 1, 1, 0, 0, 1, 1, 1]","[1, 1, 1, 0, 0, 1, 1, 1]",1,1,1,0,1,0,0,0,,,Phi-,False,0.0,0.0,8,2,False,False,0.0
136,regular,psi,"[1, 3]","{1: 'withhold', 3: 'equivocate'}",0,1,1,"[1, 3]",2,0,"[0, 1, 0, 1, 0, 1, 1, 0, 0, 0]","[0, 1, 1, 1, 1, 0, 0, 0]","[0, 1, 0, 1, 1, 0, 0, 0]",1,1,1,0,1,1,0,1,0.2871366753319648,0.9628633246680353,,,,0.0,8,2,False,False,0.0
137,regular,psi,"[4, 8]","{8: 'equivocate', 4: 'withhold'}",0,1,1,"[4, 8]",2,0,"[1, 1, 1, 1, 1, 0, 0, 0, 0, 1]","[1, 1, 1, 0, 0, 0, 0, 0]","[1, 1, 1, 0, 0, 0, 0, 1]",1,1,0,1,1,1,0,1,0.45844534538997145,0.9628633246680353,,,,0.0,8,2,False,False,0.0
138,regular,psi,"[7, 8]","{7: 'coherent_flip', 8: 'coherent_flip'}",2,0,0,[],0,2,"[1, 0, 0, 1, 1, 1, 1, 0, 0, 0]","[0, 1, 1, 1, 1, 0, 1, 1]","[0, 1, 1, 1, 1, 0, 1, 1]",0,1,1,0,1,0,0,0,0.29155465461002855,0.29155465461002855,,,,0.0,8,2,False,False,0.0
139,regular,psi,"[2, 3]","{3: 'equivocate', 2: 'withhold'}",0,1,1,"[2, 3]",2,0,"[0, 0, 0, 0, 0, 1, 1, 0, 1, 1]","[0, 0, 1, 1, 1, 0, 1, 1]","[0, 0, 0, 1, 1, 0, 1, 1]",0,0,0,1,0,0,0,1,0.2871366753319648,0.9628633246680353,,,,0.0,8,2,False,False,0.0
140,regular,psi,"[5, 7]","{7: 'coherent_flip', 5: 'equivocate'}",1,1,0,[5],1,1,"[1, 1, 1, 0, 0, 1, 0, 0, 1, 1]","[1, 0, 0, 1, 1, 0, 0, 1]","[1, 0, 0, 1, 0, 0, 0, 1]",1,1,1,1,1,0,1,0,0.9628633246680353,0.2871366753319648,,,,0.0,8,2,False,False,0.0
141,regular,psi,"[6, 7]","{7: 'withhold', 6: 'equivocate'}",0,1,1,"[6, 7]",2,0,"[0, 0, 1, 1, 1, 0, 0, 1, 1, 1]","[1, 1, 1, 0, 0, 0, 1, 1]","[1, 1, 1, 0, 0, 1, 1, 1]",1,1,0,1,1,1,0,1,0.45844534538997145,0.9628633246680353,,,,0.0,8,2,False,False,0.0
142,regular,psi,"[3, 7]","{3: 'coherent_flip', 7: 'coherent_flip'}",2,0,0,[],0,2,"[1, 1, 1, 1, 0, 1, 0, 1, 0, 1]","[1, 1, 1, 1, 0, 1, 1, 1]","[1, 1, 1, 1, 0, 1, 1, 1]",1,0,1,0,1,0,1,1,0.9628633246680353,0.9628633246680353,,,,0.0,8,2,False,False,0.0
143,regular,psi,"[2, 5]","{2: 'equivocate', 5: 'equivocate'}",0,2,0,"[2, 5]",2,0,"[0, 0, 1, 0, 0, 1, 0, 1, 1, 0]","[1, 1, 0, 1, 1, 1, 1, 0]","[1, 0, 0, 1, 0, 1, 1, 0]",0,0,1,1,0,0,0,1,0.29155465461002855,0.9628633246680353,,,,0.0,8,2,False,False,0.0
144,regular,psi,"[4, 7]","{7: 'equivocate', 4: 'coherent_flip'}",1,1,0,[7],1,1,"[1, 1, 0, 0, 0, 0, 0, 0, 1, 0]","[0, 0, 0, 1, 0, 0, 0, 0]","[0, 0, 0, 1, 0, 0, 1, 0]",1,0,0,1,0,0,0,0,0.29155465461002855,0.45844534538997145,,,,0.0,8,2,False,False,0.0
145,regular,psi,"[4, 5]","{4: 'equivocate', 5: 'withhold'}",0,1,1,"[4, 5]",2,0,"[1, 1, 1, 1, 1, 0, 1, 0, 0, 0]","[1, 1, 1, 1, 1, 0, 0, 0]","[1, 1, 1, 0, 1, 0, 0, 0]",0,0,1,0,0,0,0,1,0.45844534538997145,0.9628633246680353,,,,0.0,8,2,False,False,0.0
146,verification,verification,"[5, 6]","{5: 'equivocate', 6: 'coherent_flip'}",1,1,0,[5],1,1,"[1, 1, 0, 1, 1, 1, 1, 0, 1, 1]","[0, 1, 1, 1, 0, 1, 1, 1]","[0, 1, 1, 1, 1, 1, 1, 1]",0,0,1,1,1,0,0,0,,,Psi+,False,0.0,0.0,8,2,False,False,0.0
147,regular,psi,"[1, 8]","{1: 'equivocate', 8: 'withhold'}",0,1,1,"[1, 8]",2,0,"[0, 1, 0, 1, 1, 1, 1, 1, 0, 0]","[1, 1, 1, 1, 1, 1, 0, 0]","[0, 1, 1, 1, 1, 1, 0, 0]",0,0,0,1,0,0,0,1,0.2871366753319648,0.9628633246680353,,,,0.0,8,2,False,False,0.0
148,regular,psi,"[4, 6]","{4: 'withhold', 6: 'equivocate'}",0,1,1,"[4, 6]",2,0,"[0, 1, 0, 0, 1, 1, 0, 0, 1, 1]","[0, 0, 1, 1, 0, 1, 1, 1]","[0, 0, 1, 1, 0, 0, 1, 1]",1,0,0,0,1,0,0,1,0.45844534538997145,0.9628633246680353,,,,0.0,8,2,False,False,0.0
149,regular,psi,"[4, 6]","{6: 'equivocate', 4: 'coherent_flip'}",1,1,0,[6],1,1,"[0, 1, 1, 1, 0, 1, 1, 0, 0, 1]","[1, 1, 0, 0, 1, 1, 0, 1]","[1, 1, 0, 0, 1, 0, 0, 1]",0,0,0,0,1,0,1,0,0.9628633246680353,0.45844534538997145,,,,0.0,8,2,False,False,0.0
0,regular,psi,"[3, 4]","{3: 'withhold', 4: 'coherent_flip'}",1,0,1,[3],1,1,"[0, 1, 1, 0, 1, 0, 1, 0, 1, 0]","[1, 0, 1, 1, 1, 0, 1, 0]","[1, 0, 1, 1, 1, 0, 1, 0]",1,0,0,0,0,0,0,0,0.4604769031389919,0.4604769031389919,,,,0.005,8,2,False,False,0.005
1,regular,psi,"[6, 8]","{8: 'withhold', 6: 'withhold'}",0,0,2,"[6, 8]",2,0,"[1, 1, 1, 1, 0, 1, 0, 1, 0, 0]","[1, 1, 0, 1, 0, 1, 0, 0]","[1, 1, 0, 1, 0, 1, 0, 0]",0,0,0,0,0,0,1,1,0.9402340351597582,0.9402340351597582,,,,0.005,8,2,False,False,0.005
2,regular,psi,"[3, 5]","{3: 'equivocate', 5: 'coherent_flip'}",1,1,0,[3],1,1,"[0, 0, 0, 0, 0, 0, 0, 0, 1, 1]","[0, 0, 1, 0, 1, 0, 1, 1]","[0, 0, 0, 0, 1, 0, 1, 1]",1,1,1,1,1,0,1,0,0.9402340739607257,0.29754354805026567,,,,0.005,8,2,False,False,0.005
3,regular,psi,"[5, 8]","{8: 'withhold', 5: 'withhold'}",0,0,2,"[5, 8]",2,0,"[0, 0, 0, 0, 0, 0, 1, 1, 0, 1]","[0, 0, 0, 0, 1, 1, 0, 1]","[0, 0, 0, 0, 1, 1, 0, 1]",0,1,0,1,0,1,1,1,0.9402340829044945,0.9402340829044945,,,,0.005,8,2,False,False,0.005
4,regular,psi,"[1, 7]","{1: 'coherent_flip', 7: 'coherent_flip'}",2,0,0,[],0,2,"[0, 1, 0, 1, 0, 0, 1, 0, 1, 0]","[1, 1, 0, 0, 1, 0, 0, 0]","[1, 1, 0, 0, 1, 0, 0, 0]",0,0,0,0,0,0,1,1,0.9402340855326579,0.9402340855326579,,,,0.005,8,2,False,False,0.005
5,verification,verification,"[3, 4]","{4: 'equivocate', 3: 'withhold'}",0,1,1,"[3, 4]",2,0,"[1, 1, 0, 0, 1, 1, 1, 1, 0, 0]","[0, 0, 1, 0, 1, 1, 0, 0]","[0, 0, 1, 1, 1, 1, 0, 0]",1,1,0,1,1,1,0,1,,,Phi+,True,0.9597659421036857,0.005,8,2,False,False,0.005
6,regular,psi,"[2, 7]","{7: 'withhold', 2: 'coherent_flip'}",1,0,1,[7],1,1,"[0, 0, 0, 1, 0, 1, 1, 1, 1, 1]","[0, 0, 0, 1, 1, 1, 1, 1]","[0, 0, 0, 1, 1, 1, 1, 1]",0,0,1,0,1,0,0,0,0.4604769233633254,0.4604769233633254,,,,0.005,8,2,False,False,0.005
7,regular,psi,"[3, 6]","{6: 'equivocate', 3: 'equivocate'}",0,2,0,"[3, 6]",2,0,"[1, 1, 1, 0, 0, 0, 0, 1, 1, 0]","[1, 0, 1, 0, 0, 0, 1, 0]","[1, 0, 0, 0, 0, 1, 1, 0]",0,1,1,0,0,1,0,1,0.3017454716573906,0.9402340501311596,,,,0.005,8,2,False,False,0.005
8,regular,psi,"[1, 2]","{2: 'coherent_flip', 1: 'equivocate'}",1,1,0,[1],1,1,"[1, 0, 1, 1, 1, 0, 1, 0, 1, 0]","[0, 0, 1, 0, 1, 0, 1, 0]","[1, 0, 1, 0, 1, 0, 1, 0]",1,1,0,0,0,1,0,0,0.30174550210148865,0.46047689787500334,,,,0.005,8,2,False,False,0.005
9,regular,psi,"[1, 2]","{1: 'withhold', 2: 'withhold'}",0,0,2,"[1, 2]",2,0,"[1, 1, 0, 1, 0, 1, 0, 0, 0, 0]","[0, 1, 0, 1, 0, 0, 0, 0]","[0, 1, 0, 1, 0, 0, 0, 0]",1,1,1,1,1,1,1,1,0.9402340029623741,0.9402340029623741,,,,0.005,8,2,False,False,0.005
10,verification,verification,"[3, 7]","{3: 'coherent_flip', 7: 'coherent_flip'}",2,0,0,[],0,2,"[0, 0, 1, 1, 0, 0, 0, 1, 1, 0]","[1, 1, 1, 0, 0, 1, 0, 0]","[1, 1, 1, 0, 0, 1, 0, 0]",0,0,0,0,0,0,1,1,,,Phi+,True,0.9597659570048465,0.005,8,2,False,False,0.005
11,regular,psi,"[1, 7]","{1: 'withhold', 7: 'equivocate'}",0,1,1,"[1, 7]",2,0,"[1, 1, 1, 0, 0, 0, 0, 1, 1, 0]","[1, 0, 0, 0, 0, 1, 0, 0]","[1, 0, 0, 0, 0, 1, 1, 0]",0,1,0,0,0,1,0,1,0.2975435406204886,0.9402340501311596,,,,0.005,8,2,False,False,0.005
12,regular,zero,"[2, 6]","{6: 'equivocate', 2: 'withhold'}",0,1,1,"[2, 6]",2,0,"[1, 0, 0, 1, 0, 1, 0, 0, 0, 0]","[0, 1, 0, 1, 0, 1, 0, 0]","[0, 1, 0, 1, 0, 0, 0, 0]",0,1,1,1,0,1,0,1,0.02444490717515626,0.9755550928248438,,,,0.005,8,2,True,False,0.005
13,regular,psi,"[4, 8]","{8: 'equivocate', 4: 'equivocate'}",0,2,0,"[4, 8]",2,0,"[1, 1, 0, 1, 1, 0, 1, 1, 0, 0]","[0, 1, 1, 1, 1, 1, 0, 1]","[0, 1, 1, 0, 1, 1, 0, 0]",1,1,1,1,1,1,1,1,0.9402340288990306,0.9402340288990306,,,,0.005,8,2,False,False,0.005
14,regular,psi,"[5, 8]","{5: 'withhold', 8: 'coherent_flip'}",1,0,1,[5],1,1,"[0, 0, 0, 1, 0, 0, 0, 1, 1, 0]","[0, 1, 0, 0, 0, 1, 1, 1]","[0, 1, 0, 0, 0, 1, 1, 1]",0,1,1,1,1,1,0,0,0.4604769001097071,0.4604769001097071,,,,0.005,8,2,False,False,0.005
15,regular,psi,"[3, 6]","{3: 'coherent_flip', 6: 'withhold'}",1,0,1,[6],1,1,"[0, 1, 0, 1, 0, 0, 1, 1, 1, 1]","[0, 1, 1, 0, 1, 1, 1, 1]","[0, 1, 1, 0, 1, 1, 1, 1]",0,0,0,1,0,1,0,0,0.297543564823635,0.297543564823635,,,,0.005,8,2,False,False,0.005
16,regular,psi,"[1, 8]","{1: 'withhold', 8: 'coherent_flip'}",1,0,1,[1],1,1,"[1, 0, 0, 0, 0, 0, 0, 0, 1, 0]","[0, 0, 0, 0, 0, 0, 1, 1]","[0, 0, 0, 0, 0, 0, 1, 1]",0,0,1,0,1,0,0,0,0.4604769143373439,0.4604769143373439,,,,0.005,8,2,False,False,0.005
17,regular,psi,"[2, 3]","{3: 'coherent_flip', 2: 'coherent_flip'}",2,0,0,[],0,2,"[0, 0, 1, 1, 0, 1, 0, 0, 0, 1]","[1, 0, 1, 1, 0, 0, 0, 1]","[1, 0, 1, 1, 0, 0, 0, 1]",1,1,0,0,0,0,0,0,0.3017454871511586,0.3017454871511586,,,,0.005,8,2,False,False,0.005
18,regular,psi,"[3, 6]","{3: 'coherent_flip', 6: 'equivocate'}",1,1,0,[6],1,1,"[1, 0, 0, 1, 0, 1, 0, 0, 0, 0]","[0, 1, 1, 1, 0, 1, 0, 0]","[0, 1, 1, 1, 0, 0, 0, 0]",0,1,1,0,0,0,0,0,0.30174551213699286,0.29754356990173886,,,,0.005,8,2,False,False,0.005
19,regular,psi,"[1, 8]","{1: 'coherent_flip', 8: 'withhold'}",1,0,1,[8],1,1,"[1, 0, 0, 0, 0, 0, 0, 1, 0, 0]","[1, 0, 0, 0, 0, 1, 0, 0]","[1, 0, 0, 0, 0, 1, 0, 0]",1,1,1,0,1,0,0,0,0.2975435699017389,0.2975435699017389,,,,0.005,8,2,False,False,0.005
20,regular,psi,"[2, 5]","{2: 'coherent_flip', 5: 'withhold'}",1,0,1,[5],1,1,"[0, 0, 0, 1, 0, 1, 0, 1, 1, 1]","[0, 0, 0, 1, 0, 1, 1, 1]","[0, 0, 0, 1, 0, 1, 1, 1]",0,1,1,1,1,1,0,0,0.4604769117365163,0.4604769117365163,,,,0.005,8,2,False,False,0.005
21,regular,psi,"[1, 5]","{1: 'withhold', 5: 'withhold'}",0,0,2,"[1, 5]",2,0,"[1, 0, 1, 0, 1, 0, 0, 1, 0, 1]","[1, 0, 1, 0, 0, 1, 0, 1]","[1, 0, 1, 0, 0, 1, 0, 1]",0,1,0,1,0,1,1,1,0.9402340270250393,0.9402340270250393,,,,0.005,8,2,False,False,0.005
22,regular,psi,"[1, 2]","{1: 'equivocate', 2: 'coherent_flip'}",1,1,0,[1],1,1,"[1, 1, 1, 0, 1, 0, 0, 0, 1, 1]","[0, 1, 1, 0, 0, 0, 1, 1]","[1, 1, 1, 0, 0, 0, 1, 1]",0,0,1,1,1,0,0,0,0.3017455095737923,0.4604769436495284,,,,0.005,8,2,False,False,0.005
23,regular,psi,"[1, 5]","{1: 'coherent_flip', 5: 'coherent_flip'}",2,0,0,[],0,2,"[1, 1, 1, 0, 1, 1, 1, 1, 0, 1]","[0, 0, 1, 1, 0, 1, 0, 1]","[0, 0, 1, 1, 0, 1, 0, 1]",0,0,0,0,0,0,1,1,0.9402340175053173,0.9402340175053173,,,,0.005,8,2,False,False,0.005
24,regular,psi,"[2, 8]","{8: 'coherent_flip', 2: 'coherent_flip'}",2,0,0,[],0,2,"[1, 0, 1, 0, 0, 0, 0, 0, 0, 1]","[1, 1, 0, 0, 0, 0, 0, 0]","[1, 1, 0, 0, 0, 0, 0, 0]",1,0,1,0,1,0,1,1,0.9402340324767179,0.9402340324767179,,,,0.005,8,2,False,False,0.005
25,regular,psi,"[1, 7]","{7: 'withhold', 1: 'coherent_flip'}",1,0,1,[7],1,1,"[0, 0, 0, 1, 0, 1, 0, 1, 1, 1]","[1, 1, 0, 1, 0, 1, 1, 1]","[1, 1, 0, 1, 0, 1, 1, 1]",0,1,0,0,0,0,0,0,0.2975435480650295,0.2975435480650295,,,,0.005,8,2,False,False,0.005
26,regular,psi,"[5, 8]","{5: 'coherent_flip', 8: 'withhold'}",1,0,1,[8],1,1,"[1, 0, 0, 0, 1, 0, 0, 1, 1, 1]","[0, 0, 1, 0, 1, 1, 1, 1]","[0, 0, 1, 0, 1, 1, 1, 1]",0,1,0,0,0,0,0,0,0.29754358755618043,0.29754358755618043,,,,0.005,8,2,False,False,0.005
27,regular,psi,"[2, 8]","{8: 'equivocate', 2: 'equivocate'}",0,2,0,"[2, 8]",2,0,"[0, 1, 1, 0, 1, 1, 0, 0, 0, 0]","[1, 1, 1, 1, 0, 0, 0, 1]","[1, 0, 1, 1, 0, 0, 0, 0]",0,0,0,0,0,0,1,1,0.9402340175053173,0.9402340175053173,,,,0.005,8,2,False,False,0.005
28,regular,psi,"[5, 8]","{8: 'coherent_flip', 5: 'equivocate'}",1,1,0,[5],1,1,"[0, 1, 0, 1, 1, 1, 1, 1, 1, 1]","[0, 1, 1, 1, 0, 1, 1, 0]","[0, 1, 1, 1, 1, 1, 1, 0]",1,1,0,0,0,1,0,0,0.3017454656297578,0.46047694361859415,,,,0.005,8,2,False,False,0.005
29,regular,psi,"[1, 3]","{1: 'equivocate', 3: 'coherent_flip'}",1,1,0,[1],1,1,"[0, 1, 1, 0, 1, 1, 1, 0, 1, 1]","[0, 0, 0, 1, 1, 0, 1, 1]","[1, 0, 0, 1, 1, 0, 1, 1]",1,0,1,0,1,1,1,0,0.940234038075894,0.29754355267575416,,,,0.005,8,2,False,False,0.005
30,regular,psi,"[1, 5]","{5: 'equivocate', 1: 'equivocate'}",0,2,0,"[1, 5]",2,0,"[0, 0, 0, 0, 1, 1, 0, 0, 0, 0]","[1, 0, 1, 1, 1, 0, 0, 0]","[0, 0, 1, 1, 0, 0, 0, 0]",1,1,1,1,1,1,1,1,0.9402340908438606,0.9402340908438606,,,,0.005,8,2,False,False,0.005
31,regular,psi,"[1, 3]","{3: 'withhold', 1: 'withhold'}",0,0,2,"[1, 3]",2,0,"[0, 0, 0, 1, 0, 1, 0, 1, 1, 0]","[0, 1, 0, 1, 0, 1, 1, 0]","[0, 1, 0, 1, 0, 1, 1, 0]",1,1,1,1,1,1,1,1,0.9402340646741049,0.9402340646741049,,,,0.005,8,2,False,False,0.005
32,regular,psi,"[6, 7]","{6: 'withhold', 7: 'equivocate'}",0,1,1,"[6, 7]",2,0,"[0, 0, 1, 0, 1, 0, 0, 1, 0, 0]","[1, 0, 1, 0, 0, 1, 1, 0]","[1, 0, 1, 0, 0, 1, 0, 0]",1,0,1,1,1,0,0,1,0.2975435308390443,0.9402340819000902,,,,0.005,8,2,False,False,0.005
33,regular,psi,"[1, 3]","{1: 'equivocate', 3: 'withhold'}",0,1,1,"[1, 3]",2,0,"[1, 0, 0, 1, 1, 0, 0, 0, 0, 1]","[1, 1, 1, 0, 0, 0, 0, 1]","[0, 1, 1, 0, 0, 0, 0, 1]",0,0,0,1,0,0,0,1,0.29754356015921835,0.9402340149627554,,,,0.005,8,2,False,False,0.005
34,regular,plus,"[2, 8]","{2: 'withhold', 8: 'withhold'}",0,0,2,"[2, 8]",2,0,"[1, 1, 1, 0, 0, 0, 0, 1, 1, 0]","[1, 0, 0, 0, 0, 1, 1, 0]","[1, 0, 0, 0, 0, 1, 1, 0]",0,1,0,1,0,1,1,1,0.975555121898651,0.975555121898651,,,,0.005,8,2,True,False,0.005
35,regular,psi,"[2, 6]","{6: 'coherent_flip', 2: 'withhold'}",1,0,1,[2],1,1,"[1, 1, 0, 1, 0, 0, 0, 1, 1, 0]","[0, 1, 0, 0, 0, 0, 1, 0]","[0, 1, 0, 0, 0, 0, 1, 0]",1,0,0,0,0,0,0,0,0.46047690873816793,0.46047690873816793,,,,0.005,8,2,False,False,0.005
36,regular,psi,"[5, 8]","{8: 'equivocate', 5: 'coherent_flip'}",1,1,0,[8],1,1,"[1, 1, 0, 0, 0, 1, 0, 1, 0, 0]","[0, 0, 0, 1, 1, 1, 0, 1]","[0, 0, 0, 1, 1, 1, 0, 0]",1,1,0,0,1,0,0,0,0.30174551213699286,0.29754356990173886,,,,0.005,8,2,False,False,0.005
37,regular,psi,"[1, 8]","{8: 'equivocate', 1: 'equivocate'}",0,2,0,"[1, 8]",2,0,"[0, 0, 0, 1, 0, 0, 0, 1, 0, 0]","[1, 1, 0, 0, 0, 1, 0, 1]","[0, 1, 0, 0, 0, 1, 0, 0]",0,0,1,1,0,0,0,1,0.30174544745424425,0.9402340855326577,,,,0.005,8,2,False,False,0.005
38,verification,verification,"[3, 8]","{8: 'equivocate', 3: 'equivocate'}",0,2,0,"[3, 8]",2,0,"[1, 0, 0, 1, 0, 1, 1, 0, 0, 0]","[0, 1, 1, 1, 1, 0, 0, 1]","[0, 1, 0, 1, 1, 0, 0, 0]",0,0,1,1,0,0,0,1,,,Phi+,True,0.9597659719060072,0.005,8,2,False,False,0.005
39,regular,psi,"[3, 5]","{5: 'coherent_flip', 3: 'coherent_flip'}",2,0,0,[],0,2,"[0, 0, 0, 0, 0, 1, 0, 0, 0, 1]","[0, 0, 1, 1, 1, 0, 0, 1]","[0, 0, 1, 1, 1, 0, 0, 1]",0,0,0,0,0,0,1,1,0.9402341001304777,0.9402341001304777,,,,0.005,8,2,False,False,0.005
40,regular,psi,"[2, 4]","{2: 'coherent_flip', 4: 'withhold'}",1,0,1,[4],1,1,"[0, 1, 1, 1, 0, 0, 0, 0, 0, 1]","[1, 0, 0, 0, 0, 0, 0, 1]","[1, 0, 0, 0, 0, 0, 0, 1]",1,1,0,1,0,1,0,0,0.46047690873816793,0.46047690873816793,,,,0.005,8,2,False,False,0.005
41,regular,psi,"[1, 4]","{4: 'equivocate', 1: 'equivocate'}",0,2,0,"[1, 4]",2,0,"[1, 0, 1, 1, 0, 1, 1, 1, 0, 0]","[0, 1, 0, 0, 1, 1, 0, 0]","[1, 1, 0, 1, 1, 1, 0, 0]",1,1,0,0,1,1,0,1,0.3017454871511586,0.9402340530472958,,,,0.005,8,2,False,False,0.005
42,regular,psi,"[1, 3]","{3: 'equivocate', 1: 'coherent_flip'}",1,1,0,[3],1,1,"[0, 1, 1, 0, 1, 1, 1, 0, 0, 0]","[0, 0, 0, 1, 1, 0, 0, 0]","[0, 0, 1, 1, 1, 0, 0, 0]",0,1,0,1,0,0,1,0,0.9402340380758939,0.2975435526757541,,,,0.005,8,2,False,False,0.005
43,regular,psi,"[4, 6]","{6: 'equivocate', 4: 'withhold'}",0,1,1,"[4, 6]",2,0,"[1, 0, 0, 1, 0, 0, 0, 1, 0, 0]","[0, 1, 0, 0, 0, 0, 0, 0]","[0, 1, 0, 0, 0, 1, 0, 0]",0,1,1,1,0,1,0,1,0.4604768941130113,0.9402339886525246,,,,0.005,8,2,False,False,0.005
44,regular,psi,"[7, 8]","{8: 'coherent_flip', 7: 'coherent_flip'}",2,0,0,[],0,2,"[0, 0, 1, 0, 1, 1, 0, 0, 0, 1]","[1, 0, 1, 1, 0, 0, 1, 0]","[1, 0, 1, 1, 0, 0, 1, 0]",0,0,1,1,1,1,0,0,0.30174546949671655,0.30174546949671655,,,,0.005,8,2,False,False,0.005
45,regular,psi,"[6, 7]","{6: 'coherent_flip', 7: 'equivocate'}",1,1,0,[7],1,1,"[0, 0, 0, 0, 1, 1, 1, 0, 0, 0]","[0, 0, 1, 1, 1, 1, 1, 0]","[0, 0, 1, 1, 1, 1, 0, 0]",1,0,0,1,0,0,0,0,0.3017454664124464,0.4604769052187476,,,,0.005,8,2,False,False,0.005
46,regular,psi,"[1, 5]","{5: 'equivocate', 1: 'coherent_flip'}",1,1,0,[5],1,1,"[0, 0, 1, 1, 1, 0, 0, 0, 1, 1]","[0, 1, 1, 0, 1, 0, 1, 1]","[0, 1, 1, 0, 0, 0, 1, 1]",0,1,0,1,0,0,1,0,0.9402340619910654,0.2975435727355567,,,,0.005,8,2,False,False,0.005
47,regular,psi,"[3, 4]","{3: 'withhold', 4: 'equivocate'}",0,1,1,"[3, 4]",2,0,"[0, 0, 0, 0, 0, 0, 0, 0, 0, 0]","[0, 0, 0, 1, 0, 0, 0, 0]","[0, 0, 0, 0, 0, 0, 0, 0]",0,0,1,0,0,0,0,1,0.4604769447797539,0.9402341001304777,,,,0.005,8,2,False,False,0.005
48,regular,psi,"[2, 5]","{2: 'withhold', 5: 'coherent_flip'}",1,0,1,[2],1,1,"[1, 1, 1, 0, 0, 0, 0, 0, 1, 0]","[1, 0, 0, 0, 1, 0, 1, 0]","[1, 0, 0, 0, 1, 0, 1, 0]",1,1,1,0,1,0,0,0,0.2975435406204886,0.2975435406204886,,,,0.005,8,2,False,False,0.005
49,regular,psi,"[5, 7]","{7: 'equivocate', 5: 'withhold'}",0,1,1,"[5, 7]",2,0,"[1, 1, 1, 1, 1, 1, 0, 0, 1, 1]","[1, 1, 1, 1, 0, 0, 0, 1]","[1, 1, 1, 1, 0, 0, 1, 1]",0,0,0,1,0,0,0,1,0.29754353218749724,0.9402340145891823,,,,0.005,8,2,False,False,0.005
50,regular,psi,"[1, 4]","{4: 'withhold', 1: 'equivocate'}",0,1,1,"[1, 4]",2,0,"[0, 1, 1, 1, 0, 1, 1, 0, 1, 0]","[0, 1, 0, 1, 1, 0, 1, 0]","[1, 1, 0, 1, 1, 0, 1, 0]",1,1,1,0,1,1,0,1,0.29754356848483016,0.940234000279333,,,,0.005,8,2,False,False,0.005
51,verification,verification,"[4, 5]","{4: 'equivocate', 5: 'equivocate'}",0,2,0,"[4, 5]",2,0,"[1, 0, 0, 0, 1, 0, 0, 0, 0, 1]","[0, 0, 1, 1, 1, 0, 0, 1]","[0, 0, 1, 0, 0, 0, 0, 1]",1,0,0,1,1,0,0,1,,,Phi+,True,0.9597659421036857,0.005,8,2,False,False,0.005
52,regular,psi,"[7, 8]","{8: 'coherent_flip', 7: 'withhold'}",1,0,1,[7],1,1,"[0, 0, 0, 0, 0, 0, 0, 0, 1, 1]","[0, 0, 0, 0, 0, 0, 1, 0]","[0, 0, 0, 0, 0, 0, 1, 0]",1,1,0,1,0,1,0,0,0.46047695900738767,0.46047695900738767,,,,0.005,8,2,False,False,0.005
53,regular,psi,"[3, 6]","{6: 'equivocate', 3: 'equivocate'}",0,2,0,"[3, 6]",2,0,"[0, 0, 1, 0, 1, 0, 1, 0, 1, 0]","[1, 0, 0, 0, 1, 1, 1, 0]","[1, 0, 1, 0, 1, 0, 1, 0]",0,0,1,1,0,0,0,1,0.3017454664124463,0.9402340705612555,,,,0.005,8,2,False,False,0.005
54,regular,psi,"[3, 4]","{3: 'coherent_flip', 4: 'equivocate'}",1,1,0,[4],1,1,"[1, 1, 0, 1, 0, 0, 1, 0, 0, 0]","[0, 1, 1, 1, 1, 0, 0, 0]","[0, 1, 1, 0, 1, 0, 0, 0]",0,0,1,1,0,1,0,0,0.3017455216290571,0.29754356104028906,,,,0.005,8,2,False,False,0.005
55,regular,psi,"[2, 8]","{2: 'equivocate', 8: 'equivocate'}",0,2,0,"[2, 8]",2,0,"[1, 0, 0, 1, 1, 1, 1, 0, 1, 0]","[0, 0, 1, 1, 1, 0, 1, 1]","[0, 1, 1, 1, 1, 0, 1, 0]",0,0,0,0,0,0,1,1,0.9402340736178748,0.9402340736178748,,,,0.005,8,2,False,False,0.005
56,regular,psi,"[4, 5]","{5: 'withhold', 4: 'coherent_flip'}",1,0,1,[5],1,1,"[1, 0, 1, 0, 1, 1, 1, 1, 0, 1]","[1, 0, 1, 0, 1, 1, 0, 1]","[1, 0, 1, 0, 1, 1, 0, 1]",1,0,0,0,0,0,0,0,0.4604768819651308,0.4604768819651308,,,,0.005,8,2,False,False,0.005
57,regular,plus,"[1, 3]","{1: 'coherent_flip', 3: 'coherent_flip'}",2,0,0,[],0,2,"[1, 0, 1, 0, 1, 0, 0, 0, 0, 0]","[0, 0, 0, 0, 0, 0, 0, 0]","[0, 0, 0, 0, 0, 0, 0, 0]",0,1,0,1,0,1,1,1,0.975555121898651,0.975555121898651,,,,0.005,8,2,True,False,0.005
58,regular,psi,"[2, 4]","{4: 'equivocate', 2: 'equivocate'}",0,2,0,"[2, 4]",2,0,"[1, 1, 1, 0, 1, 1, 0, 0, 0, 0]","[1, 1, 1, 0, 0, 0, 0, 0]","[1, 0, 1, 1, 0, 0, 0, 0]",0,1,0,1,0,1,1,1,0.9402340264490853,0.9402340264490853,,,,0.005,8,2,False,False,0.005
59,regular,psi,"[2, 4]","{2: 'withhold', 4: 'coherent_flip'}",1,0,1,[2],1,1,"[0, 0, 0, 1, 0, 0, 1, 0, 1, 1]","[0, 1, 0, 1, 1, 0, 1, 1]","[0, 1, 0, 1, 1, 0, 1, 1]",0,0,1,0,1,0,0,0,0.460476902189463,0.460476902189463,,,,0.005,8,2,False,False,0.005
60,regular,psi,"[4, 7]","{7: 'coherent_flip', 4: 'equivocate'}",1,1,0,[4],1,1,"[1, 1, 0, 0, 1, 0, 1, 1, 0, 1]","[0, 0, 1, 1, 1, 1, 1, 1]","[0, 0, 1, 0, 1, 1, 1, 1]",1,1,0,0,1,0,0,0,0.3017454832359051,0.2975435303032109,,,,0.005,8,2,False,False,0.005
61,verification,verification,"[1, 3]","{1: 'coherent_flip', 3: 'equivocate'}",1,1,0,[3],1,1,"[0, 0, 0, 0, 1, 1, 1, 1, 1, 1]","[1, 0, 0, 1, 1, 1, 1, 1]","[1, 0, 1, 1, 1, 1, 1, 1]",1,1,1,1,1,0,1,0,,,Phi-,False,0.0134114023026406,0.005,8,2,False,False,0.005
62,regular,psi,"[2, 3]","{2: 'equivocate', 3: 'equivocate'}",0,2,0,"[2, 3]",2,0,"[1, 0, 1, 0, 0, 0, 1, 1, 0, 0]","[1, 1, 1, 0, 1, 1, 0, 0]","[1, 0, 0, 0, 1, 1, 0, 0]",1,1,0,0,1,1,0,1,0.30174548155198244,0.9402340474481197,,,,0.005,8,2,False,False,0.005
63,regular,psi,"[3, 4]","{4: 'equivocate', 3: 'coherent_flip'}",1,1,0,[4],1,1,"[0, 0, 1, 0, 0, 0, 1, 0, 1, 0]","[1, 0, 1, 1, 1, 0, 1, 0]","[1, 0, 1, 0, 1, 0, 1, 0]",0,1,1,0,0,0,0,0,0.30174548155198244,0.2975435652910148,,,,0.005,8,2,False,False,0.005
64,regular,psi,"[1, 4]","{1: 'withhold', 4: 'equivocate'}",0,1,1,"[1, 4]",2,0,"[0, 0, 1, 1, 0, 1, 1, 1, 0, 0]","[1, 1, 0, 0, 1, 1, 0, 0]","[1, 1, 0, 1, 1, 1, 0, 0]",1,0,0,0,1,0,0,1,0.46047688756430666,0.9402340417084629,,,,0.005,8,2,False,False,0.005
65,regular,psi,"[1, 5]","{1: 'withhold', 5: 'equivocate'}",0,1,1,"[1, 5]",2,0,"[0, 1, 0, 1, 0, 0, 1, 0, 0, 1]","[0, 1, 0, 0, 0, 0, 0, 1]","[0, 1, 0, 0, 1, 0, 0, 1]",1,1,1,0,1,1,0,1,0.2975435652910148,0.9402340474481197,,,,0.005,8,2,False,False,0.005
66,regular,psi,"[2, 3]","{2: 'coherent_flip', 3: 'coherent_flip'}",2,0,0,[],0,2,"[0, 0, 0, 0, 0, 1, 0, 1, 0, 1]","[0, 1, 1, 1, 0, 1, 0, 1]","[0, 1, 1, 1, 0, 1, 0, 1]",1,0,0,1,0,1,0,0,0.30174541122177007,0.30174541122177007,,,,0.005,8,2,False,False,0.005
67,verification,verification,"[3, 6]","{3: 'withhold', 6: 'withhold'}",0,0,2,"[3, 6]",2,0,"[1, 0, 0, 1, 1, 0, 1, 1, 1, 0]","[0, 1, 1, 0, 1, 1, 1, 0]","[0, 1, 1, 0, 1, 1, 1, 0]",0,0,0,0,0,0,1,1,,,Phi+,True,0.9597659421036857,0.005,8,2,False,False,0.005
68,regular,psi,"[2, 3]","{2: 'withhold', 3: 'equivocate'}",0,1,1,"[2, 3]",2,0,"[1, 1, 0, 1, 0, 1, 1, 0, 0, 0]","[0, 1, 1, 1, 1, 0, 0, 0]","[0, 1, 0, 1, 1, 0, 0, 0]",1,0,1,1,1,0,0,1,0.2975435284726076,0.9402340026743956,,,,0.005,8,2,False,False,0.005
69,regular,psi,"[4, 5]","{4: 'equivocate', 5: 'coherent_flip'}",1,1,0,[4],1,1,"[0, 1, 1, 1, 1, 0, 0, 0, 1, 0]","[1, 1, 1, 1, 1, 0, 1, 0]","[1, 1, 1, 0, 1, 0, 1, 0]",0,1,1,0,0,0,0,0,0.30174553712282565,0.29754358011163856,,,,0.005,8,2,False,False,0.005
70,regular,zero,"[1, 7]","{1: 'equivocate', 7: 'coherent_flip'}",1,1,0,[1],1,1,"[1, 1, 1, 0, 1, 1, 0, 0, 0, 1]","[0, 0, 1, 1, 0, 0, 1, 1]","[1, 0, 1, 1, 0, 0, 1, 1]",1,1,1,1,1,0,1,0,0.9755551218986511,0.9755551218986511,,,,0.005,8,2,True,False,0.005
71,regular,psi,"[3, 6]","{3: 'withhold', 6: 'withhold'}",0,0,2,"[3, 6]",2,0,"[0, 1, 0, 1, 1, 1, 0, 1, 0, 0]","[0, 1, 1, 1, 0, 1, 0, 0]","[0, 1, 1, 1, 0, 1, 0, 0]",0,1,0,1,0,1,1,1,0.940234020904792,0.940234020904792,,,,0.005,8,2,False,False,0.005
72,regular,psi,"[6, 8]","{8: 'coherent_flip', 6: 'withhold'}",1,0,1,[6],1,1,"[1, 0, 0, 0, 1, 0, 0, 0, 0, 1]","[0, 0, 1, 0, 0, 0, 0, 0]","[0, 0, 1, 0, 0, 0, 0, 0]",1,0,0,0,0,0,0,0,0.46047689243077483,0.46047689243077483,,,,0.005,8,2,False,False,0.005
73,regular,psi,"[2, 4]","{4: 'withhold', 2: 'withhold'}",0,0,2,"[2, 4]",2,0,"[0, 0, 1, 1, 0, 1, 0, 1, 1, 1]","[1, 1, 0, 1, 0, 1, 1, 1]","[1, 1, 0, 1, 0, 1, 1, 1]",0,0,0,0,0,0,1,1,0.9402340855326579,0.9402340855326579,,,,0.005,8,2,False,False,0.005
74,regular,plus,"[1, 4]","{4: 'equivocate', 1: 'coherent_flip'}",1,1,0,[4],1,1,"[1, 0, 1, 0, 0, 0, 1, 0, 0, 1]","[0, 0, 0, 1, 1, 0, 0, 1]","[0, 0, 0, 0, 1, 0, 0, 1]",1,1,0,0,1,0,0,0,0.024444878101348842,0.024444878101348842,,,,0.005,8,2,True,True,0.005
75,regular,psi,"[5, 7]","{7: 'coherent_flip', 5: 'withhold'}",1,0,1,[5],1,1,"[0, 0, 1, 1, 1, 1, 1, 0, 0, 1]","[1, 1, 1, 1, 1, 0, 1, 1]","[1, 1, 1, 1, 1, 0, 1, 1]",1,1,1,0,1,0,0,0,0.29754355739385896,0.29754355739385896,,,,0.005,8,2,False,False,0.005
76,regular,plus,"[1, 4]","{1: 'equivocate', 4: 'withhold'}",0,1,1,"[1, 4]",2,0,"[0, 0, 1, 0, 0, 0, 1, 0, 1, 1]","[0, 0, 0, 0, 1, 0, 1, 1]","[1, 0, 0, 0, 1, 0, 1, 1]",1,1,1,0,1,1,0,1,0.024444878101348842,0.975555121898651,,,,0.005,8,2,True,False,0.005
77,regular,psi,"[3, 6]","{6: 'coherent_flip', 3: 'coherent_flip'}",2,0,0,[],0,2,"[1, 0, 1, 1, 1, 0, 1, 0, 1, 0]","[1, 1, 0, 0, 1, 1, 1, 0]","[1, 1, 0, 0, 1, 1, 1, 0]",1,1,0,0,0,0,0,0,0.30174550210148865,0.30174550210148865,,,,0.005,8,2,False,False,0.005
78,regular,psi,"[2, 6]","{2: 'withhold', 6: 'withhold'}",0,0,2,"[2, 6]",2,0,"[0, 0, 1, 0, 0, 1, 0, 0, 0, 1]","[1, 0, 0, 1, 0, 0, 0, 1]","[1, 0, 0, 1, 0, 0, 0, 1]",0,1,0,1,0,1,1,1,0.9402340530472958,0.9402340530472958,,,,0.005,8,2,False,False,0.005
79,regular,psi,"[2, 7]","{2: 'withhold', 7: 'withhold'}",0,0,2,"[2, 7]",2,0,"[0, 1, 1, 1, 1, 0, 1, 1, 0, 1]","[1, 1, 1, 0, 1, 1, 0, 1]","[1, 1, 1, 0, 1, 1, 0, 1]",0,1,0,1,0,1,1,1,0.940234032476718,0.940234032476718,,,,0.005,8,2,False,False,0.005
80,regular,psi,"[4, 6]","{4: 'withhold', 6: 'withhold'}",0,0,2,"[4, 6]",2,0,"[0, 1, 1, 1, 1, 1, 1, 1, 1, 0]","[1, 1, 1, 1, 1, 1, 1, 0]","[1, 1, 1, 1, 1, 1, 1, 0]",0,0,0,0,0,0,1,1,0.9402340211378868,0.9402340211378868,,,,0.005,8,2,False,False,0.005
81,regular,psi,"[4, 5]","{5: 'coherent_flip', 4: 'equivocate'}",1,1,0,[4],1,1,"[0, 1, 0, 0, 1, 1, 1, 1, 0, 0]","[0, 0, 1, 0, 0, 1, 0, 0]","[0, 0, 1, 1, 0, 1, 0, 0]",1,0,0,1,1,1,0,0,0.3017454530534202,0.29754355922445896,,,,0.005,8,2,False,False,0.005
82,verification,verification,"[5, 8]","{8: 'equivocate', 5: 'withhold'}",0,1,1,"[5, 8]",2,0,"[0, 1, 0, 1, 0, 0, 0, 0, 1, 0]","[0, 1, 0, 0, 0, 0, 1, 1]","[0, 1, 0, 0, 0, 0, 1, 0]",0,1,1,1,0,1,0,1,,,Phi+,True,0.9597659570048465,0.005,8,2,False,False,0.005
83,regular,psi,"[5, 6]","{5: 'equivocate', 6: 'withhold'}",0,1,1,"[5, 6]",2,0,"[0, 1, 0, 0, 1, 1, 0, 0, 0, 0]","[0, 0, 1, 1, 1, 0, 0, 0]","[0, 0, 1, 1, 0, 0, 0, 0]",0,1,0,0,0,1,0,1,0.2975435540926624,0.940234058646472,,,,0.005,8,2,False,False,0.005
84,regular,psi,"[1, 7]","{1: 'coherent_flip', 7: 'coherent_flip'}",2,0,0,[],0,2,"[1, 0, 1, 0, 1, 0, 1, 1, 0, 0]","[0, 0, 1, 0, 1, 1, 1, 0]","[0, 0, 1, 0, 1, 1, 1, 0]",1,0,1,0,1,0,1,1,0.9402340499906785,0.9402340499906785,,,,0.005,8,2,False,False,0.005
85,regular,psi,"[3, 6]","{3: 'coherent_flip', 6: 'withhold'}",1,0,1,[6],1,1,"[1, 1, 1, 1, 1, 1, 1, 1, 1, 0]","[1, 1, 0, 1, 1, 1, 1, 0]","[1, 1, 0, 1, 1, 1, 1, 0]",0,1,0,0,0,0,0,0,0.2975435293536822,0.2975435293536822,,,,0.005,8,2,False,False,0.005
86,regular,psi,"[6, 8]","{6: 'equivocate', 8: 'equivocate'}",0,2,0,"[6, 8]",2,0,"[1, 0, 0, 1, 1, 0, 0, 0, 1, 1]","[0, 1, 1, 0, 0, 1, 1, 0]","[0, 1, 1, 0, 0, 0, 1, 1]",0,1,0,1,0,1,1,1,0.9402339975962918,0.9402339975962918,,,,0.005,8,2,False,False,0.005
87,regular,psi,"[4, 6]","{4: 'equivocate', 6: 'equivocate'}",0,2,0,"[4, 6]",2,0,"[0, 1, 1, 0, 1, 0, 1, 1, 1, 0]","[1, 0, 1, 1, 1, 0, 1, 0]","[1, 0, 1, 0, 1, 1, 1, 0]",0,0,0,0,0,0,1,1,0.9402340267370625,0.9402340267370625,,,,0.005,8,2,False,False,0.005
88,regular,zero,"[4, 6]","{6: 'equivocate', 4: 'equivocate'}",0,2,0,"[4, 6]",2,0,"[1, 1, 0, 0, 0, 0, 1, 0, 1, 1]","[0, 0, 0, 1, 1, 1, 1, 1]","[0, 0, 0, 0, 1, 0, 1, 1]",0,1,0,1,0,1,1,1,0.9755551524294868,0.9755551524294868,,,,0.005,8,2,True,False,0.005
89,regular,zero,"[2, 6]","{6: 'withhold', 2: 'withhold'}",0,0,2,"[2, 6]",2,0,"[1, 0, 1, 1, 1, 1, 0, 0, 0, 0]","[1, 1, 1, 1, 0, 0, 0, 0]","[1, 1, 1, 1, 0, 0, 0, 0]",0,1,0,1,0,1,1,1,0.9755550928248438,0.9755550928248438,,,,0.005,8,2,True,False,0.005
90,regular,psi,"[5, 6]","{5: 'equivocate', 6: 'withhold'}",0,1,1,"[5, 6]",2,0,"[0, 1, 1, 0, 1, 1, 1, 0, 1, 0]","[1, 0, 1, 1, 0, 0, 1, 0]","[1, 0, 1, 1, 1, 0, 1, 0]",0,0,0,1,0,0,0,1,0.29754355267575416,0.940234038075894,,,,0.005,8,2,False,False,0.005
91,regular,psi,"[1, 5]","{1: 'coherent_flip', 5: 'equivocate'}",1,1,0,[5],1,1,"[0, 0, 0, 0, 1, 1, 1, 0, 0, 1]","[1, 0, 1, 1, 0, 0, 0, 1]","[1, 0, 1, 1, 1, 0, 0, 1]",0,0,0,0,0,1,1,0,0.9402340705612555,0.29754355780755054,,,,0.005,8,2,False,False,0.005
92,regular,psi,"[1, 7]","{1: 'equivocate', 7: 'withhold'}",0,1,1,"[1, 7]",2,0,"[1, 1, 0, 1, 1, 1, 0, 0, 1, 0]","[1, 1, 1, 1, 0, 0, 1, 0]","[0, 1, 1, 1, 0, 0, 1, 0]",1,1,1,0,1,1,0,1,0.2975435452312133,0.9402340235329497,,,,0.005,8,2,False,False,0.005
93,regular,psi,"[1, 2]","{1: 'coherent_flip', 2: 'withhold'}",1,0,1,[2],1,1,"[1, 0, 0, 0, 0, 0, 1, 1, 0, 0]","[1, 0, 0, 0, 1, 1, 0, 0]","[1, 0, 0, 0, 1, 1, 0, 0]",1,0,1,1,1,1,0,0,0.29754356387410613,0.29754356387410613,,,,0.005,8,2,False,False,0.005
94,regular,psi,"[1, 6]","{1: 'equivocate', 6: 'equivocate'}",0,2,0,"[1, 6]",2,0,"[1, 1, 0, 1, 0, 0, 0, 0, 1, 0]","[1, 1, 0, 0, 0, 1, 1, 0]","[0, 1, 0, 0, 0, 0, 1, 0]",0,0,1,1,0,0,0,1,0.3017454918267365,0.940234015538711,,,,0.005,8,2,False,False,0.005
95,regular,psi,"[1, 2]","{1: 'withhold', 2: 'withhold'}",0,0,2,"[1, 2]",2,0,"[0, 1, 1, 1, 1, 0, 1, 1, 0, 0]","[1, 1, 1, 0, 1, 1, 0, 0]","[1, 1, 1, 0, 1, 1, 0, 0]",1,1,1,1,1,1,1,1,0.940234032476718,0.940234032476718,,,,0.005,8,2,False,False,0.005
96,verification,verification,"[1, 5]","{1: 'coherent_flip', 5: 'coherent_flip'}",2,0,0,[],0,2,"[1, 1, 1, 1, 0, 1, 0, 0, 1, 1]","[0, 1, 0, 1, 1, 0, 1, 1]","[0, 1, 0, 1, 1, 0, 1, 1]",0,1,0,1,0,1,1,1,,,Phi+,True,0.9597659719060072,0.005,8,2,False,False,0.005
97,regular,psi,"[2, 3]","{2: 'withhold', 3: 'equivocate'}",0,1,1,"[2, 3]",2,0,"[1, 1, 1, 0, 1, 1, 1, 0, 1, 0]","[1, 0, 0, 1, 1, 0, 1, 0]","[1, 0, 1, 1, 1, 0, 1, 0]",0,1,0,0,0,1,0,1,0.2975435498419378,0.9402339969347416,,,,0.005,8,2,False,False,0.005
98,regular,psi,"[6, 8]","{6: 'equivocate', 8: 'withhold'}",0,1,1,"[6, 8]",2,0,"[0, 1, 0, 1, 1, 0, 1, 1, 1, 1]","[0, 1, 1, 0, 1, 0, 1, 1]","[0, 1, 1, 0, 1, 1, 1, 1]",0,1,1,1,0,1,0,1,0.46047690010970715,0.9402340530472958,,,,0.005,8,2,False,False,0.005
99,regular,psi,"[1, 7]","{7: 'withhold', 1: 'coherent_flip'}",1,0,1,[7],1,1,"[0, 1, 1, 0, 0, 1, 0, 0, 1, 0]","[0, 0, 0, 1, 0, 0, 1, 0]","[0, 0, 0, 1, 0, 0, 1, 0]",0,0,0,1,0,1,0,0,0.29754356387410613,0.29754356387410613,,,,0.005,8,2,False,False,0.005
100,regular,psi,"[4, 6]","{6: 'coherent_flip', 4: 'equivocate'}",1,1,0,[4],1,1,"[0, 0, 1, 0, 1, 0, 0, 1, 0, 0]","[1, 0, 1, 1, 0, 0, 0, 0]","[1, 0, 1, 0, 0, 0, 0, 0]",1,0,1,0,0,0,1,0,0.9402340819000902,0.46047691776414923,,,,0.005,8,2,False,False,0.005
101,regular,psi,"[4, 6]","{6: 'equivocate', 4: 'equivocate'}",0,2,0,"[4, 6]",2,0,"[1, 0, 1, 0, 0, 0, 1, 1, 1, 0]","[1, 0, 0, 1, 1, 0, 1, 0]","[1, 0, 0, 0, 1, 1, 1, 0]",1,0,1,0,1,0,1,1,0.9402340799334818,0.9402340799334818,,,,0.005,8,2,False,False,0.005
102,regular,psi,"[3, 6]","{3: 'withhold', 6: 'withhold'}",0,0,2,"[3, 6]",2,0,"[1, 0, 0, 0, 1, 0, 0, 0, 1, 0]","[0, 0, 1, 0, 0, 0, 1, 0]","[0, 0, 1, 0, 0, 0, 1, 0]",0,1,0,1,0,1,1,1,0.9402340031954677,0.9402340031954677,,,,0.005,8,2,False,False,0.005
103,regular,psi,"[1, 6]","{6: 'withhold', 1: 'equivocate'}",0,1,1,"[1, 6]",2,0,"[0, 1, 1, 0, 0, 1, 0, 0, 1, 1]","[0, 0, 0, 1, 0, 0, 1, 1]","[1, 0, 0, 1, 0, 0, 1, 1]",1,0,1,1,1,0,0,1,0.29754356387410613,0.9402340268775421,,,,0.005,8,2,False,False,0.005
104,regular,psi,"[2, 8]","{2: 'equivocate', 8: 'equivocate'}",0,2,0,"[2, 8]",2,0,"[0, 1, 1, 1, 1, 0, 1, 1, 1, 0]","[1, 0, 1, 0, 1, 1, 1, 1]","[1, 1, 1, 0, 1, 1, 1, 0]",1,0,1,0,1,0,1,1,0.9402340324767181,0.9402340324767181,,,,0.005,8,2,False,False,0.005
105,regular,psi,"[3, 4]","{3: 'withhold', 4: 'coherent_flip'}",1,0,1,[3],1,1,"[0, 1, 1, 1, 1, 1, 1, 1, 0, 1]","[1, 1, 1, 0, 1, 1, 0, 1]","[1, 1, 1, 0, 1, 1, 0, 1]",1,1,0,1,0,1,0,0,0.46047689711135914,0.46047689711135914,,,,0.005,8,2,False,False,0.005
106,regular,psi,"[4, 6]","{4: 'coherent_flip', 6: 'coherent_flip'}",2,0,0,[],0,2,"[1, 0, 0, 0, 0, 1, 0, 1, 0, 1]","[0, 0, 0, 0, 0, 0, 0, 1]","[0, 0, 0, 0, 0, 0, 0, 1]",1,1,1,1,1,1,1,1,0.9402339886525246,0.9402339886525246,,,,0.005,8,2,False,False,0.005
107,verification,verification,"[2, 5]","{5: 'withhold', 2: 'equivocate'}",0,1,1,"[2, 5]",2,0,"[0, 0, 1, 1, 1, 1, 0, 1, 0, 1]","[1, 0, 1, 1, 0, 1, 0, 1]","[1, 1, 1, 1, 0, 1, 0, 1]",0,0,1,0,0,0,0,1,,,Phi+,True,0.9597659421036857,0.005,8,2,False,False,0.005
108,regular,psi,"[4, 7]","{7: 'coherent_flip', 4: 'equivocate'}",1,1,0,[4],1,1,"[1, 0, 1, 0, 1, 0, 0, 1, 1, 0]","[1, 0, 1, 1, 0, 1, 0, 0]","[1, 0, 1, 0, 0, 1, 0, 0]",1,0,0,1,1,1,0,0,0.3017454797714717,0.2975435563906422,,,,0.005,8,2,False,False,0.005
109,regular,psi,"[2, 4]","{4: 'equivocate', 2: 'equivocate'}",0,2,0,"[2, 4]",2,0,"[1, 0, 0, 1, 1, 1, 0, 0, 0, 0]","[0, 0, 1, 0, 0, 0, 0, 0]","[0, 1, 1, 1, 0, 0, 0, 0]",0,0,0,0,0,0,1,1,0.9402340205619317,0.9402340205619317,,,,0.005,8,2,False,False,0.005
110,regular,plus,"[5, 6]","{5: 'equivocate', 6: 'withhold'}",0,1,1,"[5, 6]",2,0,"[1, 1, 1, 0, 0, 1, 1, 1, 1, 1]","[1, 0, 0, 1, 0, 1, 1, 1]","[1, 0, 0, 1, 1, 1, 1, 1]",0,0,0,1,0,0,0,1,0.024444878101348842,0.975555121898651,,,,0.005,8,2,True,False,0.005
111,regular,psi,"[1, 8]","{1: 'coherent_flip', 8: 'equivocate'}",1,1,0,[8],1,1,"[0, 0, 1, 1, 0, 0, 0, 0, 0, 1]","[0, 1, 0, 0, 0, 0, 0, 0]","[0, 1, 0, 0, 0, 0, 0, 1]",0,1,1,0,0,0,0,0,0.3017454871511586,0.2975435596918386,,,,0.005,8,2,False,False,0.005
112,regular,psi,"[2, 4]","{4: 'equivocate', 2: 'equivocate'}",0,2,0,"[2, 4]",2,0,"[0, 0, 1, 0, 0, 1, 1, 1, 0, 1]","[1, 1, 0, 0, 1, 1, 0, 1]","[1, 0, 0, 1, 1, 1, 0, 1]",1,0,1,0,1,0,1,1,0.9402340855326579,0.9402340855326579,,,,0.005,8,2,False,False,0.005
113,verification,verification,"[1, 8]","{1: 'coherent_flip', 8: 'coherent_flip'}",2,0,0,[],0,2,"[0, 1, 1, 0, 1, 1, 1, 1, 1, 1]","[0, 0, 1, 1, 1, 1, 1, 0]","[0, 0, 1, 1, 1, 1, 1, 0]",0,0,1,1,1,1,0,0,,,Psi-,False,0.013411326484873028,0.005,8,2,False,False,0.005
114,regular,psi,"[5, 7]","{5: 'coherent_flip', 7: 'equivocate'}",1,1,0,[7],1,1,"[0, 1, 1, 1, 1, 0, 1, 1, 1, 1]","[1, 1, 1, 0, 0, 1, 0, 1]","[1, 1, 1, 0, 0, 1, 1, 1]",0,0,0,0,0,1,1,0,0.9402340324767181,0.29754355827493006,,,,0.005,8,2,False,False,0.005
115,regular,psi,"[1, 5]","{1: 'equivocate', 5: 'equivocate'}",0,2,0,"[1, 5]",2,0,"[0, 0, 1, 0, 0, 0, 1, 1, 0, 0]","[0, 0, 0, 0, 0, 1, 0, 0]","[1, 0, 0, 0, 1, 1, 0, 0]",1,0,1,0,1,0,1,1,0.9402340799334817,0.9402340799334817,,,,0.005,8,2,False,False,0.005
116,verification,verification,"[6, 8]","{6: 'coherent_flip', 8: 'withhold'}",1,0,1,[8],1,1,"[0, 1, 1, 0, 1, 1, 0, 1, 0, 1]","[1, 0, 1, 1, 0, 0, 0, 1]","[1, 0, 1, 1, 0, 0, 0, 1]",0,0,1,0,1,0,0,0,,,Psi+,False,0.01341132910880069,0.005,8,2,False,False,0.005
117,regular,psi,"[7, 8]","{7: 'equivocate', 8: 'equivocate'}",0,2,0,"[7, 8]",2,0,"[0, 1, 0, 0, 0, 0, 0, 0, 1, 0]","[0, 0, 0, 0, 0, 0, 0, 1]","[0, 0, 0, 0, 0, 0, 1, 0]",1,1,0,0,1,1,0,1,0.30174546003058184,0.9402340617579683,,,,0.005,8,2,False,False,0.005
118,regular,psi,"[1, 8]","{1: 'withhold', 8: 'coherent_flip'}",1,0,1,[1],1,1,"[0, 1, 1, 0, 0, 0, 1, 1, 0, 1]","[1, 0, 0, 0, 1, 1, 0, 0]","[1, 0, 0, 0, 1, 1, 0, 0]",1,0,0,0,0,0,0,0,0.460476922965804,0.460476922965804,,,,0.005,8,2,False,False,0.005
119,regular,psi,"[4, 6]","{6: 'withhold', 4: 'coherent_flip'}",1,0,1,[6],1,1,"[1, 0, 1, 0, 1, 0, 0, 0, 0, 0]","[1, 0, 1, 1, 0, 0, 0, 0]","[1, 0, 1, 1, 0, 0, 0, 0]",0,1,1,1,1,1,0,0,0.4604768896750002,0.4604768896750002,,,,0.005,8,2,False,False,0.005
120,regular,psi,"[2, 4]","{2: 'equivocate', 4: 'withhold'}",0,1,1,"[2, 4]",2,0,"[0, 1, 1, 0, 1, 0, 0, 1, 0, 1]","[1, 1, 1, 0, 0, 1, 0, 1]","[1, 0, 1, 0, 0, 1, 0, 1]",1,0,0,0,1,0,0,1,0.4604769117674523,0.9402340175053172,,,,0.005,8,2,False,False,0.005
121,regular,psi,"[6, 7]","{6: 'withhold', 7: 'withhold'}",0,0,2,"[6, 7]",2,0,"[0, 1, 1, 1, 1, 0, 1, 0, 0, 1]","[1, 1, 1, 0, 1, 0, 0, 1]","[1, 1, 1, 0, 1, 0, 0, 1]",1,1,1,1,1,1,1,1,0.940234032476718,0.940234032476718,,,,0.005,8,2,False,False,0.005
122,regular,psi,"[4, 5]","{4: 'coherent_flip', 5: 'withhold'}",1,0,1,[5],1,1,"[0, 1, 1, 1, 1, 0, 1, 0, 0, 1]","[1, 1, 1, 1, 1, 0, 0, 1]","[1, 1, 1, 1, 1, 0, 0, 1]",1,1,0,1,0,1,0,0,0.46047690873816793,0.46047690873816793,,,,0.005,8,2,False,False,0.005
123,regular,psi,"[2, 3]","{3: 'equivocate', 2: 'equivocate'}",0,2,0,"[2, 3]",2,0,"[1, 1, 0, 0, 1, 0, 1, 0, 0, 0]","[0, 1, 0, 0, 1, 0, 0, 0]","[0, 0, 1, 0, 1, 0, 0, 0]",1,1,0,0,1,1,0,1,0.30174549621476787,0.9402340407589341,,,,0.005,8,2,False,False,0.005
124,regular,psi,"[1, 8]","{1: 'coherent_flip', 8: 'withhold'}",1,0,1,[8],1,1,"[1, 1, 1, 0, 0, 0, 1, 1, 1, 0]","[0, 0, 0, 0, 1, 1, 1, 0]","[0, 0, 0, 0, 1, 1, 1, 0]",0,0,0,1,0,1,0,0,0.29754351824794684,0.29754351824794684,,,,0.005,8,2,False,False,0.005
125,verification,verification,"[7, 8]","{8: 'equivocate', 7: 'coherent_flip'}",1,1,0,[8],1,1,"[1, 1, 0, 1, 0, 0, 0, 1, 1, 0]","[0, 1, 0, 0, 0, 1, 0, 1]","[0, 1, 0, 0, 0, 1, 0, 0]",1,0,0,1,1,1,0,0,,,Psi+,False,0.01341138740147985,0.005,8,2,False,False,0.005
126,regular,psi,"[3, 8]","{3: 'equivocate', 8: 'coherent_flip'}",1,1,0,[3],1,1,"[1, 0, 1, 0, 0, 1, 0, 0, 1, 0]","[1, 0, 1, 1, 0, 0, 1, 1]","[1, 0, 0, 1, 0, 0, 1, 1]",1,1,0,0,0,1,0,0,0.30174550653781684,0.4604769027105351,,,,0.005,8,2,False,False,0.005
127,regular,psi,"[6, 8]","{6: 'withhold', 8: 'coherent_flip'}",1,0,1,[6],1,1,"[1, 0, 1, 0, 0, 0, 0, 1, 0, 0]","[1, 0, 0, 0, 0, 1, 0, 1]","[1, 0, 0, 0, 0, 1, 0, 1]",1,0,0,0,0,0,0,0,0.46047690873816793,0.46047690873816793,,,,0.005,8,2,False,False,0.005
128,regular,psi,"[2, 7]","{7: 'coherent_flip', 2: 'coherent_flip'}",2,0,0,[],0,2,"[1, 1, 1, 0, 0, 1, 1, 0, 1, 1]","[1, 1, 0, 1, 1, 0, 0, 1]","[1, 1, 0, 1, 1, 0, 0, 1]",1,0,0,1,0,1,0,0,0.30174545438311506,0.30174545438311506,,,,0.005,8,2,False,False,0.005
129,verification,verification,"[2, 8]","{2: 'equivocate', 8: 'equivocate'}",0,2,0,"[2, 8]",2,0,"[1, 0, 1, 0, 1, 0, 0, 0, 1, 1]","[1, 1, 1, 0, 0, 0, 1, 0]","[1, 0, 1, 0, 0, 0, 1, 1]",1,0,1,0,1,0,1,1,,,Phi+,True,0.9597659421036857,0.005,8,2,False,False,0.005
130,verification,verification,"[4, 6]","{6: 'equivocate', 4: 'withhold'}",0,1,1,"[4, 6]",2,0,"[1, 0, 1, 1, 1, 0, 0, 1, 1, 1]","[1, 1, 1, 0, 0, 0, 1, 1]","[1, 1, 1, 0, 0, 1, 1, 1]",1,0,0,0,1,0,0,1,,,Phi+,True,0.9597659421036857,0.005,8,2,False,False,0.005
131,regular,psi,"[1, 7]","{1: 'coherent_flip', 7: 'coherent_flip'}",2,0,0,[],0,2,"[1, 0, 1, 0, 1, 0, 0, 0, 0, 0]","[0, 0, 1, 0, 0, 0, 1, 0]","[0, 0, 1, 0, 0, 0, 1, 0]",0,1,0,1,0,1,1,1,0.9402340270250393,0.9402340270250393,,,,0.005,8,2,False,False,0.005
132,regular,psi,"[1, 5]","{1: 'coherent_flip', 5: 'coherent_flip'}",2,0,0,[],0,2,"[0, 1, 0, 1, 1, 1, 1, 1, 1, 1]","[1, 1, 1, 1, 0, 1, 1, 1]","[1, 1, 1, 1, 0, 1, 1, 1]",1,1,1,1,1,1,1,1,0.9402340673571443,0.9402340673571443,,,,0.005,8,2,False,False,0.005
133,regular,psi,"[3, 6]","{3: 'equivocate', 6: 'equivocate'}",0,2,0,"[3, 6]",2,0,"[1, 0, 0, 1, 1, 0, 1, 0, 0, 1]","[0, 1, 0, 0, 1, 1, 0, 1]","[0, 1, 1, 0, 1, 0, 0, 1]",0,1,1,0,0,1,0,1,0.3017455183055393,0.9402340435275743,,,,0.005,8,2,False,False,0.005
134,regular,psi,"[2, 8]","{8: 'coherent_flip', 2: 'coherent_flip'}",2,0,0,[],0,2,"[1, 0, 0, 1, 0, 1, 0, 0, 0, 0]","[0, 0, 0, 1, 0, 0, 0, 1]","[0, 0, 0, 1, 0, 0, 0, 1]",0,1,0,1,0,1,1,1,0.9402340208499091,0.9402340208499091,,,,0.005,8,2,False,False,0.005
135,regular,psi,"[4, 7]","{4: 'withhold', 7: 'equivocate'}",0,1,1,"[4, 7]",2,0,"[0, 1, 1, 1, 1, 0, 1, 1, 1, 1]","[1, 1, 1, 0, 1, 1, 0, 1]","[1, 1, 1, 0, 1, 1, 1, 1]",0,0,0,1,0,0,0,1,0.29754355827493006,0.9402340324767181,,,,0.005,8,2,False,False,0.005
136,regular,psi,"[2, 6]","{2: 'coherent_flip', 6: 'coherent_flip'}",2,0,0,[],0,2,"[1, 0, 1, 0, 0, 1, 1, 0, 0, 0]","[1, 1, 0, 1, 1, 1, 0, 0]","[1, 1, 0, 1, 1, 1, 0, 0]",1,1,1,1,1,1,1,1,0.940234026877542,0.940234026877542,,,,0.005,8,2,False,False,0.005
137,verification,verification,"[1, 7]","{7: 'coherent_flip', 1: 'withhold'}",1,0,1,[1],1,1,"[1, 0, 0, 0, 0, 1, 0, 0, 1, 1]","[0, 0, 0, 1, 0, 0, 0, 1]","[0, 0, 0, 1, 0, 0, 0, 1]",0,0,0,1,0,1,0,0,,,Phi-,False,0.0134113725003191,0.005,8,2,False,False,0.005
138,regular,psi,"[1, 2]","{1: 'withhold', 2: 'coherent_flip'}",1,0,1,[1],1,1,"[0, 1, 0, 0, 1, 0, 0, 0, 1, 1]","[0, 1, 1, 0, 0, 0, 1, 1]","[0, 1, 1, 0, 0, 0, 1, 1]",0,0,1,0,1,0,0,0,0.4604769776113558,0.4604769776113558,,,,0.005,8,2,False,False,0.005
139,verification,verification,"[4, 5]","{4: 'withhold', 5: 'withhold'}",0,0,2,"[4, 5]",2,0,"[1, 0, 1, 0, 1, 0, 1, 0, 0, 1]","[1, 0, 1, 0, 1, 0, 0, 1]","[1, 0, 1, 0, 1, 0, 0, 1]",1,0,1,0,1,0,1,1,,,Phi+,True,0.9597659421036857,0.005,8,2,False,False,0.005
140,regular,psi,"[1, 4]","{1: 'equivocate', 4: 'withhold'}",0,1,1,"[1, 4]",2,0,"[0, 1, 0, 0, 1, 0, 1, 0, 0, 1]","[1, 0, 1, 0, 1, 0, 0, 1]","[0, 0, 1, 0, 1, 0, 0, 1]",0,0,0,1,0,0,0,1,0.29754353313702614,0.9402340732442946,,,,0.005,8,2,False,False,0.005
141,regular,psi,"[4, 5]","{5: 'equivocate', 4: 'equivocate'}",0,2,0,"[4, 5]",2,0,"[1, 1, 0, 0, 0, 0, 1, 0, 1, 0]","[0, 0, 0, 1, 0, 0, 1, 0]","[0, 0, 0, 0, 1, 0, 1, 0]",1,1,0,0,1,1,0,1,0.3017455216290571,0.9402339857363904,,,,0.005,8,2,False,False,0.005
142,regular,psi,"[5, 7]","{7: 'equivocate', 5: 'withhold'}",0,1,1,"[5, 7]",2,0,"[0, 1, 1, 0, 1, 0, 1, 1, 1, 1]","[1, 0, 1, 0, 1, 1, 0, 1]","[1, 0, 1, 0, 1, 1, 1, 1]",1,0,1,1,1,0,0,1,0.29754357964425837,0.9402340267370625,,,,0.005,8,2,False,False,0.005
143,regular,psi,"[5, 7]","{5: 'withhold', 7: 'withhold'}",0,0,2,"[5, 7]",2,0,"[0, 1, 0, 0, 1, 1, 1, 1, 1, 0]","[0, 0, 1, 1, 1, 1, 1, 0]","[0, 0, 1, 1, 1, 1, 1, 0]",1,1,1,1,1,1,1,1,0.9402340586464719,0.9402340586464719,,,,0.005,8,2,False,False,0.005
144,regular,psi,"[6, 7]","{7: 'equivocate', 6: 'withhold'}",0,1,1,"[6, 7]",2,0,"[1, 0, 1, 0, 0, 1, 1, 0, 1, 1]","[1, 0, 0, 1, 1, 0, 0, 1]","[1, 0, 0, 1, 1, 0, 1, 1]",0,0,0,1,0,0,0,1,0.29754355969183854,0.9402340530472958,,,,0.005,8,2,False,False,0.005
145,regular,psi,"[5, 7]","{5: 'coherent_flip', 7: 'withhold'}",1,0,1,[7],1,1,"[0, 1, 1, 0, 0, 1, 0, 1, 1, 1]","[1, 0, 0, 1, 1, 1, 1, 1]","[1, 0, 0, 1, 1, 1, 1, 1]",0,0,0,1,0,1,0,0,0.2975435638741061,0.2975435638741061,,,,0.005,8,2,False,False,0.005
146,regular,psi,"[1, 3]","{1: 'coherent_flip', 3: 'equivocate'}",1,1,0,[3],1,1,"[1, 0, 0, 0, 1, 1, 0, 0, 0, 0]","[1, 0, 0, 1, 0, 0, 0, 0]","[1, 0, 1, 1, 0, 0, 0, 0]",1,0,1,0,1,1,1,0,0.9402340261611081,0.29754354896086566,,,,0.005,8,2,False,False,0.005
147,regular,psi,"[3, 5]","{3: 'withhold', 5: 'equivocate'}",0,1,1,"[3, 5]",2,0,"[0, 1, 1, 1, 1, 1, 1, 1, 1, 0]","[1, 1, 1, 1, 0, 1, 1, 0]","[1, 1, 1, 1, 1, 1, 1, 0]",0,0,0,1,0,0,0,1,0.2975435852434341,0.9402340211378868,,,,0.005,8,2,False,False,0.005
148,regular,psi,"[3, 8]","{3: 'equivocate', 8: 'coherent_flip'}",1,1,0,[3],1,1,"[0, 0, 1, 0, 1, 0, 1, 0, 0, 1]","[1, 0, 0, 0, 1, 0, 0, 0]","[1, 0, 1, 0, 1, 0, 0, 0]",1,1,0,0,0,1,0,0,0.3017454927503347,0.460476894510531,,,,0.005,8,2,False,False,0.005
149,regular,psi,"[2, 8]","{2: 'withhold', 8: 'coherent_flip'}",1,0,1,[2],1,1,"[1, 1, 1, 1, 1, 1, 0, 1, 0, 1]","[1, 1, 1, 1, 0, 1, 0, 0]","[1, 1, 1, 1, 0, 1, 0, 0]",1,1,0,1,0,1,0,0,0.4604769432210716,0.4604769432210716,,,,0.005,8,2,False,False,0.005
0,regular,psi,"[1, 4]","{4: 'equivocate', 1: 'withhold'}",0,1,1,"[1, 4]",2,0,"[0, 1, 1, 0, 0, 1, 0, 1, 0, 0]","[1, 0, 0, 0, 0, 1, 0, 0]","[1, 0, 0, 1, 0, 1, 0, 0]",1,1,0,1,1,1,0,1,0.4624187201570171,0.9186053253287713,,,,0.01,8,2,False,False,0.01
1,regular,psi,"[1, 2]","{1: 'equivocate', 2: 'withhold'}",0,1,1,"[1, 2]",2,0,"[1, 1, 0, 1, 1, 0, 1, 0, 1, 1]","[1, 1, 1, 0, 1, 0, 1, 1]","[0, 1, 1, 0, 1, 0, 1, 1]",1,0,1,1,1,0,0,1,0.30749020604560534,0.918605307888559,,,,0.01,8,2,False,False,0.01
2,regular,psi,"[1, 8]","{1: 'coherent_flip', 8: 'withhold'}",1,0,1,[8],1,1,"[1, 1, 1, 1, 0, 0, 1, 1, 0, 0]","[0, 1, 0, 0, 1, 1, 0, 0]","[0, 1, 0, 0, 1, 1, 0, 0]",1,1,1,0,1,0,0,0,0.30749019377611225,0.30749019377611225,,,,0.01,8,2,False,False,0.01
3,regular,psi,"[2, 3]","{2: 'equivocate', 3: 'withhold'}",0,1,1,"[2, 3]",2,0,"[0, 1, 1, 0, 0, 1, 1, 1, 0, 0]","[1, 1, 0, 1, 1, 1, 0, 0]","[1, 0, 0, 1, 1, 1, 0, 0]",1,0,0,0,1,0,0,1,0.462418691089997,0.918605296261751,,,,0.01,8,2,False,False,0.01
4,regular,psi,"[2, 5]","{2: 'equivocate', 5: 'equivocate'}",0,2,0,"[2, 5]",2,0,"[0, 1, 0, 0, 1, 0, 0, 0, 1, 0]","[0, 1, 1, 0, 1, 0, 1, 0]","[0, 0, 1, 0, 0, 0, 1, 0]",1,0,0,1,1,0,0,1,0.3114858066026467,0.918605284634943,,,,0.01,8,2,False,False,0.01
5,regular,psi,"[3, 6]","{6: 'equivocate', 3: 'withhold'}",0,1,1,"[3, 6]",2,0,"[0, 1, 0, 1, 0, 1, 1, 1, 0, 0]","[0, 1, 0, 1, 1, 0, 0, 0]","[0, 1, 0, 1, 1, 1, 0, 0]",0,1,1,1,0,1,0,1,0.46241869108999706,0.9186052962617509,,,,0.01,8,2,False,False,0.01
6,regular,psi,"[3, 6]","{3: 'withhold', 6: 'equivocate'}",0,1,1,"[3, 6]",2,0,"[1, 1, 1, 1, 1, 1, 0, 0, 1, 1]","[1, 1, 1, 1, 0, 1, 1, 1]","[1, 1, 1, 1, 0, 0, 1, 1]",0,0,1,0,0,0,0,1,0.46241869677397596,0.9186053365421889,,,,0.01,8,2,False,False,0.01
7,regular,psi,"[5, 8]","{5: 'coherent_flip', 8: 'withhold'}",1,0,1,[8],1,1,"[1, 1, 1, 0, 0, 0, 0, 0, 0, 0]","[1, 0, 0, 0, 1, 0, 0, 0]","[1, 0, 0, 0, 1, 0, 0, 0]",1,0,1,1,1,1,0,0,0.30749017146983887,0.30749017146983887,,,,0.01,8,2,False,False,0.01
8,regular,psi,"[1, 6]","{6: 'withhold', 1: 'withhold'}",0,0,2,"[1, 6]",2,0,"[0, 0, 0, 1, 1, 1, 0, 0, 1, 1]","[0, 1, 1, 1, 0, 0, 1, 1]","[0, 1, 1, 1, 0, 0, 1, 1]",1,0,1,0,1,0,1,1,0.9186052846349431,0.9186052846349431,,,,0.01,8,2,False,False,0.01
9,verification,verification,"[5, 8]","{5: 'coherent_flip', 8: 'equivocate'}",1,1,0,[8],1,1,"[0, 0, 0, 0, 1, 0, 0, 1, 1, 1]","[0, 0, 1, 0, 1, 1, 1, 0]","[0, 0, 1, 0, 1, 1, 1, 1]",0,0,1,1,0,1,0,0,,,Phi-,False,0.026165366952579268,0.01,8,2,False,False,0.01
10,regular,psi,"[3, 7]","{7: 'withhold', 3: 'coherent_flip'}",1,0,1,[7],1,1,"[1, 0, 1, 0, 1, 0, 1, 0, 1, 0]","[1, 0, 0, 0, 1, 0, 1, 0]","[1, 0, 0, 0, 1, 0, 1, 0]",0,1,0,0,0,0,0,0,0.3074902108809683,0.3074902108809683,,,,0.01,8,2,False,False,0.01
11,regular,psi,"[5, 7]","{7: 'equivocate', 5: 'coherent_flip'}",1,1,0,[7],1,1,"[0, 0, 1, 1, 1, 0, 1, 0, 0, 0]","[1, 1, 1, 0, 0, 0, 1, 0]","[1, 1, 1, 0, 0, 0, 0, 0]",1,1,1,1,1,0,1,0,0.9186053541966305,0.30749020301619917,,,,0.01,8,2,False,False,0.01
12,regular,psi,"[5, 7]","{5: 'coherent_flip', 7: 'withhold'}",1,0,1,[7],1,1,"[1, 0, 1, 1, 0, 0, 1, 1, 1, 0]","[1, 1, 0, 0, 0, 1, 1, 0]","[1, 1, 0, 0, 0, 1, 1, 0]",0,0,0,1,0,1,0,0,0.3074901826681915,0.3074901826681915,,,,0.01,8,2,False,False,0.01
13,regular,psi,"[4, 7]","{7: 'withhold', 4: 'coherent_flip'}",1,0,1,[7],1,1,"[1, 1, 1, 0, 0, 0, 0, 0, 0, 1]","[1, 0, 0, 1, 0, 0, 0, 1]","[1, 0, 0, 1, 0, 0, 0, 1]",0,0,1,0,1,0,0,0,0.46241870986357453,0.46241870986357453,,,,0.01,8,2,False,False,0.01
14,regular,plus,"[1, 8]","{1: 'coherent_flip', 8: 'coherent_flip'}",2,0,0,[],0,2,"[0, 0, 0, 1, 1, 0, 0, 0, 0, 0]","[1, 1, 1, 0, 0, 0, 0, 1]","[1, 1, 1, 0, 0, 0, 0, 1]",1,1,0,0,0,0,0,0,0.047808915376663215,0.047808915376663215,,,,0.01,8,2,True,True,0.01
15,regular,psi,"[3, 4]","{3: 'withhold', 4: 'coherent_flip'}",1,0,1,[3],1,1,"[0, 1, 1, 0, 0, 1, 0, 0, 0, 0]","[1, 0, 0, 0, 0, 0, 0, 0]","[1, 0, 0, 0, 0, 0, 0, 0]",0,1,1,1,1,1,0,0,0.4624187431115988,0.4624187431115988,,,,0.01,8,2,False,False,0.01
16,regular,psi,"[1, 7]","{1: 'equivocate', 7: 'equivocate'}",0,2,0,"[1, 7]",2,0,"[0, 1, 1, 1, 1, 1, 1, 0, 1, 0]","[0, 1, 1, 1, 1, 0, 0, 0]","[1, 1, 1, 1, 1, 0, 1, 0]",1,0,1,0,1,0,1,1,0.9186053309430129,0.9186053309430129,,,,0.01,8,2,False,False,0.01
17,regular,psi,"[2, 8]","{8: 'equivocate', 2: 'equivocate'}",0,2,0,"[2, 8]",2,0,"[0, 0, 1, 0, 0, 1, 0, 0, 1, 0]","[1, 1, 0, 1, 0, 0, 1, 1]","[1, 0, 0, 1, 0, 0, 1, 0]",1,0,1,0,1,0,1,1,0.9186053477405408,0.9186053477405408,,,,0.01,8,2,False,False,0.01
18,regular,psi,"[2, 4]","{4: 'withhold', 2: 'withhold'}",0,0,2,"[2, 4]",2,0,"[1, 0, 1, 1, 0, 0, 1, 1, 0, 1]","[1, 1, 0, 0, 1, 1, 0, 1]","[1, 1, 0, 0, 1, 1, 0, 1]",1,1,1,1,1,1,1,1,0.9186053541966305,0.9186053541966305,,,,0.01,8,2,False,False,0.01
19,regular,plus,"[2, 3]","{2: 'coherent_flip', 3: 'coherent_flip'}",2,0,0,[],0,2,"[0, 0, 0, 1, 1, 1, 0, 1, 1, 1]","[0, 0, 0, 1, 0, 1, 1, 1]","[0, 0, 0, 1, 0, 1, 1, 1]",0,0,1,1,1,1,0,0,0.047808915376663215,0.047808915376663215,,,,0.01,8,2,True,True,0.01
20,regular,psi,"[5, 7]","{7: 'coherent_flip', 5: 'equivocate'}",1,1,0,[5],1,1,"[1, 0, 0, 0, 0, 1, 1, 1, 0, 0]","[0, 0, 0, 1, 0, 1, 1, 0]","[0, 0, 0, 1, 1, 1, 1, 0]",0,0,0,0,0,1,1,0,0.9186053477405408,0.3074902094722887,,,,0.01,8,2,False,False,0.01
21,verification,verification,"[3, 5]","{5: 'equivocate', 3: 'coherent_flip'}",1,1,0,[5],1,1,"[1, 1, 1, 1, 0, 0, 0, 1, 0, 1]","[1, 1, 1, 0, 1, 1, 0, 1]","[1, 1, 1, 0, 0, 1, 0, 1]",0,0,0,0,0,1,1,0,,,Phi-,False,0.026165396754902544,0.01,8,2,False,False,0.01
22,regular,psi,"[3, 7]","{7: 'equivocate', 3: 'coherent_flip'}",1,1,0,[7],1,1,"[1, 1, 0, 1, 0, 0, 1, 0, 1, 1]","[0, 1, 1, 0, 1, 0, 0, 1]","[0, 1, 1, 0, 1, 0, 1, 1]",1,1,1,1,1,0,1,0,0.9186053709941584,0.3074901862186712,,,,0.01,8,2,False,False,0.01
23,regular,psi,"[3, 8]","{3: 'equivocate', 8: 'equivocate'}",0,2,0,"[3, 8]",2,0,"[0, 1, 0, 0, 0, 0, 1, 1, 1, 1]","[0, 0, 1, 0, 1, 1, 1, 0]","[0, 0, 0, 0, 1, 1, 1, 1]",1,0,0,1,1,0,0,1,0.3114858223227518,0.9186052602326316,,,,0.01,8,2,False,False,0.01
24,regular,psi,"[1, 2]","{2: 'coherent_flip', 1: 'coherent_flip'}",2,0,0,[],0,2,"[1, 1, 1, 1, 0, 0, 1, 0, 1, 0]","[0, 0, 0, 0, 1, 0, 1, 0]","[0, 0, 0, 0, 1, 0, 1, 0]",0,0,1,1,1,1,0,0,0.31148576655150356,0.31148576655150356,,,,0.01,8,2,False,False,0.01
25,regular,psi,"[2, 5]","{5: 'withhold', 2: 'withhold'}",0,0,2,"[2, 5]",2,0,"[1, 0, 1, 1, 1, 0, 0, 1, 1, 1]","[1, 1, 1, 0, 0, 1, 1, 1]","[1, 1, 1, 0, 0, 1, 1, 1]",1,0,1,0,1,0,1,1,0.9186053582186602,0.9186053582186602,,,,0.01,8,2,False,False,0.01
26,regular,psi,"[1, 3]","{3: 'withhold', 1: 'equivocate'}",0,1,1,"[1, 3]",2,0,"[0, 1, 1, 0, 0, 1, 0, 1, 0, 0]","[0, 0, 0, 1, 0, 1, 0, 0]","[1, 0, 0, 1, 0, 1, 0, 0]",1,1,1,0,1,1,0,1,0.30749018860539334,0.9186053253287713,,,,0.01,8,2,False,False,0.01
27,regular,psi,"[2, 4]","{4: 'coherent_flip', 2: 'withhold'}",1,0,1,[2],1,1,"[0, 0, 1, 0, 1, 1, 1, 0, 0, 0]","[1, 0, 1, 0, 1, 0, 0, 0]","[1, 0, 1, 0, 1, 0, 0, 0]",1,1,0,1,0,1,0,0,0.4624187088292415,0.4624187088292415,,,,0.01,8,2,False,False,0.01
28,regular,psi,"[2, 3]","{3: 'withhold', 2: 'withhold'}",0,0,2,"[2, 3]",2,0,"[0, 1, 1, 1, 1, 1, 0, 0, 1, 1]","[1, 1, 1, 1, 0, 0, 1, 1]","[1, 1, 1, 1, 0, 0, 1, 1]",0,1,0,1,0,1,1,1,0.9186053166161978,0.9186053166161978,,,,0.01,8,2,False,False,0.01
29,regular,psi,"[4, 5]","{5: 'coherent_flip', 4: 'withhold'}",1,0,1,[4],1,1,"[1, 1, 0, 0, 1, 1, 1, 0, 0, 0]","[0, 0, 1, 1, 0, 0, 0, 0]","[0, 0, 1, 1, 0, 0, 0, 0]",0,1,0,0,0,0,0,0,0.3074901905329628,0.3074901905329628,,,,0.01,8,2,False,False,0.01
30,regular,psi,"[3, 7]","{3: 'coherent_flip', 7: 'withhold'}",1,0,1,[7],1,1,"[1, 1, 0, 1, 1, 0, 1, 0, 1, 1]","[0, 1, 0, 0, 1, 0, 1, 1]","[0, 1, 0, 0, 1, 0, 1, 1]",1,0,1,1,1,1,0,0,0.30749020604560534,0.30749020604560534,,,,0.01,8,2,False,False,0.01
31,regular,psi,"[1, 5]","{5: 'coherent_flip', 1: 'coherent_flip'}",2,0,0,[],0,2,"[1, 1, 0, 0, 0, 0, 0, 1, 1, 0]","[1, 0, 0, 0, 1, 1, 1, 0]","[1, 0, 0, 0, 1, 1, 1, 0]",0,0,0,0,0,0,1,1,0.9186053477405408,0.9186053477405408,,,,0.01,8,2,False,False,0.01
32,regular,plus,"[5, 7]","{5: 'coherent_flip', 7: 'coherent_flip'}",2,0,0,[],0,2,"[0, 1, 1, 0, 1, 1, 0, 1, 0, 0]","[1, 0, 1, 1, 1, 1, 1, 0]","[1, 0, 1, 1, 1, 1, 1, 0]",1,0,1,0,1,0,1,1,0.9521910846233366,0.9521910846233366,,,,0.01,8,2,True,False,0.01
33,regular,psi,"[1, 8]","{1: 'coherent_flip', 8: 'withhold'}",1,0,1,[8],1,1,"[0, 0, 0, 1, 1, 1, 0, 0, 0, 1]","[1, 1, 1, 1, 0, 0, 0, 1]","[1, 1, 1, 1, 0, 0, 0, 1]",1,1,1,0,1,0,0,0,0.3074902176724134,0.3074902176724134,,,,0.01,8,2,False,False,0.01
34,regular,psi,"[2, 7]","{2: 'coherent_flip', 7: 'coherent_flip'}",2,0,0,[],0,2,"[1, 0, 0, 0, 1, 0, 1, 1, 0, 0]","[0, 1, 1, 0, 1, 1, 1, 0]","[0, 1, 1, 0, 1, 1, 1, 0]",1,1,0,0,0,0,0,0,0.3114857542820104,0.3114857542820104,,,,0.01,8,2,False,False,0.01
35,regular,psi,"[1, 4]","{1: 'withhold', 4: 'equivocate'}",0,1,1,"[1, 4]",2,0,"[1, 1, 0, 1, 1, 1, 1, 1, 0, 0]","[0, 1, 1, 0, 1, 1, 0, 0]","[0, 1, 1, 1, 1, 1, 0, 0]",0,1,1,1,0,1,0,1,0.4624187088292416,0.9186053709941584,,,,0.01,8,2,False,False,0.01
36,regular,psi,"[4, 6]","{6: 'coherent_flip', 4: 'coherent_flip'}",2,0,0,[],0,2,"[1, 1, 0, 0, 0, 1, 1, 0, 1, 1]","[0, 0, 0, 0, 1, 1, 1, 1]","[0, 0, 0, 0, 1, 1, 1, 1]",1,1,1,1,1,1,1,1,0.918605341018505,0.918605341018505,,,,0.01,8,2,False,False,0.01
37,regular,psi,"[2, 7]","{2: 'withhold', 7: 'equivocate'}",0,1,1,"[2, 7]",2,0,"[0, 1, 0, 0, 1, 0, 0, 0, 1, 0]","[0, 0, 1, 0, 0, 0, 0, 0]","[0, 0, 1, 0, 0, 0, 1, 0]",1,0,1,1,1,0,0,1,0.30749022929922154,0.918605284634943,,,,0.01,8,2,False,False,0.01
38,regular,psi,"[1, 5]","{1: 'coherent_flip', 5: 'equivocate'}",1,1,0,[5],1,1,"[0, 0, 1, 1, 1, 1, 0, 0, 1, 1]","[0, 1, 1, 1, 1, 0, 1, 1]","[0, 1, 1, 1, 0, 0, 1, 1]",1,1,1,1,1,0,1,0,0.9186053282430061,0.30749020733049026,,,,0.01,8,2,False,False,0.01
39,regular,psi,"[5, 7]","{7: 'coherent_flip', 5: 'equivocate'}",1,1,0,[5],1,1,"[0, 0, 0, 1, 1, 1, 0, 0, 1, 0]","[0, 1, 1, 1, 1, 0, 0, 0]","[0, 1, 1, 1, 0, 0, 0, 0]",0,0,0,0,0,1,1,0,0.9186052846349431,0.3074902292992215,,,,0.01,8,2,False,False,0.01
40,regular,psi,"[7, 8]","{7: 'equivocate', 8: 'withhold'}",0,1,1,"[7, 8]",2,0,"[1, 1, 1, 0, 0, 1, 0, 0, 1, 0]","[1, 0, 0, 1, 0, 0, 0, 0]","[1, 0, 0, 1, 0, 0, 1, 0]",0,1,0,0,0,1,0,1,0.3074901961321386,0.9186053394413578,,,,0.01,8,2,False,False,0.01
41,regular,psi,"[2, 7]","{7: 'coherent_flip', 2: 'withhold'}",1,0,1,[2],1,1,"[0, 0, 1, 0, 0, 0, 1, 0, 1, 1]","[1, 0, 0, 0, 1, 0, 0, 1]","[1, 0, 0, 0, 1, 0, 0, 1]",1,1,1,0,1,0,0,0,0.3074902108809683,0.3074902108809683,,,,0.01,8,2,False,False,0.01
42,regular,psi,"[1, 5]","{5: 'equivocate', 1: 'coherent_flip'}",1,1,0,[5],1,1,"[1, 1, 1, 1, 1, 0, 0, 1, 1, 0]","[0, 1, 1, 0, 1, 1, 1, 0]","[0, 1, 1, 0, 0, 1, 1, 0]",1,0,1,0,1,1,1,0,0.9186053199438239,0.3074901939903406,,,,0.01,8,2,False,False,0.01
43,regular,psi,"[6, 8]","{8: 'coherent_flip', 6: 'equivocate'}",1,1,0,[6],1,1,"[1, 0, 0, 0, 1, 1, 1, 1, 0, 1]","[0, 0, 1, 1, 1, 0, 0, 0]","[0, 0, 1, 1, 1, 1, 0, 0]",1,1,1,1,0,1,1,0,0.9186053765933344,0.4624187032300655,,,,0.01,8,2,False,False,0.01
44,regular,psi,"[1, 4]","{1: 'withhold', 4: 'withhold'}",0,0,2,"[1, 4]",2,0,"[0, 0, 1, 0, 0, 1, 1, 1, 0, 0]","[1, 0, 0, 1, 1, 1, 0, 0]","[1, 0, 0, 1, 1, 1, 0, 0]",0,0,0,0,0,0,1,1,0.918605316187741,0.918605316187741,,,,0.01,8,2,False,False,0.01
45,regular,psi,"[1, 5]","{1: 'coherent_flip', 5: 'withhold'}",1,0,1,[5],1,1,"[0, 1, 1, 0, 0, 0, 1, 0, 0, 0]","[0, 0, 0, 0, 1, 0, 0, 0]","[0, 0, 0, 0, 1, 0, 0, 0]",1,0,1,1,1,1,0,0,0.3074901944187973,0.3074901944187973,,,,0.01,8,2,False,False,0.01
46,regular,psi,"[5, 7]","{5: 'equivocate', 7: 'coherent_flip'}",1,1,0,[5],1,1,"[0, 1, 1, 1, 1, 0, 1, 1, 0, 1]","[1, 1, 1, 0, 0, 1, 1, 1]","[1, 1, 1, 0, 1, 1, 1, 1]",0,1,0,1,0,0,1,0,0.9186052908768038,0.30749022305736073,,,,0.01,8,2,False,False,0.01
47,regular,psi,"[2, 3]","{2: 'coherent_flip', 3: 'coherent_flip'}",2,0,0,[],0,2,"[1, 0, 1, 0, 1, 1, 0, 0, 0, 1]","[1, 1, 0, 1, 0, 0, 0, 1]","[1, 1, 0, 1, 0, 0, 0, 1]",0,1,1,0,1,0,0,0,0.3114857397713332,0.3114857397713332,,,,0.01,8,2,False,False,0.01
48,verification,verification,"[5, 6]","{6: 'coherent_flip', 5: 'coherent_flip'}",2,0,0,[],0,2,"[1, 0, 0, 1, 1, 1, 1, 0, 0, 1]","[0, 1, 1, 1, 0, 1, 0, 1]","[0, 1, 1, 1, 0, 1, 0, 1]",1,1,0,0,0,0,0,0,,,Psi-,False,0.02616541549533982,0.01,8,2,False,False,0.01
49,regular,psi,"[2, 4]","{2: 'withhold', 4: 'withhold'}",0,0,2,"[2, 4]",2,0,"[0, 1, 1, 0, 1, 1, 1, 1, 1, 0]","[1, 0, 1, 1, 1, 1, 1, 0]","[1, 0, 1, 1, 1, 1, 1, 0]",1,0,1,0,1,0,1,1,0.918605316187741,0.918605316187741,,,,0.01,8,2,False,False,0.01
50,regular,psi,"[3, 5]","{3: 'equivocate', 5: 'coherent_flip'}",1,1,0,[3],1,1,"[1, 0, 1, 1, 0, 0, 1, 1, 1, 1]","[1, 1, 1, 0, 0, 1, 1, 1]","[1, 1, 0, 0, 0, 1, 1, 1]",1,0,1,0,1,1,1,0,0.9186053582186602,0.3074901826681915,,,,0.01,8,2,False,False,0.01
51,regular,psi,"[1, 5]","{1: 'coherent_flip', 5: 'coherent_flip'}",2,0,0,[],0,2,"[1, 0, 0, 1, 0, 0, 1, 1, 0, 1]","[1, 1, 0, 0, 0, 1, 0, 1]","[1, 1, 0, 0, 0, 1, 0, 1]",1,0,1,0,1,0,1,1,0.9186053161877411,0.9186053161877411,,,,0.01,8,2,False,False,0.01
52,regular,psi,"[1, 3]","{1: 'coherent_flip', 3: 'equivocate'}",1,1,0,[3],1,1,"[1, 0, 0, 1, 0, 0, 0, 1, 0, 0]","[1, 1, 1, 0, 0, 1, 0, 0]","[1, 1, 0, 0, 0, 1, 0, 0]",0,1,0,1,0,0,1,0,0.9186053394413579,0.3074901961321386,,,,0.01,8,2,False,False,0.01
53,regular,psi,"[4, 8]","{4: 'coherent_flip', 8: 'equivocate'}",1,1,0,[8],1,1,"[1, 0, 1, 1, 0, 1, 1, 0, 0, 1]","[1, 1, 0, 0, 1, 0, 0, 0]","[1, 1, 0, 0, 1, 0, 0, 1]",1,1,1,1,0,1,1,0,0.9186053226438304,0.46241872257055067,,,,0.01,8,2,False,False,0.01
54,regular,zero,"[1, 7]","{7: 'equivocate', 1: 'withhold'}",0,1,1,"[1, 7]",2,0,"[1, 1, 0, 1, 0, 0, 1, 0, 0, 1]","[0, 1, 0, 0, 1, 0, 1, 1]","[0, 1, 0, 0, 1, 0, 0, 1]",1,0,1,1,1,0,0,1,0.952191069009767,0.952191069009767,,,,0.01,8,2,True,False,0.01
55,regular,psi,"[3, 8]","{3: 'equivocate', 8: 'withhold'}",0,1,1,"[3, 8]",2,0,"[0, 1, 1, 0, 0, 1, 0, 1, 1, 1]","[1, 0, 1, 1, 0, 1, 1, 1]","[1, 0, 0, 1, 0, 1, 1, 1]",0,0,0,1,0,0,0,1,0.3074901944187973,0.9186053195153672,,,,0.01,8,2,False,False,0.01
56,regular,psi,"[4, 7]","{4: 'equivocate', 7: 'coherent_flip'}",1,1,0,[4],1,1,"[1, 0, 1, 0, 0, 1, 0, 0, 0, 0]","[1, 0, 0, 0, 0, 0, 1, 0]","[1, 0, 0, 1, 0, 0, 1, 0]",1,0,0,1,1,1,0,0,0.31148574924957395,0.30749017146983887,,,,0.01,8,2,False,False,0.01
57,regular,psi,"[1, 5]","{5: 'withhold', 1: 'equivocate'}",0,1,1,"[1, 5]",2,0,"[0, 1, 0, 0, 0, 0, 1, 0, 1, 0]","[1, 0, 0, 0, 1, 0, 1, 0]","[0, 0, 0, 0, 1, 0, 1, 0]",1,0,1,1,1,0,0,1,0.30749022929922154,0.918605284634943,,,,0.01,8,2,False,False,0.01
58,regular,psi,"[5, 7]","{7: 'withhold', 5: 'equivocate'}",0,1,1,"[5, 7]",2,0,"[0, 1, 0, 0, 0, 0, 0, 1, 1, 0]","[0, 0, 0, 0, 1, 1, 1, 0]","[0, 0, 0, 0, 0, 1, 1, 0]",0,1,0,0,0,1,0,1,0.3074901765479431,0.9186053047342603,,,,0.01,8,2,False,False,0.01
59,regular,psi,"[3, 8]","{3: 'withhold', 8: 'coherent_flip'}",1,0,1,[3],1,1,"[0, 1, 1, 1, 0, 0, 1, 0, 0, 1]","[1, 1, 0, 0, 1, 0, 0, 0]","[1, 1, 0, 0, 1, 0, 0, 0]",1,0,0,0,0,0,0,0,0.46241869169587213,0.46241869169587213,,,,0.01,8,2,False,False,0.01
60,regular,psi,"[3, 5]","{5: 'withhold', 3: 'withhold'}",0,0,2,"[3, 5]",2,0,"[0, 0, 0, 0, 0, 1, 0, 1, 0, 0]","[0, 0, 0, 1, 0, 1, 0, 0]","[0, 0, 0, 1, 0, 1, 0, 0]",0,0,0,0,0,0,1,1,0.9186053128601146,0.9186053128601146,,,,0.01,8,2,False,False,0.01
61,regular,psi,"[4, 5]","{5: 'coherent_flip', 4: 'coherent_flip'}",2,0,0,[],0,2,"[0, 1, 1, 1, 0, 1, 1, 1, 1, 1]","[1, 1, 0, 0, 0, 1, 1, 1]","[1, 1, 0, 0, 0, 1, 1, 1]",1,1,0,0,0,0,0,0,0.31148576366763586,0.31148576366763586,,,,0.01,8,2,False,False,0.01
62,regular,psi,"[3, 6]","{6: 'coherent_flip', 3: 'equivocate'}",1,1,0,[3],1,1,"[1, 0, 0, 0, 1, 0, 1, 1, 0, 0]","[0, 0, 0, 0, 1, 0, 0, 0]","[0, 0, 1, 0, 1, 0, 0, 0]",1,1,0,0,0,1,0,0,0.3114857542820104,0.46241873178382525,,,,0.01,8,2,False,False,0.01
63,regular,psi,"[4, 6]","{6: 'coherent_flip', 4: 'coherent_flip'}",2,0,0,[],0,2,"[1, 0, 1, 1, 1, 1, 1, 0, 0, 0]","[1, 1, 1, 0, 1, 1, 0, 0]","[1, 1, 1, 0, 1, 1, 0, 0]",0,0,0,0,0,0,1,1,0.9186052966902076,0.9186052966902076,,,,0.01,8,2,False,False,0.01
64,regular,psi,"[4, 5]","{5: 'withhold', 4: 'coherent_flip'}",1,0,1,[5],1,1,"[0, 0, 1, 0, 1, 0, 0, 0, 1, 0]","[1, 0, 1, 1, 0, 0, 1, 0]","[1, 0, 1, 1, 0, 0, 1, 0]",0,1,1,1,1,1,0,0,0.46241870577302324,0.46241870577302324,,,,0.01,8,2,False,False,0.01
65,regular,psi,"[3, 4]","{3: 'withhold', 4: 'coherent_flip'}",1,0,1,[3],1,1,"[0, 1, 1, 1, 0, 0, 1, 1, 1, 0]","[1, 1, 0, 1, 1, 1, 1, 0]","[1, 1, 0, 1, 1, 1, 1, 0]",1,1,0,1,0,1,0,0,0.462418715983823,0.462418715983823,,,,0.01,8,2,False,False,0.01
66,regular,psi,"[2, 8]","{2: 'withhold', 8: 'equivocate'}",0,1,1,"[2, 8]",2,0,"[1, 1, 1, 0, 1, 1, 1, 0, 0, 1]","[1, 0, 1, 1, 1, 0, 0, 0]","[1, 0, 1, 1, 1, 0, 0, 1]",1,0,0,0,1,0,0,1,0.4624187027168051,0.9186053078885591,,,,0.01,8,2,False,False,0.01
67,verification,verification,"[4, 8]","{4: 'withhold', 8: 'coherent_flip'}",1,0,1,[4],1,1,"[1, 0, 1, 0, 1, 0, 0, 0, 0, 0]","[1, 0, 1, 0, 0, 0, 0, 1]","[1, 0, 1, 0, 0, 0, 0, 1]",0,1,1,1,1,1,0,0,,,Psi+,False,0.026165407854041332,0.01,8,2,False,False,0.01
68,regular,zero,"[2, 3]","{2: 'equivocate', 3: 'coherent_flip'}",1,1,0,[2],1,1,"[0, 0, 1, 1, 0, 0, 0, 0, 1, 0]","[1, 0, 1, 0, 0, 0, 1, 0]","[1, 1, 1, 0, 0, 0, 1, 0]",1,0,0,1,1,1,0,0,0.047808899763093896,0.9521911002369061,,,,0.01,8,2,True,False,0.01
69,regular,psi,"[1, 2]","{1: 'coherent_flip', 2: 'withhold'}",1,0,1,[2],1,1,"[0, 1, 1, 1, 0, 0, 1, 0, 1, 0]","[0, 1, 0, 0, 1, 0, 1, 0]","[0, 1, 0, 0, 1, 0, 1, 0]",0,1,0,0,0,0,0,0,0.307490193345472,0.307490193345472,,,,0.01,8,2,False,False,0.01
70,regular,psi,"[2, 8]","{2: 'equivocate', 8: 'equivocate'}",0,2,0,"[2, 8]",2,0,"[0, 1, 0, 0, 0, 1, 0, 0, 0, 0]","[0, 1, 0, 1, 0, 0, 0, 1]","[0, 0, 0, 1, 0, 0, 0, 0]",0,0,0,0,0,0,1,1,0.9186052714309836,0.9186052714309836,,,,0.01,8,2,False,False,0.01
71,regular,psi,"[4, 7]","{7: 'equivocate', 4: 'coherent_flip'}",1,1,0,[7],1,1,"[1, 0, 1, 0, 1, 1, 1, 1, 0, 0]","[1, 0, 1, 0, 1, 1, 1, 0]","[1, 0, 1, 0, 1, 1, 0, 0]",0,0,1,1,1,0,0,0,0.31148578190709725,0.4624186825194063,,,,0.01,8,2,False,False,0.01
72,regular,psi,"[3, 7]","{3: 'coherent_flip', 7: 'withhold'}",1,0,1,[7],1,1,"[0, 1, 1, 0, 1, 1, 0, 0, 0, 0]","[1, 0, 0, 1, 0, 0, 0, 0]","[1, 0, 0, 1, 0, 0, 0, 0]",0,0,0,1,0,1,0,0,0.307490244352715,0.307490244352715,,,,0.01,8,2,False,False,0.01
73,regular,psi,"[1, 3]","{1: 'coherent_flip', 3: 'withhold'}",1,0,1,[3],1,1,"[1, 1, 1, 1, 0, 1, 0, 0, 1, 0]","[0, 1, 0, 1, 0, 0, 1, 0]","[0, 1, 0, 1, 0, 0, 1, 0]",1,1,1,0,1,0,0,0,0.30749019741702316,0.30749019741702316,,,,0.01,8,2,False,False,0.01
74,regular,psi,"[1, 6]","{6: 'withhold', 1: 'equivocate'}",0,1,1,"[1, 6]",2,0,"[0, 0, 1, 0, 0, 1, 0, 0, 1, 0]","[0, 0, 0, 1, 0, 0, 1, 0]","[1, 0, 0, 1, 0, 0, 1, 0]",1,0,1,1,1,0,0,1,0.3074902094722887,0.9186053477405408,,,,0.01,8,2,False,False,0.01
75,regular,psi,"[5, 8]","{5: 'equivocate', 8: 'withhold'}",0,1,1,"[5, 8]",2,0,"[0, 0, 1, 0, 0, 1, 1, 1, 1, 1]","[1, 0, 0, 1, 0, 1, 1, 1]","[1, 0, 0, 1, 1, 1, 1, 1]",1,1,1,0,1,1,0,1,0.30749020775894703,0.9186053278145495,,,,0.01,8,2,False,False,0.01
76,regular,psi,"[1, 3]","{3: 'equivocate', 1: 'equivocate'}",0,2,0,"[1, 3]",2,0,"[0, 1, 1, 1, 1, 1, 1, 0, 0, 1]","[0, 1, 0, 1, 1, 0, 0, 1]","[1, 1, 1, 1, 1, 0, 0, 1]",0,1,0,1,0,1,1,1,0.9186053481689977,0.9186053481689977,,,,0.01,8,2,False,False,0.01
77,regular,psi,"[4, 6]","{4: 'withhold', 6: 'coherent_flip'}",1,0,1,[4],1,1,"[0, 1, 1, 1, 1, 1, 0, 0, 0, 1]","[1, 1, 1, 1, 0, 1, 0, 1]","[1, 1, 1, 1, 0, 1, 0, 1]",0,0,1,0,1,0,0,0,0.4624186795479912,0.4624186795479912,,,,0.01,8,2,False,False,0.01
78,regular,psi,"[4, 7]","{7: 'withhold', 4: 'equivocate'}",0,1,1,"[4, 7]",2,0,"[0, 1, 0, 1, 0, 0, 1, 0, 1, 0]","[0, 1, 0, 1, 1, 0, 1, 0]","[0, 1, 0, 0, 1, 0, 1, 0]",0,0,1,0,0,0,0,1,0.46241867946318893,0.9186052846349431,,,,0.01,8,2,False,False,0.01
79,regular,psi,"[4, 5]","{5: 'withhold', 4: 'withhold'}",0,0,2,"[4, 5]",2,0,"[0, 0, 1, 0, 1, 1, 1, 0, 1, 0]","[1, 0, 1, 1, 1, 0, 1, 0]","[1, 0, 1, 1, 1, 0, 1, 0]",1,0,1,0,1,0,1,1,0.9186053694170129,0.9186053694170129,,,,0.01,8,2,False,False,0.01
80,regular,psi,"[1, 5]","{1: 'equivocate', 5: 'coherent_flip'}",1,1,0,[1],1,1,"[1, 0, 1, 0, 1, 0, 1, 0, 0, 1]","[0, 0, 1, 0, 0, 0, 0, 1]","[1, 0, 1, 0, 0, 0, 0, 1]",1,0,1,0,1,1,1,0,0.9186053094657082,0.30749022079443394,,,,0.01,8,2,False,False,0.01
81,verification,verification,"[4, 6]","{6: 'withhold', 4: 'coherent_flip'}",1,0,1,[6],1,1,"[0, 0, 1, 0, 1, 0, 0, 0, 1, 1]","[1, 0, 1, 1, 0, 0, 1, 1]","[1, 0, 1, 1, 0, 0, 1, 1]",1,1,0,1,0,1,0,0,,,Psi+,False,0.026165407779535597,0.01,8,2,False,False,0.01
82,regular,psi,"[3, 4]","{3: 'withhold', 4: 'equivocate'}",0,1,1,"[3, 4]",2,0,"[0, 0, 0, 1, 0, 1, 0, 1, 0, 1]","[0, 1, 0, 0, 0, 1, 0, 1]","[0, 1, 0, 1, 0, 1, 0, 1]",0,0,1,0,0,0,0,1,0.46241868049752016,0.9186052830577923,,,,0.01,8,2,False,False,0.01
83,verification,verification,"[6, 8]","{8: 'withhold', 6: 'coherent_flip'}",1,0,1,[8],1,1,"[1, 0, 0, 1, 0, 1, 1, 0, 1, 0]","[0, 1, 0, 1, 1, 1, 1, 0]","[0, 1, 0, 1, 1, 1, 1, 0]",0,1,1,1,1,1,0,0,,,Psi+,False,0.026165404091498055,0.01,8,2,False,False,0.01
84,regular,psi,"[5, 6]","{6: 'withhold', 5: 'equivocate'}",0,1,1,"[5, 6]",2,0,"[0, 1, 0, 0, 1, 0, 0, 0, 0, 0]","[0, 0, 1, 0, 1, 0, 0, 0]","[0, 0, 1, 0, 0, 0, 0, 0]",1,1,1,0,1,1,0,1,0.3074902176724134,0.9186052962617509,,,,0.01,8,2,False,False,0.01
85,regular,psi,"[6, 8]","{8: 'coherent_flip', 6: 'coherent_flip'}",2,0,0,[],0,2,"[0, 0, 1, 0, 1, 0, 0, 0, 1, 0]","[1, 0, 1, 0, 0, 1, 1, 1]","[1, 0, 1, 0, 0, 1, 1, 1]",0,1,0,1,0,1,1,1,0.9186053394413578,0.9186053394413578,,,,0.01,8,2,False,False,0.01
86,regular,psi,"[4, 7]","{4: 'withhold', 7: 'equivocate'}",0,1,1,"[4, 7]",2,0,"[0, 1, 1, 0, 0, 1, 0, 0, 1, 1]","[1, 0, 0, 1, 0, 0, 0, 1]","[1, 0, 0, 1, 0, 0, 1, 1]",1,0,1,1,1,0,0,1,0.3074901909921151,0.9186052796633892,,,,0.01,8,2,False,False,0.01
87,regular,psi,"[3, 7]","{7: 'coherent_flip', 3: 'coherent_flip'}",2,0,0,[],0,2,"[1, 0, 0, 0, 0, 0, 1, 0, 1, 0]","[0, 0, 1, 0, 1, 0, 0, 0]","[0, 0, 1, 0, 1, 0, 0, 0]",0,1,0,1,0,1,1,1,0.9186053709941584,0.9186053709941584,,,,0.01,8,2,False,False,0.01
88,regular,psi,"[5, 8]","{8: 'equivocate', 5: 'coherent_flip'}",1,1,0,[8],1,1,"[0, 1, 0, 0, 1, 0, 0, 0, 1, 0]","[0, 0, 1, 0, 1, 0, 1, 1]","[0, 0, 1, 0, 1, 0, 1, 0]",1,0,0,1,1,1,0,0,0.3114858066026467,0.30749022929922154,,,,0.01,8,2,False,False,0.01
89,regular,plus,"[1, 8]","{8: 'coherent_flip', 1: 'equivocate'}",1,1,0,[1],1,1,"[0, 0, 0, 0, 0, 0, 0, 1, 0, 0]","[1, 0, 0, 0, 0, 1, 0, 1]","[0, 0, 0, 0, 0, 1, 0, 1]",1,0,0,1,0,0,0,0,0.047808915376663215,0.9521910846233366,,,,0.01,8,2,True,False,0.01
90,regular,psi,"[1, 4]","{4: 'equivocate', 1: 'coherent_flip'}",1,1,0,[4],1,1,"[0, 1, 0, 0, 0, 0, 1, 0, 0, 1]","[1, 0, 0, 1, 1, 0, 0, 1]","[1, 0, 0, 0, 1, 0, 0, 1]",0,1,1,0,0,0,0,0,0.31148578937666294,0.3074902232715891,,,,0.01,8,2,False,False,0.01
91,regular,psi,"[4, 5]","{4: 'equivocate', 5: 'equivocate'}",0,2,0,"[4, 5]",2,0,"[1, 0, 1, 0, 1, 1, 1, 0, 1, 0]","[1, 0, 1, 0, 0, 0, 1, 0]","[1, 0, 1, 1, 1, 0, 1, 0]",1,1,0,0,1,1,0,1,0.3114857702802888,0.9186053278145495,,,,0.01,8,2,False,False,0.01
92,regular,psi,"[2, 8]","{8: 'equivocate', 2: 'withhold'}",0,1,1,"[2, 8]",2,0,"[0, 1, 1, 0, 0, 1, 1, 1, 1, 0]","[1, 0, 0, 1, 1, 1, 1, 1]","[1, 0, 0, 1, 1, 1, 1, 0]",1,1,0,1,1,1,0,1,0.46241870271680496,0.918605307888559,,,,0.01,8,2,False,False,0.01
93,regular,psi,"[4, 5]","{4: 'withhold', 5: 'equivocate'}",0,1,1,"[4, 5]",2,0,"[0, 1, 1, 0, 0, 1, 0, 0, 1, 1]","[1, 0, 0, 1, 1, 0, 1, 1]","[1, 0, 0, 1, 0, 0, 1, 1]",1,0,1,1,1,0,0,1,0.3074901909921151,0.9186052796633892,,,,0.01,8,2,False,False,0.01
94,verification,verification,"[1, 6]","{1: 'equivocate', 6: 'withhold'}",0,1,1,"[1, 6]",2,0,"[1, 0, 0, 0, 0, 0, 0, 1, 1, 1]","[1, 0, 0, 0, 0, 1, 1, 1]","[0, 0, 0, 0, 0, 1, 1, 1]",0,0,0,1,0,0,0,1,,,Psi+,False,0.9215037948341309,0.01,8,2,False,False,0.01
95,regular,psi,"[1, 5]","{1: 'coherent_flip', 5: 'withhold'}",1,0,1,[5],1,1,"[0, 0, 1, 0, 1, 1, 1, 1, 0, 0]","[0, 0, 1, 1, 1, 1, 0, 0]","[0, 0, 1, 1, 1, 1, 0, 0]",0,1,0,0,0,0,0,0,0.30749018621867125,0.30749018621867125,,,,0.01,8,2,False,False,0.01
96,regular,psi,"[7, 8]","{7: 'equivocate', 8: 'equivocate'}",0,2,0,"[7, 8]",2,0,"[1, 1, 0, 1, 0, 1, 0, 0, 0, 1]","[0, 1, 0, 1, 0, 0, 1, 0]","[0, 1, 0, 1, 0, 0, 0, 1]",0,1,1,0,0,1,0,1,0.3114857150757804,0.9186053967335563,,,,0.01,8,2,False,False,0.01
97,regular,psi,"[1, 7]","{1: 'equivocate', 7: 'coherent_flip'}",1,1,0,[1],1,1,"[0, 1, 1, 0, 1, 0, 1, 1, 0, 1]","[0, 0, 1, 0, 1, 1, 1, 1]","[1, 0, 1, 0, 1, 1, 1, 1]",1,1,1,1,1,0,1,0,0.9186053278145495,0.30749020775894703,,,,0.01,8,2,False,False,0.01
98,regular,psi,"[4, 6]","{4: 'equivocate', 6: 'equivocate'}",0,2,0,"[4, 6]",2,0,"[0, 0, 1, 0, 1, 0, 1, 0, 1, 0]","[1, 0, 1, 1, 1, 1, 1, 0]","[1, 0, 1, 0, 1, 0, 1, 0]",0,0,0,0,0,0,1,1,0.918605307888559,0.918605307888559,,,,0.01,8,2,False,False,0.01
99,regular,psi,"[1, 7]","{7: 'coherent_flip', 1: 'equivocate'}",1,1,0,[1],1,1,"[1, 1, 1, 1, 0, 0, 1, 1, 1, 1]","[0, 1, 0, 0, 1, 1, 0, 1]","[1, 1, 0, 0, 1, 1, 0, 1]",0,0,0,0,0,1,1,0,0.9186053398698146,0.30749019570368186,,,,0.01,8,2,False,False,0.01
100,verification,verification,"[2, 4]","{2: 'coherent_flip', 4: 'equivocate'}",1,1,0,[4],1,1,"[1, 1, 0, 0, 0, 0, 1, 0, 0, 1]","[0, 1, 0, 1, 1, 0, 0, 1]","[0, 1, 0, 0, 1, 0, 0, 1]",0,0,0,0,1,0,1,0,,,Psi+,False,0.02616540792854707,0.01,8,2,False,False,0.01
101,regular,psi,"[6, 7]","{7: 'withhold', 6: 'equivocate'}",0,1,1,"[6, 7]",2,0,"[0, 1, 0, 0, 0, 1, 1, 1, 0, 0]","[0, 0, 0, 1, 1, 0, 0, 0]","[0, 0, 0, 1, 1, 1, 0, 0]",1,1,0,1,1,1,0,1,0.4624186592657895,0.9186052929341242,,,,0.01,8,2,False,False,0.01
102,regular,psi,"[1, 6]","{6: 'equivocate', 1: 'equivocate'}",0,2,0,"[1, 6]",2,0,"[1, 1, 1, 0, 1, 1, 1, 1, 1, 1]","[0, 0, 1, 1, 1, 0, 1, 1]","[1, 0, 1, 1, 1, 1, 1, 1]",0,1,1,0,0,1,0,1,0.3114857484686063,0.9186053427689833,,,,0.01,8,2,False,False,0.01
103,regular,psi,"[5, 6]","{5: 'equivocate', 6: 'withhold'}",0,1,1,"[5, 6]",2,0,"[1, 1, 1, 0, 0, 1, 1, 1, 1, 1]","[1, 0, 0, 1, 0, 1, 1, 1]","[1, 0, 0, 1, 1, 1, 1, 1]",0,0,0,1,0,0,0,1,0.3074901845053303,0.9186053510681661,,,,0.01,8,2,False,False,0.01
104,regular,psi,"[5, 8]","{5: 'equivocate', 8: 'withhold'}",0,1,1,"[5, 8]",2,0,"[0, 0, 1, 1, 0, 1, 1, 1, 0, 0]","[1, 1, 0, 1, 0, 1, 0, 0]","[1, 1, 0, 1, 1, 1, 0, 0]",1,0,1,1,1,0,0,1,0.30749019399034055,0.9186053199438239,,,,0.01,8,2,False,False,0.01
105,regular,psi,"[3, 4]","{4: 'withhold', 3: 'equivocate'}",0,1,1,"[3, 4]",2,0,"[0, 1, 0, 1, 1, 0, 1, 0, 1, 0]","[0, 1, 0, 0, 1, 0, 1, 0]","[0, 1, 1, 0, 1, 0, 1, 0]",0,1,0,0,0,1,0,1,0.3074901765479431,0.9186053047342604,,,,0.01,8,2,False,False,0.01
106,verification,verification,"[4, 5]","{4: 'withhold', 5: 'equivocate'}",0,1,1,"[4, 5]",2,0,"[0, 1, 0, 1, 1, 0, 1, 0, 0, 0]","[0, 1, 1, 0, 0, 0, 0, 0]","[0, 1, 1, 0, 1, 0, 0, 0]",0,0,0,1,0,0,0,1,,,Phi+,True,0.9215037948341309,0.01,8,2,False,False,0.01
107,regular,psi,"[3, 6]","{3: 'coherent_flip', 6: 'coherent_flip'}",2,0,0,[],0,2,"[0, 1, 0, 1, 1, 1, 1, 1, 1, 0]","[0, 1, 0, 1, 1, 0, 1, 0]","[0, 1, 0, 1, 1, 0, 1, 0]",0,1,1,0,1,0,0,0,0.3114857804651639,0.3114857804651639,,,,0.01,8,2,False,False,0.01
108,verification,verification,"[7, 8]","{7: 'coherent_flip', 8: 'equivocate'}",1,1,0,[8],1,1,"[0, 1, 0, 0, 1, 1, 1, 1, 0, 0]","[0, 0, 1, 1, 1, 1, 1, 1]","[0, 0, 1, 1, 1, 1, 1, 0]",1,0,0,1,1,1,0,0,,,Phi-,False,0.026165381853740906,0.01,8,2,False,False,0.01
109,regular,plus,"[2, 3]","{3: 'coherent_flip', 2: 'coherent_flip'}",2,0,0,[],0,2,"[1, 1, 0, 0, 0, 0, 1, 0, 0, 1]","[0, 1, 1, 0, 1, 0, 0, 1]","[0, 1, 1, 0, 1, 0, 0, 1]",0,0,1,1,1,1,0,0,0.047808915376663215,0.047808915376663215,,,,0.01,8,2,True,True,0.01
110,regular,psi,"[5, 6]","{5: 'equivocate', 6: 'equivocate'}",0,2,0,"[5, 6]",2,0,"[1, 1, 0, 0, 0, 1, 0, 0, 1, 1]","[0, 0, 0, 1, 1, 1, 1, 1]","[0, 0, 0, 1, 0, 0, 1, 1]",1,0,0,1,1,0,0,1,0.3114857600954144,0.9186053311421751,,,,0.01,8,2,False,False,0.01
111,regular,psi,"[7, 8]","{8: 'withhold', 7: 'equivocate'}",0,1,1,"[7, 8]",2,0,"[0, 0, 1, 0, 0, 0, 0, 0, 0, 0]","[1, 0, 0, 0, 0, 0, 1, 0]","[1, 0, 0, 0, 0, 0, 0, 0]",0,1,0,0,0,1,0,1,0.3074901711651812,0.9186053427689832,,,,0.01,8,2,False,False,0.01
112,regular,psi,"[1, 4]","{1: 'withhold', 4: 'equivocate'}",0,1,1,"[1, 4]",2,0,"[1, 1, 0, 0, 1, 1, 0, 1, 1, 1]","[0, 0, 1, 0, 0, 1, 1, 1]","[0, 0, 1, 1, 0, 1, 1, 1]",0,1,1,1,0,1,0,1,0.4624187431964049,0.9186053371698076,,,,0.01,8,2,False,False,0.01
113,regular,psi,"[1, 4]","{1: 'equivocate', 4: 'equivocate'}",0,2,0,"[1, 4]",2,0,"[1, 0, 0, 1, 0, 0, 1, 0, 1, 0]","[1, 1, 0, 1, 1, 0, 1, 0]","[0, 1, 0, 0, 1, 0, 1, 0]",1,1,0,0,1,1,0,1,0.31148577028028884,0.9186053278145495,,,,0.01,8,2,False,False,0.01
114,regular,psi,"[1, 8]","{8: 'equivocate', 1: 'equivocate'}",0,2,0,"[1, 8]",2,0,"[1, 0, 1, 1, 1, 0, 1, 1, 0, 0]","[0, 1, 1, 0, 1, 1, 0, 1]","[1, 1, 1, 0, 1, 1, 0, 0]",0,0,1,1,0,0,0,1,0.3114857380512212,0.9186053582186602,,,,0.01,8,2,False,False,0.01
115,regular,plus,"[1, 6]","{6: 'coherent_flip', 1: 'withhold'}",1,0,1,[1],1,1,"[1, 0, 0, 1, 0, 0, 1, 1, 1, 0]","[0, 1, 0, 0, 1, 0, 1, 0]","[0, 1, 0, 0, 1, 0, 1, 0]",0,1,1,1,1,1,0,0,0.9521910846233366,0.9521910846233366,,,,0.01,8,2,True,False,0.01
116,regular,psi,"[1, 2]","{1: 'equivocate', 2: 'equivocate'}",0,2,0,"[1, 2]",2,0,"[1, 1, 0, 1, 1, 1, 1, 1, 0, 1]","[1, 0, 1, 1, 1, 1, 0, 1]","[0, 1, 1, 1, 1, 1, 0, 1]",1,1,0,0,1,1,0,1,0.3114857339579289,0.9186053709941584,,,,0.01,8,2,False,False,0.01
117,regular,psi,"[2, 4]","{4: 'withhold', 2: 'equivocate'}",0,1,1,"[2, 4]",2,0,"[1, 1, 1, 1, 1, 1, 1, 1, 1, 0]","[1, 0, 1, 1, 1, 1, 1, 0]","[1, 1, 1, 1, 1, 1, 1, 0]",0,1,1,1,0,1,0,1,0.4624187053445664,0.9186053166161978,,,,0.01,8,2,False,False,0.01
118,regular,psi,"[1, 6]","{1: 'withhold', 6: 'equivocate'}",0,1,1,"[1, 6]",2,0,"[1, 1, 1, 0, 1, 1, 0, 0, 1, 0]","[1, 0, 1, 1, 0, 1, 1, 0]","[1, 0, 1, 1, 0, 0, 1, 0]",0,0,1,0,0,0,0,1,0.4624187027168051,0.9186053078885591,,,,0.01,8,2,False,False,0.01
119,regular,psi,"[5, 6]","{6: 'coherent_flip', 5: 'equivocate'}",1,1,0,[5],1,1,"[0, 1, 1, 0, 1, 0, 0, 1, 0, 0]","[1, 0, 1, 0, 1, 0, 0, 0]","[1, 0, 1, 0, 0, 0, 0, 0]",0,0,1,1,1,0,0,0,0.31148578190709725,0.46241868251940643,,,,0.01,8,2,False,False,0.01
120,regular,psi,"[4, 5]","{4: 'equivocate', 5: 'coherent_flip'}",1,1,0,[4],1,1,"[0, 1, 1, 1, 0, 1, 0, 1, 1, 0]","[1, 1, 0, 0, 1, 1, 1, 0]","[1, 1, 0, 1, 1, 1, 1, 0]",0,0,1,1,0,1,0,0,0.31148579540429533,0.30749024049757284,,,,0.01,8,2,False,False,0.01
121,regular,psi,"[4, 5]","{4: 'equivocate', 5: 'equivocate'}",0,2,0,"[4, 5]",2,0,"[1, 1, 0, 0, 0, 1, 1, 0, 1, 0]","[0, 0, 0, 0, 0, 0, 1, 0]","[0, 0, 0, 1, 1, 0, 1, 0]",0,1,1,0,0,1,0,1,0.3114857433618362,0.918605341018505,,,,0.01,8,2,False,False,0.01
122,regular,psi,"[2, 6]","{2: 'withhold', 6: 'equivocate'}",0,1,1,"[2, 6]",2,0,"[0, 1, 0, 1, 1, 1, 0, 1, 0, 1]","[0, 1, 1, 1, 0, 0, 0, 1]","[0, 1, 1, 1, 0, 1, 0, 1]",1,1,0,1,1,1,0,1,0.46241869108999706,0.9186052962617509,,,,0.01,8,2,False,False,0.01
123,regular,psi,"[2, 5]","{5: 'equivocate', 2: 'equivocate'}",0,2,0,"[2, 5]",2,0,"[0, 1, 1, 1, 0, 1, 0, 0, 1, 0]","[1, 0, 0, 1, 1, 0, 1, 0]","[1, 1, 0, 1, 0, 0, 1, 0]",1,0,0,1,1,0,0,1,0.3114857707087456,0.9186053049893894,,,,0.01,8,2,False,False,0.01
124,regular,psi,"[5, 6]","{5: 'equivocate', 6: 'coherent_flip'}",1,1,0,[5],1,1,"[1, 0, 0, 1, 1, 0, 1, 0, 1, 0]","[0, 1, 1, 0, 0, 1, 1, 0]","[0, 1, 1, 0, 1, 1, 1, 0]",1,0,0,1,0,0,0,0,0.31148574924957395,0.46241870986357453,,,,0.01,8,2,False,False,0.01
125,regular,psi,"[7, 8]","{7: 'coherent_flip', 8: 'equivocate'}",1,1,0,[8],1,1,"[1, 0, 1, 1, 0, 1, 0, 1, 1, 1]","[1, 1, 0, 1, 0, 1, 0, 0]","[1, 1, 0, 1, 0, 1, 0, 1]",0,1,1,0,0,0,0,0,0.3114857372702551,0.30749018236353254,,,,0.01,8,2,False,False,0.01
126,regular,psi,"[3, 4]","{4: 'withhold', 3: 'withhold'}",0,0,2,"[3, 4]",2,0,"[1, 1, 1, 1, 0, 0, 1, 1, 0, 1]","[1, 1, 0, 0, 1, 1, 0, 1]","[1, 1, 0, 0, 1, 1, 0, 1]",0,1,0,1,0,1,1,1,0.9186053201580522,0.9186053201580522,,,,0.01,8,2,False,False,0.01
127,regular,psi,"[3, 8]","{8: 'equivocate', 3: 'withhold'}",0,1,1,"[3, 8]",2,0,"[0, 0, 0, 1, 1, 1, 1, 1, 1, 0]","[0, 1, 1, 1, 1, 1, 1, 1]","[0, 1, 1, 1, 1, 1, 1, 0]",1,1,0,1,1,1,0,1,0.46241870478547037,0.9186053047342604,,,,0.01,8,2,False,False,0.01
128,verification,verification,"[6, 7]","{7: 'coherent_flip', 6: 'equivocate'}",1,1,0,[6],1,1,"[1, 1, 0, 1, 1, 1, 1, 1, 0, 1]","[0, 1, 1, 1, 1, 0, 1, 1]","[0, 1, 1, 1, 1, 1, 1, 1]",1,1,0,0,1,0,0,0,,,Phi-,False,0.026165381853740906,0.01,8,2,False,False,0.01
129,regular,psi,"[5, 8]","{5: 'withhold', 8: 'coherent_flip'}",1,0,1,[5],1,1,"[1, 1, 0, 1, 1, 1, 1, 1, 1, 1]","[0, 1, 1, 1, 1, 1, 1, 0]","[0, 1, 1, 1, 1, 1, 1, 0]",1,0,0,0,0,0,0,0,0.4624187098635745,0.4624187098635745,,,,0.01,8,2,False,False,0.01
130,regular,psi,"[6, 7]","{6: 'equivocate', 7: 'coherent_flip'}",1,1,0,[6],1,1,"[1, 1, 0, 0, 0, 0, 1, 0, 0, 0]","[0, 0, 0, 0, 1, 1, 1, 0]","[0, 0, 0, 0, 1, 0, 1, 0]",1,0,0,1,1,1,0,0,0.31148576323917915,0.3074902266982735,,,,0.01,8,2,False,False,0.01
131,regular,zero,"[5, 8]","{5: 'withhold', 8: 'coherent_flip'}",1,0,1,[5],1,1,"[1, 0, 0, 0, 0, 1, 0, 0, 1, 0]","[0, 0, 0, 1, 0, 0, 1, 1]","[0, 0, 0, 1, 0, 0, 1, 1]",1,0,0,0,0,0,0,0,0.04780893099023299,0.04780893099023299,,,,0.01,8,2,True,True,0.01
132,regular,psi,"[2, 3]","{3: 'coherent_flip', 2: 'withhold'}",1,0,1,[2],1,1,"[1, 0, 1, 1, 0, 1, 0, 0, 1, 1]","[1, 1, 1, 1, 0, 0, 1, 1]","[1, 1, 1, 1, 0, 0, 1, 1]",1,1,1,0,1,0,0,0,0.30749020733049026,0.30749020733049026,,,,0.01,8,2,False,False,0.01
133,regular,psi,"[4, 5]","{4: 'equivocate', 5: 'coherent_flip'}",1,1,0,[4],1,1,"[0, 1, 1, 1, 1, 1, 0, 0, 1, 0]","[1, 1, 1, 0, 1, 0, 1, 0]","[1, 1, 1, 1, 1, 0, 1, 0]",1,1,0,0,1,0,0,0,0.31148575908193715,0.30749021895729867,,,,0.01,8,2,False,False,0.01
134,regular,psi,"[1, 2]","{2: 'equivocate', 1: 'equivocate'}",0,2,0,"[1, 2]",2,0,"[1, 1, 0, 1, 1, 0, 1, 1, 1, 1]","[1, 0, 1, 0, 1, 1, 1, 1]","[0, 1, 1, 0, 1, 1, 1, 1]",0,0,1,1,0,0,0,1,0.311485747026672,0.9186053510681662,,,,0.01,8,2,False,False,0.01
135,regular,psi,"[5, 8]","{8: 'withhold', 5: 'equivocate'}",0,1,1,"[5, 8]",2,0,"[0, 0, 0, 1, 1, 0, 1, 0, 0, 0]","[0, 1, 1, 0, 0, 0, 0, 0]","[0, 1, 1, 0, 1, 0, 0, 0]",1,0,1,1,1,0,0,1,0.30749024435271505,0.9186053128601146,,,,0.01,8,2,False,False,0.01
136,regular,psi,"[3, 8]","{8: 'equivocate', 3: 'coherent_flip'}",1,1,0,[8],1,1,"[1, 0, 0, 1, 0, 1, 0, 1, 1, 0]","[0, 1, 1, 1, 0, 1, 1, 1]","[0, 1, 1, 1, 0, 1, 1, 0]",1,0,0,1,1,1,0,0,0.3114857600954144,0.30749018279198925,,,,0.01,8,2,False,False,0.01
137,regular,psi,"[2, 8]","{2: 'coherent_flip', 8: 'equivocate'}",1,1,0,[8],1,1,"[1, 0, 0, 1, 1, 1, 1, 1, 1, 0]","[0, 0, 1, 1, 1, 1, 1, 1]","[0, 0, 1, 1, 1, 1, 1, 0]",1,0,1,0,0,0,1,0,0.9186053510681662,0.4624187173998316,,,,0.01,8,2,False,False,0.01
138,regular,psi,"[3, 5]","{5: 'coherent_flip', 3: 'equivocate'}",1,1,0,[3],1,1,"[1, 0, 1, 1, 1, 0, 0, 0, 0, 0]","[1, 1, 0, 0, 1, 0, 0, 0]","[1, 1, 1, 0, 1, 0, 0, 0]",1,1,1,1,1,0,1,0,0.9186053653949824,0.30749019181784715,,,,0.01,8,2,False,False,0.01
139,regular,psi,"[1, 4]","{1: 'equivocate', 4: 'withhold'}",0,1,1,"[1, 4]",2,0,"[0, 1, 1, 1, 1, 0, 0, 0, 1, 1]","[0, 1, 1, 0, 0, 0, 1, 1]","[1, 1, 1, 0, 0, 0, 1, 1]",1,1,1,0,1,1,0,1,0.3074902439242582,0.9186053132885714,,,,0.01,8,2,False,False,0.01
140,regular,psi,"[5, 7]","{7: 'withhold', 5: 'equivocate'}",0,1,1,"[5, 7]",2,0,"[1, 1, 1, 1, 1, 1, 1, 0, 0, 0]","[1, 1, 1, 1, 0, 0, 0, 0]","[1, 1, 1, 1, 1, 0, 0, 0]",1,0,1,1,1,0,0,1,0.3074902322974495,0.9186053249153803,,,,0.01,8,2,False,False,0.01
141,regular,psi,"[2, 4]","{2: 'withhold', 4: 'coherent_flip'}",1,0,1,[2],1,1,"[1, 0, 0, 0, 0, 0, 0, 0, 1, 1]","[0, 0, 0, 1, 0, 0, 1, 1]","[0, 0, 0, 1, 0, 0, 1, 1]",1,0,0,0,0,0,0,0,0.46241872902664005,0.46241872902664005,,,,0.01,8,2,False,False,0.01
142,regular,psi,"[2, 3]","{3: 'coherent_flip', 2: 'coherent_flip'}",2,0,0,[],0,2,"[1, 1, 0, 0, 1, 1, 0, 0, 0, 0]","[0, 1, 0, 1, 0, 0, 0, 0]","[0, 1, 0, 1, 0, 0, 0, 0]",0,0,1,1,1,1,0,0,0.31148578334903054,0.31148578334903054,,,,0.01,8,2,False,False,0.01
143,regular,psi,"[3, 5]","{5: 'coherent_flip', 3: 'equivocate'}",1,1,0,[3],1,1,"[0, 1, 1, 0, 0, 0, 0, 0, 1, 0]","[1, 0, 1, 0, 1, 0, 1, 0]","[1, 0, 0, 0, 1, 0, 1, 0]",1,0,1,0,1,1,1,0,0.9186053195153672,0.3074901944187973,,,,0.01,8,2,False,False,0.01
144,verification,verification,"[3, 8]","{3: 'equivocate', 8: 'equivocate'}",0,2,0,"[3, 8]",2,0,"[1, 0, 1, 0, 0, 1, 0, 1, 0, 0]","[1, 0, 1, 1, 0, 1, 0, 1]","[1, 0, 0, 1, 0, 1, 0, 0]",0,0,1,1,0,0,0,1,,,Phi+,True,0.9215038097352926,0.01,8,2,False,False,0.01
145,regular,psi,"[3, 4]","{4: 'coherent_flip', 3: 'coherent_flip'}",2,0,0,[],0,2,"[0, 1, 0, 0, 1, 0, 0, 0, 1, 1]","[0, 0, 0, 1, 0, 0, 1, 1]","[0, 0, 0, 1, 0, 0, 1, 1]",0,0,1,1,1,1,0,0,0.3114858066026467,0.3114858066026467,,,,0.01,8,2,False,False,0.01
146,regular,psi,"[1, 4]","{1: 'coherent_flip', 4: 'coherent_flip'}",2,0,0,[],0,2,"[1, 0, 0, 1, 1, 1, 0, 1, 0, 0]","[1, 1, 1, 0, 0, 1, 0, 0]","[1, 1, 1, 0, 0, 1, 0, 0]",1,0,0,1,0,1,0,0,0.3114857600954144,0.3114857600954144,,,,0.01,8,2,False,False,0.01
147,regular,psi,"[6, 8]","{8: 'withhold', 6: 'equivocate'}",0,1,1,"[6, 8]",2,0,"[1, 1, 1, 1, 1, 1, 1, 0, 0, 1]","[1, 1, 1, 1, 1, 1, 0, 1]","[1, 1, 1, 1, 1, 0, 0, 1]",0,0,1,0,0,0,0,1,0.4624186851471672,0.9186053249153803,,,,0.01,8,2,False,False,0.01
148,regular,psi,"[3, 7]","{7: 'equivocate', 3: 'coherent_flip'}",1,1,0,[7],1,1,"[1, 1, 1, 1, 0, 1, 1, 0, 1, 0]","[1, 1, 1, 1, 1, 0, 0, 0]","[1, 1, 1, 1, 1, 0, 1, 0]",1,0,1,0,1,1,1,0,0.9186053582186602,0.30749018266819156,,,,0.01,8,2,False,False,0.01
149,regular,psi,"[2, 6]","{2: 'equivocate', 6: 'equivocate'}",0,2,0,"[2, 6]",2,0,"[0, 0, 0, 0, 1, 1, 1, 0, 0, 1]","[0, 1, 1, 1, 1, 1, 0, 1]","[0, 0, 1, 1, 1, 0, 0, 1]",0,0,0,0,0,0,1,1,0.9186053184592906,0.9186053184592906,,,,0.01,8,2,False,False,0.01
0,regular,psi,"[2, 7]","{2: 'coherent_flip', 7: 'coherent_flip'}",2,0,0,[],0,2,"[0, 1, 1, 1, 1, 0, 1, 0, 0, 1]","[1, 0, 1, 0, 1, 0, 1, 1]","[1, 0, 1, 0, 1, 0, 1, 1]",1,1,0,0,0,0,0,0,0.3296849435550554,0.3296849435550554,,,,0.02,8,2,False,False,0.02
1,regular,psi,"[2, 7]","{2: 'withhold', 7: 'withhold'}",0,0,2,"[2, 7]",2,0,"[0, 0, 1, 0, 1, 1, 0, 1, 1, 0]","[1, 0, 1, 1, 0, 1, 1, 0]","[1, 0, 1, 1, 0, 1, 1, 0]",0,1,0,1,0,1,1,1,0.8781931245290535,0.8781931245290535,,,,0.02,8,2,False,False,0.02
2,verification,verification,"[7, 8]","{8: 'withhold', 7: 'withhold'}",0,0,2,"[7, 8]",2,0,"[1, 0, 0, 0, 1, 0, 1, 0, 0, 1]","[0, 0, 1, 0, 1, 0, 0, 1]","[0, 0, 1, 0, 1, 0, 0, 1]",1,1,1,1,1,1,1,1,,,Phi+,True,0.8505486868240135,0.02,8,2,False,False,0.02
3,regular,plus,"[4, 6]","{4: 'withhold', 6: 'withhold'}",0,0,2,"[4, 6]",2,0,"[0, 0, 0, 0, 0, 0, 0, 0, 0, 1]","[0, 0, 0, 0, 0, 0, 0, 1]","[0, 0, 0, 0, 0, 0, 0, 1]",1,0,1,0,1,0,1,1,0.9085364341735839,0.9085364341735839,,,,0.02,8,2,True,False,0.02
4,regular,psi,"[5, 8]","{5: 'equivocate', 8: 'coherent_flip'}",1,1,0,[5],1,1,"[0, 1, 1, 0, 0, 0, 0, 0, 0, 1]","[1, 0, 0, 0, 1, 0, 0, 0]","[1, 0, 0, 0, 0, 0, 0, 0]",0,1,1,0,1,1,0,0,0.32968493795587955,0.4660468063415133,,,,0.02,8,2,False,False,0.02
5,regular,psi,"[7, 8]","{8: 'equivocate', 7: 'equivocate'}",0,2,0,"[7, 8]",2,0,"[1, 0, 0, 1, 1, 0, 0, 1, 1, 1]","[0, 1, 1, 0, 0, 1, 0, 0]","[0, 1, 1, 0, 0, 1, 1, 1]",1,1,0,0,1,1,0,1,0.3296849548033801,0.878193121537795,,,,0.02,8,2,False,False,0.02
6,regular,psi,"[6, 7]","{6: 'equivocate', 7: 'equivocate'}",0,2,0,"[6, 7]",2,0,"[1, 0, 0, 0, 1, 1, 0, 0, 0, 1]","[0, 0, 1, 1, 0, 1, 1, 1]","[0, 0, 1, 1, 0, 0, 0, 1]",0,0,1,1,0,0,0,1,0.32968494920420416,0.8781931159386189,,,,0.02,8,2,False,False,0.02
7,regular,psi,"[3, 5]","{3: 'equivocate', 5: 'equivocate'}",0,2,0,"[3, 5]",2,0,"[1, 1, 1, 1, 1, 1, 0, 1, 1, 1]","[1, 1, 0, 1, 1, 1, 1, 1]","[1, 1, 1, 1, 0, 1, 1, 1]",1,0,1,0,1,0,1,1,0.8781931275654278,0.8781931275654278,,,,0.02,8,2,False,False,0.02
8,regular,psi,"[3, 4]","{4: 'withhold', 3: 'equivocate'}",0,1,1,"[3, 4]",2,0,"[1, 1, 1, 0, 1, 0, 1, 1, 0, 0]","[1, 0, 0, 0, 1, 1, 0, 0]","[1, 0, 1, 0, 1, 1, 0, 0]",0,0,0,1,0,0,0,1,0.3260751011481731,0.878193115938619,,,,0.02,8,2,False,False,0.02
9,regular,psi,"[2, 8]","{8: 'equivocate', 2: 'coherent_flip'}",1,1,0,[8],1,1,"[1, 1, 1, 0, 1, 1, 0, 1, 0, 0]","[1, 1, 1, 1, 0, 1, 0, 1]","[1, 1, 1, 1, 0, 1, 0, 0]",1,1,1,1,0,1,1,0,0.8781931285149567,0.4660467978790487,,,,0.02,8,2,False,False,0.02
10,regular,psi,"[2, 4]","{2: 'coherent_flip', 4: 'withhold'}",1,0,1,[4],1,1,"[0, 1, 0, 1, 0, 0, 1, 0, 1, 1]","[0, 0, 0, 0, 1, 0, 1, 1]","[0, 0, 0, 0, 1, 0, 1, 1]",1,0,0,0,0,0,0,0,0.46604680390668146,0.46604680390668146,,,,0.02,8,2,False,False,0.02
11,regular,psi,"[2, 6]","{2: 'equivocate', 6: 'equivocate'}",0,2,0,"[2, 6]",2,0,"[1, 1, 0, 1, 0, 0, 1, 1, 0, 1]","[0, 0, 0, 0, 1, 0, 0, 1]","[0, 1, 0, 0, 1, 1, 0, 1]",0,0,0,0,0,0,1,1,0.8781931285149566,0.8781931285149566,,,,0.02,8,2,False,False,0.02
12,verification,verification,"[2, 8]","{8: 'coherent_flip', 2: 'coherent_flip'}",2,0,0,[],0,2,"[1, 0, 0, 1, 0, 1, 1, 1, 1, 0]","[0, 0, 0, 1, 1, 1, 1, 1]","[0, 0, 0, 1, 1, 1, 1, 1]",1,1,1,1,1,1,1,1,,,Psi+,False,0.8505486633587728,0.02,8,2,False,False,0.02
13,regular,psi,"[3, 7]","{3: 'withhold', 7: 'withhold'}",0,0,2,"[3, 7]",2,0,"[0, 1, 1, 1, 1, 0, 1, 0, 0, 1]","[1, 1, 1, 0, 1, 0, 0, 1]","[1, 1, 1, 0, 1, 0, 0, 1]",1,1,1,1,1,1,1,1,0.8781931153925189,0.8781931153925189,,,,0.02,8,2,False,False,0.02
14,regular,psi,"[7, 8]","{7: 'equivocate', 8: 'equivocate'}",0,2,0,"[7, 8]",2,0,"[0, 1, 0, 1, 1, 1, 1, 1, 0, 0]","[0, 1, 1, 1, 1, 1, 1, 1]","[0, 1, 1, 1, 1, 1, 0, 0]",0,0,1,1,0,0,0,1,0.3296849375773955,0.8781931275654278,,,,0.02,8,2,False,False,0.02
15,regular,psi,"[1, 3]","{3: 'equivocate', 1: 'equivocate'}",0,2,0,"[1, 3]",2,0,"[0, 1, 1, 0, 0, 1, 0, 1, 1, 0]","[0, 0, 1, 1, 0, 1, 1, 0]","[1, 0, 0, 1, 0, 1, 1, 0]",1,0,1,0,1,0,1,1,0.8781930718040204,0.8781930718040204,,,,0.02,8,2,False,False,0.02
16,regular,psi,"[5, 7]","{7: 'coherent_flip', 5: 'equivocate'}",1,1,0,[5],1,1,"[1, 1, 1, 1, 0, 1, 1, 0, 1, 0]","[1, 1, 0, 1, 0, 0, 0, 0]","[1, 1, 0, 1, 1, 0, 0, 0]",1,0,1,0,1,1,1,0,0.8781931401417654,0.3260751365496714,,,,0.02,8,2,False,False,0.02
17,regular,psi,"[3, 7]","{7: 'withhold', 3: 'equivocate'}",0,1,1,"[3, 7]",2,0,"[0, 0, 1, 1, 0, 1, 1, 0, 1, 1]","[1, 1, 1, 1, 1, 0, 1, 1]","[1, 1, 0, 1, 1, 0, 1, 1]",1,1,1,0,1,1,0,1,0.3260751067473491,0.878193110339443,,,,0.02,8,2,False,False,0.02
18,regular,psi,"[5, 6]","{6: 'withhold', 5: 'withhold'}",0,0,2,"[5, 6]",2,0,"[1, 1, 0, 0, 0, 0, 0, 1, 0, 0]","[0, 0, 0, 0, 0, 1, 0, 0]","[0, 0, 0, 0, 0, 1, 0, 0]",0,1,0,1,0,1,1,1,0.8781931153925189,0.8781931153925189,,,,0.02,8,2,False,False,0.02
19,verification,verification,"[6, 7]","{7: 'withhold', 6: 'equivocate'}",0,1,1,"[6, 7]",2,0,"[0, 1, 1, 0, 1, 0, 1, 0, 1, 0]","[1, 0, 1, 0, 1, 1, 1, 0]","[1, 0, 1, 0, 1, 0, 1, 0]",1,0,0,0,1,0,0,1,,,Psi+,False,0.8505486823700172,0.02,8,2,False,False,0.02
20,regular,psi,"[1, 3]","{3: 'equivocate', 1: 'withhold'}",0,1,1,"[1, 3]",2,0,"[1, 1, 0, 0, 0, 0, 0, 1, 0, 1]","[0, 0, 1, 0, 0, 1, 0, 1]","[0, 0, 0, 0, 0, 1, 0, 1]",1,1,1,0,1,1,0,1,0.3260751403100885,0.8781931153925189,,,,0.02,8,2,False,False,0.02
21,regular,psi,"[6, 7]","{7: 'coherent_flip', 6: 'coherent_flip'}",2,0,0,[],0,2,"[0, 0, 0, 0, 0, 1, 1, 0, 0, 0]","[0, 0, 0, 1, 1, 1, 1, 0]","[0, 0, 0, 1, 1, 1, 1, 0]",1,1,0,0,0,0,0,0,0.3296849127388924,0.3296849127388924,,,,0.02,8,2,False,False,0.02
22,regular,psi,"[3, 6]","{6: 'equivocate', 3: 'coherent_flip'}",1,1,0,[6],1,1,"[1, 1, 0, 0, 0, 0, 1, 0, 0, 0]","[0, 0, 1, 0, 1, 1, 0, 0]","[0, 0, 1, 0, 1, 0, 0, 0]",1,0,0,1,1,1,0,0,0.3296849436050282,0.32607510674734913,,,,0.02,8,2,False,False,0.02
23,verification,verification,"[2, 3]","{3: 'withhold', 2: 'coherent_flip'}",1,0,1,[3],1,1,"[0, 1, 1, 1, 0, 0, 0, 1, 1, 1]","[1, 0, 0, 0, 0, 1, 1, 1]","[1, 0, 0, 0, 0, 1, 1, 1]",0,0,1,0,1,0,0,0,,,Psi+,False,0.04981711836031928,0.02,8,2,False,False,0.02
24,regular,psi,"[1, 7]","{7: 'coherent_flip', 1: 'equivocate'}",1,1,0,[1],1,1,"[0, 1, 0, 1, 0, 1, 1, 0, 1, 0]","[1, 1, 0, 1, 1, 0, 0, 0]","[0, 1, 0, 1, 1, 0, 0, 0]",1,0,1,0,1,1,1,0,0.8781931401417654,0.32607513654967146,,,,0.02,8,2,False,False,0.02
25,verification,verification,"[4, 8]","{8: 'withhold', 4: 'equivocate'}",0,1,1,"[4, 8]",2,0,"[0, 0, 1, 0, 1, 0, 0, 0, 1, 1]","[1, 0, 1, 1, 0, 0, 1, 1]","[1, 0, 1, 0, 0, 0, 1, 1]",1,1,0,1,1,1,0,1,,,Phi+,True,0.8505486868240135,0.02,8,2,False,False,0.02
26,regular,psi,"[1, 8]","{1: 'withhold', 8: 'withhold'}",0,0,2,"[1, 8]",2,0,"[0, 1, 0, 1, 1, 1, 0, 1, 1, 0]","[0, 1, 1, 1, 0, 1, 1, 0]","[0, 1, 1, 1, 0, 1, 1, 0]",0,0,0,0,0,0,1,1,0.8781931275654278,0.8781931275654278,,,,0.02,8,2,False,False,0.02
27,verification,verification,"[5, 8]","{5: 'equivocate', 8: 'equivocate'}",0,2,0,"[5, 8]",2,0,"[1, 1, 0, 0, 1, 1, 1, 1, 1, 1]","[0, 0, 1, 1, 0, 1, 1, 0]","[0, 0, 1, 1, 1, 1, 1, 1]",0,0,1,1,0,0,0,1,,,Phi-,False,0.8505486719228526,0.02,8,2,False,False,0.02
28,regular,psi,"[1, 5]","{1: 'equivocate', 5: 'coherent_flip'}",1,1,0,[1],1,1,"[1, 1, 0, 0, 0, 0, 0, 0, 0, 0]","[1, 0, 0, 0, 1, 0, 0, 0]","[0, 0, 0, 0, 1, 0, 0, 0]",1,1,1,1,1,0,1,0,0.8781931153925189,0.3260751403100885,,,,0.02,8,2,False,False,0.02
29,regular,psi,"[2, 7]","{7: 'equivocate', 2: 'withhold'}",0,1,1,"[2, 7]",2,0,"[1, 1, 0, 1, 1, 1, 0, 0, 1, 0]","[0, 1, 1, 1, 0, 0, 0, 0]","[0, 1, 1, 1, 0, 0, 1, 0]",1,1,1,0,1,1,0,1,0.3260751032011596,0.8781931348744617,,,,0.02,8,2,False,False,0.02
30,regular,psi,"[3, 7]","{7: 'coherent_flip', 3: 'withhold'}",1,0,1,[3],1,1,"[0, 0, 1, 1, 0, 1, 0, 1, 0, 0]","[1, 1, 0, 1, 0, 1, 1, 0]","[1, 1, 0, 1, 0, 1, 1, 0]",1,1,1,0,1,0,0,0,0.32607515526885644,0.32607515526885644,,,,0.02,8,2,False,False,0.02
31,verification,verification,"[6, 7]","{6: 'coherent_flip', 7: 'coherent_flip'}",2,0,0,[],0,2,"[1, 1, 1, 0, 0, 0, 0, 0, 1, 0]","[1, 0, 0, 0, 0, 1, 0, 0]","[1, 0, 0, 0, 0, 1, 0, 0]",1,1,0,0,0,0,0,0,,,Phi+,True,0.049817140019702576,0.02,8,2,False,False,0.02
32,regular,plus,"[4, 8]","{8: 'coherent_flip', 4: 'equivocate'}",1,1,0,[4],1,1,"[1, 0, 1, 1, 0, 1, 0, 1, 1, 0]","[1, 1, 0, 0, 0, 1, 1, 1]","[1, 1, 0, 1, 0, 1, 1, 1]",1,1,1,1,0,1,1,0,0.9085364639759064,0.9085364639759064,,,,0.02,8,2,True,False,0.02
33,regular,psi,"[1, 4]","{1: 'equivocate', 4: 'withhold'}",0,1,1,"[1, 4]",2,0,"[0, 0, 1, 0, 0, 0, 0, 1, 1, 0]","[0, 0, 0, 0, 0, 1, 1, 0]","[1, 0, 0, 0, 0, 1, 1, 0]",1,0,1,1,1,0,0,1,0.3260751772047846,0.8781930961248067,,,,0.02,8,2,False,False,0.02
34,regular,psi,"[3, 6]","{6: 'equivocate', 3: 'equivocate'}",0,2,0,"[3, 6]",2,0,"[0, 1, 0, 1, 1, 1, 0, 0, 0, 1]","[0, 1, 0, 1, 0, 1, 0, 1]","[0, 1, 1, 1, 0, 0, 0, 1]",0,1,1,0,0,1,0,1,0.32968492510100234,0.8781931412339672,,,,0.02,8,2,False,False,0.02
35,regular,psi,"[1, 8]","{8: 'equivocate', 1: 'equivocate'}",0,2,0,"[1, 8]",2,0,"[0, 1, 1, 0, 0, 1, 1, 1, 0, 0]","[0, 0, 0, 1, 1, 1, 0, 1]","[1, 0, 0, 1, 1, 1, 0, 0]",1,0,0,1,1,0,0,1,0.3296849436050282,0.878193110339443,,,,0.02,8,2,False,False,0.02
36,regular,psi,"[1, 3]","{1: 'withhold', 3: 'withhold'}",0,0,2,"[1, 3]",2,0,"[0, 0, 1, 0, 0, 0, 0, 1, 0, 1]","[1, 0, 0, 0, 0, 1, 0, 1]","[1, 0, 0, 0, 0, 1, 0, 1]",0,1,0,1,0,1,1,1,0.8781930961248067,0.8781930961248067,,,,0.02,8,2,False,False,0.02
37,verification,verification,"[1, 4]","{4: 'withhold', 1: 'withhold'}",0,0,2,"[1, 4]",2,0,"[1, 1, 0, 1, 1, 1, 1, 1, 1, 0]","[0, 1, 1, 1, 1, 1, 1, 0]","[0, 1, 1, 1, 1, 1, 1, 0]",0,0,0,0,0,0,1,1,,,Phi+,True,0.8505486868240135,0.02,8,2,False,False,0.02
38,regular,psi,"[1, 8]","{8: 'coherent_flip', 1: 'equivocate'}",1,1,0,[1],1,1,"[1, 0, 1, 1, 0, 1, 1, 0, 1, 0]","[0, 1, 0, 1, 1, 0, 1, 1]","[1, 1, 0, 1, 1, 0, 1, 1]",0,0,1,1,1,0,0,0,0.32968493795587955,0.4660468063415133,,,,0.02,8,2,False,False,0.02
39,regular,psi,"[5, 8]","{8: 'equivocate', 5: 'equivocate'}",0,2,0,"[5, 8]",2,0,"[1, 1, 1, 0, 1, 0, 0, 1, 0, 1]","[1, 0, 1, 0, 1, 1, 0, 0]","[1, 0, 1, 0, 0, 1, 0, 1]",1,1,0,0,1,1,0,1,0.3296849435550554,0.8781931153925189,,,,0.02,8,2,False,False,0.02
40,verification,verification,"[2, 8]","{2: 'coherent_flip', 8: 'coherent_flip'}",2,0,0,[],0,2,"[0, 0, 1, 1, 0, 1, 1, 1, 1, 1]","[1, 0, 0, 1, 1, 1, 1, 0]","[1, 0, 0, 1, 1, 1, 1, 0]",0,1,0,1,0,1,1,1,,,Phi+,True,0.8505486633587728,0.02,8,2,False,False,0.02
41,regular,psi,"[4, 7]","{7: 'coherent_flip', 4: 'withhold'}",1,0,1,[4],1,1,"[1, 0, 0, 1, 0, 1, 1, 1, 1, 0]","[0, 1, 0, 1, 1, 1, 0, 0]","[0, 1, 0, 1, 1, 1, 0, 0]",1,1,1,0,1,0,0,0,0.3260751011481732,0.3260751011481732,,,,0.02,8,2,False,False,0.02
42,regular,psi,"[1, 4]","{4: 'withhold', 1: 'coherent_flip'}",1,0,1,[4],1,1,"[0, 1, 0, 0, 0, 1, 1, 0, 1, 0]","[1, 0, 0, 1, 1, 0, 1, 0]","[1, 0, 0, 1, 1, 0, 1, 0]",0,0,0,1,0,1,0,0,0.3260751403100885,0.3260751403100885,,,,0.02,8,2,False,False,0.02
43,regular,psi,"[4, 7]","{4: 'withhold', 7: 'coherent_flip'}",1,0,1,[4],1,1,"[0, 0, 1, 0, 0, 1, 1, 1, 0, 0]","[1, 0, 0, 1, 1, 1, 1, 0]","[1, 0, 0, 1, 1, 1, 1, 0]",0,0,0,1,0,1,0,0,0.32607513654967146,0.32607513654967146,,,,0.02,8,2,False,False,0.02
44,regular,psi,"[1, 5]","{1: 'coherent_flip', 5: 'equivocate'}",1,1,0,[5],1,1,"[1, 1, 1, 1, 0, 1, 0, 1, 1, 1]","[0, 1, 0, 1, 1, 1, 1, 1]","[0, 1, 0, 1, 0, 1, 1, 1]",1,1,1,1,1,0,1,0,0.8781931159386189,0.3260751011481731,,,,0.02,8,2,False,False,0.02
45,regular,psi,"[1, 4]","{1: 'withhold', 4: 'equivocate'}",0,1,1,"[1, 4]",2,0,"[1, 0, 1, 0, 0, 0, 1, 0, 1, 0]","[1, 0, 0, 1, 1, 0, 1, 0]","[1, 0, 0, 0, 1, 0, 1, 0]",0,0,1,0,0,0,0,1,0.4660468095058574,0.8781931401417654,,,,0.02,8,2,False,False,0.02
46,regular,psi,"[2, 7]","{2: 'withhold', 7: 'equivocate'}",0,1,1,"[2, 7]",2,0,"[0, 1, 1, 0, 1, 1, 1, 0, 1, 0]","[1, 0, 1, 1, 1, 0, 0, 0]","[1, 0, 1, 1, 1, 0, 1, 0]",0,0,0,1,0,0,0,1,0.3260751403100885,0.8781931153925189,,,,0.02,8,2,False,False,0.02
47,regular,psi,"[4, 8]","{4: 'equivocate', 8: 'equivocate'}",0,2,0,"[4, 8]",2,0,"[1, 0, 1, 1, 0, 1, 0, 1, 1, 0]","[1, 1, 0, 0, 0, 1, 1, 1]","[1, 1, 0, 1, 0, 1, 1, 0]",1,1,1,1,1,1,1,1,0.878193115938619,0.878193115938619,,,,0.02,8,2,False,False,0.02
48,regular,plus,"[3, 4]","{4: 'withhold', 3: 'withhold'}",0,0,2,"[3, 4]",2,0,"[0, 1, 0, 1, 1, 1, 1, 0, 1, 1]","[0, 1, 1, 1, 1, 0, 1, 1]","[0, 1, 1, 1, 1, 0, 1, 1]",0,1,0,1,0,1,1,1,0.9085364639759064,0.9085364639759064,,,,0.02,8,2,True,False,0.02
49,regular,psi,"[5, 8]","{5: 'equivocate', 8: 'withhold'}",0,1,1,"[5, 8]",2,0,"[0, 0, 1, 1, 0, 0, 0, 0, 1, 1]","[1, 1, 0, 0, 1, 0, 1, 1]","[1, 1, 0, 0, 0, 0, 1, 1]",0,0,0,1,0,0,0,1,0.32607514031008844,0.8781931153925189,,,,0.02,8,2,False,False,0.02
50,regular,psi,"[4, 8]","{8: 'coherent_flip', 4: 'withhold'}",1,0,1,[4],1,1,"[1, 1, 1, 0, 0, 0, 1, 1, 1, 0]","[1, 0, 0, 0, 1, 1, 1, 1]","[1, 0, 0, 0, 1, 1, 1, 1]",0,0,1,0,1,0,0,0,0.4660468007423375,0.4660468007423375,,,,0.02,8,2,False,False,0.02
51,regular,psi,"[2, 3]","{2: 'equivocate', 3: 'withhold'}",0,1,1,"[2, 3]",2,0,"[1, 1, 0, 0, 1, 1, 1, 1, 0, 1]","[0, 1, 1, 1, 1, 1, 0, 1]","[0, 0, 1, 1, 1, 1, 0, 1]",0,1,1,1,0,1,0,1,0.4660468031771693,0.8781930794449225,,,,0.02,8,2,False,False,0.02
52,regular,psi,"[1, 5]","{1: 'equivocate', 5: 'withhold'}",0,1,1,"[1, 5]",2,0,"[0, 1, 1, 0, 1, 1, 0, 1, 1, 1]","[0, 0, 1, 1, 0, 1, 1, 1]","[1, 0, 1, 1, 0, 1, 1, 1]",0,1,0,0,0,1,0,1,0.3260751067473491,0.878193110339443,,,,0.02,8,2,False,False,0.02
53,regular,psi,"[2, 6]","{2: 'withhold', 6: 'coherent_flip'}",1,0,1,[2],1,1,"[0, 0, 0, 0, 0, 1, 0, 0, 1, 0]","[0, 0, 0, 1, 0, 1, 1, 0]","[0, 0, 0, 1, 0, 1, 1, 0]",1,1,0,1,0,1,0,0,0.46604683370900374,0.46604683370900374,,,,0.02,8,2,False,False,0.02
54,regular,psi,"[5, 6]","{5: 'withhold', 6: 'coherent_flip'}",1,0,1,[5],1,1,"[1, 0, 0, 0, 1, 1, 0, 0, 1, 1]","[0, 0, 1, 1, 0, 1, 1, 1]","[0, 0, 1, 1, 0, 1, 1, 1]",0,1,1,1,1,1,0,0,0.4660468310599443,0.4660468310599443,,,,0.02,8,2,False,False,0.02
55,regular,psi,"[3, 5]","{5: 'coherent_flip', 3: 'coherent_flip'}",2,0,0,[],0,2,"[1, 1, 0, 1, 1, 1, 1, 1, 1, 1]","[0, 1, 0, 1, 0, 1, 1, 1]","[0, 1, 0, 1, 0, 1, 1, 1]",1,0,1,0,1,0,1,1,0.87819313012823,0.87819313012823,,,,0.02,8,2,False,False,0.02
56,regular,psi,"[5, 8]","{8: 'withhold', 5: 'withhold'}",0,0,2,"[5, 8]",2,0,"[0, 1, 0, 1, 0, 0, 0, 1, 1, 1]","[0, 1, 0, 0, 0, 1, 1, 1]","[0, 1, 0, 0, 0, 1, 1, 1]",0,1,0,1,0,1,1,1,0.878193110339443,0.878193110339443,,,,0.02,8,2,False,False,0.02
57,regular,psi,"[3, 6]","{6: 'equivocate', 3: 'coherent_flip'}",1,1,0,[6],1,1,"[1, 1, 0, 1, 1, 0, 1, 0, 0, 1]","[0, 1, 0, 0, 1, 1, 0, 1]","[0, 1, 0, 0, 1, 0, 0, 1]",1,1,0,0,1,0,0,0,0.3296849435550554,0.3260751403100885,,,,0.02,8,2,False,False,0.02
58,regular,psi,"[3, 6]","{6: 'withhold', 3: 'withhold'}",0,0,2,"[3, 6]",2,0,"[1, 0, 1, 1, 0, 0, 0, 1, 0, 0]","[1, 1, 0, 0, 0, 1, 0, 0]","[1, 1, 0, 0, 0, 1, 0, 0]",0,0,0,0,0,0,1,1,0.878193110339443,0.878193110339443,,,,0.02,8,2,False,False,0.02
59,regular,psi,"[2, 3]","{2: 'withhold', 3: 'equivocate'}",0,1,1,"[2, 3]",2,0,"[1, 0, 1, 1, 0, 0, 0, 0, 0, 1]","[1, 1, 1, 0, 0, 0, 0, 1]","[1, 1, 0, 0, 0, 0, 0, 1]",0,0,0,1,0,0,0,1,0.3260751011481732,0.878193115938619,,,,0.02,8,2,False,False,0.02
60,regular,psi,"[6, 7]","{6: 'withhold', 7: 'withhold'}",0,0,2,"[6, 7]",2,0,"[1, 0, 0, 0, 0, 0, 0, 0, 1, 0]","[0, 0, 0, 0, 0, 0, 1, 0]","[0, 0, 0, 0, 0, 0, 1, 0]",0,0,0,0,0,0,1,1,0.8781930905256313,0.8781930905256313,,,,0.02,8,2,False,False,0.02
61,regular,psi,"[3, 5]","{3: 'equivocate', 5: 'withhold'}",0,1,1,"[3, 5]",2,0,"[0, 1, 0, 0, 1, 1, 1, 0, 0, 0]","[0, 0, 0, 1, 1, 0, 0, 0]","[0, 0, 1, 1, 1, 0, 0, 0]",0,0,0,1,0,0,0,1,0.3260751067473491,0.878193110339443,,,,0.02,8,2,False,False,0.02
62,regular,psi,"[1, 8]","{8: 'withhold', 1: 'withhold'}",0,0,2,"[1, 8]",2,0,"[0, 0, 1, 0, 0, 0, 0, 1, 0, 1]","[1, 0, 0, 0, 0, 1, 0, 1]","[1, 0, 0, 0, 0, 1, 0, 1]",0,1,0,1,0,1,1,1,0.8781930961248067,0.8781930961248067,,,,0.02,8,2,False,False,0.02
63,regular,psi,"[4, 7]","{7: 'coherent_flip', 4: 'equivocate'}",1,1,0,[4],1,1,"[0, 0, 1, 1, 1, 0, 1, 1, 1, 1]","[1, 1, 1, 1, 1, 1, 0, 1]","[1, 1, 1, 0, 1, 1, 0, 1]",1,0,0,1,1,1,0,0,0.3296849379558796,0.32607514590926434,,,,0.02,8,2,False,False,0.02
64,regular,psi,"[1, 4]","{1: 'coherent_flip', 4: 'equivocate'}",1,1,0,[4],1,1,"[1, 1, 1, 0, 0, 1, 0, 0, 1, 0]","[0, 0, 0, 0, 0, 0, 1, 0]","[0, 0, 0, 1, 0, 0, 1, 0]",0,1,1,0,0,0,0,0,0.32968494920420416,0.3260751011481731,,,,0.02,8,2,False,False,0.02
65,regular,psi,"[6, 7]","{6: 'equivocate', 7: 'equivocate'}",0,2,0,"[6, 7]",2,0,"[1, 0, 0, 1, 1, 0, 0, 0, 1, 0]","[0, 1, 1, 0, 0, 1, 0, 0]","[0, 1, 1, 0, 0, 0, 1, 0]",1,1,0,0,1,1,0,1,0.3296849436050282,0.878193110339443,,,,0.02,8,2,False,False,0.02
66,regular,psi,"[1, 7]","{1: 'equivocate', 7: 'coherent_flip'}",1,1,0,[1],1,1,"[1, 0, 1, 0, 0, 0, 0, 1, 1, 1]","[0, 0, 0, 0, 0, 1, 0, 1]","[1, 0, 0, 0, 0, 1, 0, 1]",0,1,0,1,0,0,1,0,0.878193115938619,0.3260751011481731,,,,0.02,8,2,False,False,0.02
67,regular,psi,"[1, 2]","{1: 'coherent_flip', 2: 'withhold'}",1,0,1,[2],1,1,"[0, 1, 1, 0, 1, 0, 0, 1, 0, 0]","[0, 0, 1, 0, 0, 1, 0, 0]","[0, 0, 1, 0, 0, 1, 0, 0]",0,0,0,1,0,1,0,0,0.3260751011481731,0.3260751011481731,,,,0.02,8,2,False,False,0.02
68,regular,psi,"[2, 4]","{2: 'withhold', 4: 'withhold'}",0,0,2,"[2, 4]",2,0,"[0, 1, 0, 0, 0, 0, 0, 0, 0, 1]","[0, 0, 0, 0, 0, 0, 0, 1]","[0, 0, 0, 0, 0, 0, 0, 1]",0,0,0,0,0,0,1,1,0.878193115938619,0.878193115938619,,,,0.02,8,2,False,False,0.02
69,regular,psi,"[2, 6]","{6: 'withhold', 2: 'coherent_flip'}",1,0,1,[6],1,1,"[1, 0, 1, 0, 0, 0, 1, 1, 0, 1]","[1, 1, 0, 0, 1, 1, 0, 1]","[1, 1, 0, 0, 1, 1, 0, 1]",0,1,1,1,1,1,0,0,0.46604682819665627,0.46604682819665627,,,,0.02,8,2,False,False,0.02
70,regular,psi,"[2, 4]","{2: 'coherent_flip', 4: 'coherent_flip'}",2,0,0,[],0,2,"[0, 1, 0, 1, 1, 0, 1, 0, 1, 0]","[0, 0, 1, 1, 1, 0, 1, 0]","[0, 0, 1, 1, 1, 0, 1, 0]",0,1,0,1,0,1,1,1,0.8781931462870425,0.8781931462870425,,,,0.02,8,2,False,False,0.02
71,regular,psi,"[3, 5]","{3: 'equivocate', 5: 'withhold'}",0,1,1,"[3, 5]",2,0,"[1, 1, 0, 1, 1, 0, 1, 0, 1, 0]","[0, 1, 0, 0, 1, 0, 1, 0]","[0, 1, 1, 0, 1, 0, 1, 0]",0,0,0,1,0,0,0,1,0.3260751403100885,0.8781931153925189,,,,0.02,8,2,False,False,0.02
72,regular,psi,"[3, 8]","{8: 'coherent_flip', 3: 'withhold'}",1,0,1,[3],1,1,"[1, 1, 0, 0, 0, 1, 0, 0, 1, 1]","[0, 0, 0, 1, 0, 0, 1, 0]","[0, 0, 0, 1, 0, 0, 1, 0]",1,0,0,0,0,0,0,0,0.46604680074233745,0.46604680074233745,,,,0.02,8,2,False,False,0.02
73,regular,psi,"[6, 8]","{6: 'equivocate', 8: 'withhold'}",0,1,1,"[6, 8]",2,0,"[0, 1, 1, 1, 0, 1, 1, 0, 0, 1]","[1, 1, 0, 1, 1, 1, 0, 1]","[1, 1, 0, 1, 1, 0, 0, 1]",0,0,1,0,0,0,0,1,0.4660467922798727,0.8781931341141326,,,,0.02,8,2,False,False,0.02
74,regular,psi,"[2, 6]","{6: 'coherent_flip', 2: 'withhold'}",1,0,1,[2],1,1,"[0, 1, 0, 1, 1, 0, 1, 0, 0, 1]","[0, 1, 1, 0, 1, 1, 0, 1]","[0, 1, 1, 0, 1, 1, 0, 1]",1,0,0,0,0,0,0,0,0.46604684533581253,0.46604684533581253,,,,0.02,8,2,False,False,0.02
75,regular,psi,"[1, 7]","{1: 'equivocate', 7: 'equivocate'}",0,2,0,"[1, 7]",2,0,"[1, 0, 1, 1, 0, 0, 0, 0, 1, 0]","[0, 1, 0, 0, 0, 0, 0, 0]","[1, 1, 0, 0, 0, 0, 1, 0]",1,1,1,1,1,1,1,1,0.878193115938619,0.878193115938619,,,,0.02,8,2,False,False,0.02
76,regular,zero,"[1, 2]","{2: 'coherent_flip', 1: 'coherent_flip'}",2,0,0,[],0,2,"[1, 1, 0, 0, 0, 0, 0, 1, 1, 0]","[1, 1, 0, 0, 0, 1, 1, 0]","[1, 1, 0, 0, 0, 1, 1, 0]",0,0,1,1,1,1,0,0,0.09146354420157173,0.09146354420157173,,,,0.02,8,2,True,True,0.02
77,regular,psi,"[7, 8]","{7: 'coherent_flip', 8: 'coherent_flip'}",2,0,0,[],0,2,"[0, 0, 1, 0, 1, 0, 0, 1, 1, 0]","[1, 0, 1, 0, 0, 1, 0, 1]","[1, 0, 1, 0, 0, 1, 0, 1]",1,1,0,0,0,0,0,0,0.3296849492042042,0.3296849492042042,,,,0.02,8,2,False,False,0.02
78,regular,psi,"[5, 7]","{5: 'equivocate', 7: 'equivocate'}",0,2,0,"[5, 7]",2,0,"[1, 0, 1, 0, 0, 1, 0, 0, 1, 1]","[1, 0, 0, 1, 1, 0, 0, 1]","[1, 0, 0, 1, 0, 0, 1, 1]",0,1,0,1,0,1,1,1,0.8781931159386189,0.8781931159386189,,,,0.02,8,2,False,False,0.02
79,verification,verification,"[1, 5]","{1: 'withhold', 5: 'coherent_flip'}",1,0,1,[1],1,1,"[0, 1, 1, 1, 1, 1, 0, 0, 0, 0]","[1, 1, 1, 1, 1, 0, 0, 0]","[1, 1, 1, 1, 1, 0, 0, 0]",1,0,1,1,1,1,0,0,,,Phi-,False,0.049817069622619906,0.02,8,2,False,False,0.02
80,regular,psi,"[1, 3]","{1: 'withhold', 3: 'coherent_flip'}",1,0,1,[1],1,1,"[0, 0, 1, 0, 1, 0, 1, 1, 1, 1]","[1, 0, 0, 0, 1, 1, 1, 1]","[1, 0, 0, 0, 1, 1, 1, 1]",0,0,0,1,0,1,0,0,0.32607517493756777,0.32607517493756777,,,,0.02,8,2,False,False,0.02
81,verification,verification,"[6, 7]","{6: 'equivocate', 7: 'withhold'}",0,1,1,"[6, 7]",2,0,"[1, 1, 0, 1, 0, 0, 0, 1, 1, 0]","[0, 1, 0, 0, 0, 0, 1, 0]","[0, 1, 0, 0, 0, 1, 1, 0]",1,0,0,0,1,0,0,1,,,Phi+,True,0.8505486868240135,0.02,8,2,False,False,0.02
82,regular,psi,"[5, 6]","{6: 'equivocate', 5: 'equivocate'}",0,2,0,"[5, 6]",2,0,"[0, 0, 0, 1, 1, 1, 1, 0, 1, 0]","[0, 1, 1, 1, 0, 1, 1, 0]","[0, 1, 1, 1, 1, 0, 1, 0]",0,1,1,0,0,1,0,1,0.32968494360502815,0.878193110339443,,,,0.02,8,2,False,False,0.02
83,regular,plus,"[4, 7]","{7: 'equivocate', 4: 'withhold'}",0,1,1,"[4, 7]",2,0,"[0, 0, 1, 1, 1, 1, 0, 0, 1, 0]","[1, 1, 1, 1, 0, 0, 0, 0]","[1, 1, 1, 1, 0, 0, 1, 0]",0,1,0,0,0,1,0,1,0.09146353602409357,0.9085364639759064,,,,0.02,8,2,True,False,0.02
84,verification,verification,"[4, 8]","{8: 'coherent_flip', 4: 'withhold'}",1,0,1,[4],1,1,"[1, 0, 0, 0, 0, 0, 0, 0, 1, 1]","[0, 0, 0, 0, 0, 0, 1, 0]","[0, 0, 0, 0, 0, 0, 1, 0]",1,0,0,0,0,0,0,0,,,Psi+,False,0.04981711843482502,0.02,8,2,False,False,0.02
85,regular,psi,"[4, 5]","{4: 'equivocate', 5: 'withhold'}",0,1,1,"[4, 5]",2,0,"[0, 1, 1, 1, 0, 1, 1, 0, 1, 1]","[1, 1, 0, 0, 1, 0, 1, 1]","[1, 1, 0, 1, 1, 0, 1, 1]",0,1,1,1,0,1,0,1,0.4660468036924531,0.8781931343283611,,,,0.02,8,2,False,False,0.02
86,regular,psi,"[6, 8]","{8: 'coherent_flip', 6: 'equivocate'}",1,1,0,[6],1,1,"[1, 1, 1, 0, 1, 0, 0, 0, 0, 0]","[1, 0, 1, 0, 0, 1, 0, 1]","[1, 0, 1, 0, 0, 0, 0, 1]",1,1,1,1,0,1,1,0,0.8781930794449225,0.4660468031771693,,,,0.02,8,2,False,False,0.02
87,regular,psi,"[3, 7]","{3: 'coherent_flip', 7: 'coherent_flip'}",2,0,0,[],0,2,"[0, 0, 1, 0, 0, 1, 1, 1, 0, 1]","[1, 0, 1, 1, 1, 1, 1, 1]","[1, 0, 1, 1, 1, 1, 1, 1]",1,0,1,0,1,0,1,1,0.8781931401417654,0.8781931401417654,,,,0.02,8,2,False,False,0.02
88,regular,psi,"[3, 8]","{3: 'coherent_flip', 8: 'withhold'}",1,0,1,[8],1,1,"[1, 1, 1, 0, 1, 1, 1, 1, 1, 1]","[1, 0, 0, 1, 1, 1, 1, 1]","[1, 0, 0, 1, 1, 1, 1, 1]",0,1,0,0,0,0,0,0,0.3260751067473491,0.3260751067473491,,,,0.02,8,2,False,False,0.02
89,regular,psi,"[4, 8]","{4: 'withhold', 8: 'equivocate'}",0,1,1,"[4, 8]",2,0,"[0, 0, 1, 1, 0, 1, 0, 0, 1, 0]","[1, 1, 0, 1, 0, 0, 1, 1]","[1, 1, 0, 1, 0, 0, 1, 0]",0,0,1,0,0,0,0,1,0.4660468063415133,0.8781931097933431,,,,0.02,8,2,False,False,0.02
90,regular,psi,"[3, 7]","{7: 'equivocate', 3: 'withhold'}",0,1,1,"[3, 7]",2,0,"[1, 1, 0, 0, 1, 1, 1, 0, 0, 0]","[0, 0, 1, 1, 1, 0, 1, 0]","[0, 0, 1, 1, 1, 0, 0, 0]",0,1,0,0,0,1,0,1,0.32607514590926434,0.8781931097933431,,,,0.02,8,2,False,False,0.02
91,regular,psi,"[1, 4]","{1: 'withhold', 4: 'withhold'}",0,0,2,"[1, 4]",2,0,"[1, 1, 1, 1, 0, 1, 1, 0, 1, 1]","[1, 1, 0, 1, 1, 0, 1, 1]","[1, 1, 0, 1, 1, 0, 1, 1]",0,0,0,0,0,0,1,1,0.8781931401417654,0.8781931401417654,,,,0.02,8,2,False,False,0.02
92,regular,psi,"[3, 5]","{3: 'withhold', 5: 'coherent_flip'}",1,0,1,[3],1,1,"[0, 0, 0, 1, 1, 1, 0, 0, 0, 1]","[0, 1, 1, 1, 1, 0, 0, 1]","[0, 1, 1, 1, 1, 0, 0, 1]",1,1,1,0,1,0,0,0,0.32607514817648026,0.32607514817648026,,,,0.02,8,2,False,False,0.02
93,regular,psi,"[1, 8]","{1: 'withhold', 8: 'withhold'}",0,0,2,"[1, 8]",2,0,"[0, 1, 0, 0, 1, 0, 1, 1, 0, 0]","[0, 0, 1, 0, 1, 1, 0, 0]","[0, 0, 1, 0, 1, 1, 0, 0]",0,0,0,0,0,0,1,1,0.878193115938619,0.878193115938619,,,,0.02,8,2,False,False,0.02
94,regular,psi,"[4, 7]","{4: 'equivocate', 7: 'equivocate'}",0,2,0,"[4, 7]",2,0,"[0, 0, 1, 1, 0, 1, 1, 0, 1, 1]","[1, 1, 0, 0, 1, 0, 0, 1]","[1, 1, 0, 1, 1, 0, 1, 1]",1,1,0,0,1,1,0,1,0.3296849436050282,0.878193110339443,,,,0.02,8,2,False,False,0.02
95,regular,psi,"[1, 8]","{8: 'coherent_flip', 1: 'withhold'}",1,0,1,[1],1,1,"[1, 0, 0, 1, 0, 1, 0, 0, 0, 1]","[0, 1, 0, 1, 0, 0, 0, 0]","[0, 1, 0, 1, 0, 0, 0, 0]",1,1,0,1,0,1,0,0,0.4660468063415133,0.4660468063415133,,,,0.02,8,2,False,False,0.02
96,regular,psi,"[2, 5]","{5: 'equivocate', 2: 'withhold'}",0,1,1,"[2, 5]",2,0,"[0, 1, 0, 0, 0, 1, 1, 1, 0, 1]","[0, 0, 0, 1, 0, 1, 0, 1]","[0, 0, 0, 1, 1, 1, 0, 1]",0,1,0,0,0,1,0,1,0.3260751552688565,0.8781930794449225,,,,0.02,8,2,False,False,0.02
97,regular,psi,"[2, 7]","{2: 'coherent_flip', 7: 'withhold'}",1,0,1,[7],1,1,"[1, 0, 1, 1, 1, 0, 0, 1, 0, 1]","[1, 0, 1, 0, 0, 1, 0, 1]","[1, 0, 1, 0, 0, 1, 0, 1]",1,1,0,1,0,1,0,0,0.4660467951431617,0.4660467951431617,,,,0.02,8,2,False,False,0.02
98,regular,psi,"[1, 8]","{1: 'coherent_flip', 8: 'coherent_flip'}",2,0,0,[],0,2,"[0, 1, 1, 1, 1, 0, 1, 0, 0, 1]","[0, 1, 1, 0, 1, 0, 0, 0]","[0, 1, 1, 0, 1, 0, 0, 0]",1,1,0,0,0,0,0,0,0.3296849435550554,0.3296849435550554,,,,0.02,8,2,False,False,0.02
99,regular,psi,"[4, 5]","{5: 'withhold', 4: 'withhold'}",0,0,2,"[4, 5]",2,0,"[1, 0, 0, 1, 1, 1, 1, 1, 0, 1]","[0, 1, 1, 1, 1, 1, 0, 1]","[0, 1, 1, 1, 1, 1, 0, 1]",0,1,0,1,0,1,1,1,0.8781930850440982,0.8781930850440982,,,,0.02,8,2,False,False,0.02
100,verification,verification,"[2, 6]","{2: 'equivocate', 6: 'coherent_flip'}",1,1,0,[2],1,1,"[0, 0, 0, 1, 0, 1, 1, 1, 0, 0]","[0, 0, 0, 1, 1, 0, 0, 0]","[0, 1, 0, 1, 1, 0, 0, 0]",1,1,1,1,0,1,1,0,,,Psi-,False,0.04981713378165828,0.02,8,2,False,False,0.02
101,regular,psi,"[1, 6]","{6: 'coherent_flip', 1: 'equivocate'}",1,1,0,[1],1,1,"[1, 0, 1, 0, 0, 0, 1, 0, 1, 1]","[0, 0, 0, 0, 1, 1, 1, 1]","[1, 0, 0, 0, 1, 1, 1, 1]",1,0,0,1,0,0,0,0,0.3296849138027058,0.4660468095058574,,,,0.02,8,2,False,False,0.02
102,regular,psi,"[1, 8]","{8: 'equivocate', 1: 'equivocate'}",0,2,0,"[1, 8]",2,0,"[1, 0, 1, 1, 0, 1, 0, 0, 1, 1]","[0, 1, 0, 1, 0, 0, 1, 0]","[1, 1, 0, 1, 0, 0, 1, 1]",1,1,0,0,1,1,0,1,0.3296849436050282,0.878193110339443,,,,0.02,8,2,False,False,0.02
103,regular,psi,"[4, 7]","{7: 'withhold', 4: 'withhold'}",0,0,2,"[4, 7]",2,0,"[0, 0, 1, 1, 1, 0, 0, 0, 0, 0]","[1, 1, 1, 0, 0, 0, 0, 0]","[1, 1, 1, 0, 0, 0, 0, 0]",1,0,1,0,1,0,1,1,0.8781931103394429,0.8781931103394429,,,,0.02,8,2,False,False,0.02
104,regular,psi,"[3, 8]","{8: 'equivocate', 3: 'equivocate'}",0,2,0,"[3, 8]",2,0,"[1, 0, 0, 0, 1, 0, 1, 0, 1, 1]","[0, 0, 0, 0, 1, 0, 1, 0]","[0, 0, 1, 0, 1, 0, 1, 1]",1,0,0,1,1,0,0,1,0.32968493795587955,0.878193109793343,,,,0.02,8,2,False,False,0.02
105,regular,psi,"[4, 8]","{8: 'coherent_flip', 4: 'coherent_flip'}",2,0,0,[],0,2,"[1, 1, 1, 1, 0, 1, 0, 0, 1, 0]","[1, 1, 0, 0, 0, 0, 1, 1]","[1, 1, 0, 0, 0, 0, 1, 1]",1,1,1,1,1,1,1,1,0.878193110339443,0.878193110339443,,,,0.02,8,2,False,False,0.02
106,regular,psi,"[2, 6]","{2: 'withhold', 6: 'withhold'}",0,0,2,"[2, 6]",2,0,"[1, 0, 0, 0, 0, 1, 1, 1, 1, 0]","[0, 0, 0, 1, 1, 1, 1, 0]","[0, 0, 0, 1, 1, 1, 1, 0]",0,1,0,1,0,1,1,1,0.8781931401417654,0.8781931401417654,,,,0.02,8,2,False,False,0.02
107,regular,psi,"[6, 7]","{7: 'coherent_flip', 6: 'withhold'}",1,0,1,[6],1,1,"[0, 0, 1, 0, 0, 1, 0, 0, 1, 1]","[1, 0, 0, 1, 0, 0, 0, 1]","[1, 0, 0, 1, 0, 0, 0, 1]",0,0,0,1,0,1,0,0,0.3260751772047847,0.3260751772047847,,,,0.02,8,2,False,False,0.02
108,regular,psi,"[2, 4]","{2: 'equivocate', 4: 'withhold'}",0,1,1,"[2, 4]",2,0,"[0, 0, 0, 1, 1, 1, 1, 0, 0, 1]","[0, 0, 1, 1, 1, 0, 0, 1]","[0, 1, 1, 1, 1, 0, 0, 1]",1,0,0,0,1,0,0,1,0.46604683370900374,0.8781931159386189,,,,0.02,8,2,False,False,0.02
109,regular,psi,"[4, 5]","{4: 'coherent_flip', 5: 'equivocate'}",1,1,0,[5],1,1,"[0, 0, 1, 1, 1, 1, 0, 0, 0, 0]","[1, 1, 1, 0, 1, 0, 0, 0]","[1, 1, 1, 0, 0, 0, 0, 0]",0,0,1,1,1,0,0,0,0.3296849436050282,0.46604683930817975,,,,0.02,8,2,False,False,0.02
110,regular,psi,"[1, 8]","{8: 'withhold', 1: 'equivocate'}",0,1,1,"[1, 8]",2,0,"[0, 1, 0, 1, 1, 1, 0, 1, 1, 1]","[1, 1, 1, 1, 0, 1, 1, 1]","[0, 1, 1, 1, 0, 1, 1, 1]",1,0,1,1,1,0,0,1,0.3260750895213644,0.8781931275654278,,,,0.02,8,2,False,False,0.02
111,regular,psi,"[3, 4]","{4: 'equivocate', 3: 'coherent_flip'}",1,1,0,[4],1,1,"[0, 1, 1, 0, 1, 0, 0, 1, 0, 0]","[1, 0, 0, 1, 0, 1, 0, 0]","[1, 0, 0, 0, 0, 1, 0, 0]",0,0,1,1,0,1,0,0,0.32968494920420416,0.3260751011481731,,,,0.02,8,2,False,False,0.02
112,regular,psi,"[4, 6]","{4: 'coherent_flip', 6: 'withhold'}",1,0,1,[6],1,1,"[0, 0, 0, 1, 1, 1, 1, 0, 0, 1]","[0, 1, 1, 0, 1, 0, 0, 1]","[0, 1, 1, 0, 1, 0, 0, 1]",1,0,0,0,0,0,0,0,0.46604683370900374,0.46604683370900374,,,,0.02,8,2,False,False,0.02
113,regular,psi,"[3, 8]","{3: 'coherent_flip', 8: 'withhold'}",1,0,1,[8],1,1,"[1, 1, 0, 0, 0, 1, 1, 0, 1, 0]","[0, 0, 1, 1, 1, 0, 1, 0]","[0, 0, 1, 1, 1, 0, 1, 0]",0,1,0,0,0,0,0,0,0.3260751011481731,0.3260751011481731,,,,0.02,8,2,False,False,0.02
114,regular,psi,"[5, 6]","{6: 'withhold', 5: 'withhold'}",0,0,2,"[5, 6]",2,0,"[0, 0, 1, 0, 0, 1, 0, 1, 0, 1]","[1, 0, 0, 1, 0, 1, 0, 1]","[1, 0, 0, 1, 0, 1, 0, 1]",1,1,1,1,1,1,1,1,0.8781930961248068,0.8781930961248068,,,,0.02,8,2,False,False,0.02
115,regular,psi,"[3, 6]","{6: 'withhold', 3: 'withhold'}",0,0,2,"[3, 6]",2,0,"[1, 1, 1, 0, 1, 1, 1, 0, 1, 0]","[1, 0, 1, 1, 1, 0, 1, 0]","[1, 0, 1, 1, 1, 0, 1, 0]",0,1,0,1,0,1,1,1,0.878193115938619,0.878193115938619,,,,0.02,8,2,False,False,0.02
116,regular,psi,"[1, 5]","{5: 'withhold', 1: 'equivocate'}",0,1,1,"[1, 5]",2,0,"[0, 1, 1, 0, 1, 0, 1, 0, 1, 1]","[0, 0, 1, 0, 1, 0, 1, 1]","[1, 0, 1, 0, 1, 0, 1, 1]",0,0,0,1,0,0,0,1,0.32607514590926434,0.8781931097933431,,,,0.02,8,2,False,False,0.02
117,regular,psi,"[1, 3]","{3: 'withhold', 1: 'equivocate'}",0,1,1,"[1, 3]",2,0,"[1, 0, 1, 0, 0, 0, 0, 1, 1, 1]","[0, 0, 0, 0, 0, 1, 1, 1]","[1, 0, 0, 0, 0, 1, 1, 1]",0,1,0,0,0,1,0,1,0.3260751011481731,0.878193115938619,,,,0.02,8,2,False,False,0.02
118,regular,psi,"[1, 8]","{8: 'coherent_flip', 1: 'equivocate'}",1,1,0,[1],1,1,"[1, 0, 0, 1, 0, 0, 1, 0, 0, 0]","[1, 1, 0, 0, 1, 0, 0, 1]","[0, 1, 0, 0, 1, 0, 0, 1]",1,0,0,1,0,0,0,0,0.3296849436050282,0.46604683930817975,,,,0.02,8,2,False,False,0.02
119,regular,psi,"[6, 7]","{6: 'coherent_flip', 7: 'withhold'}",1,0,1,[7],1,1,"[1, 0, 1, 1, 1, 0, 1, 0, 0, 0]","[1, 1, 1, 0, 1, 1, 0, 0]","[1, 1, 1, 0, 1, 1, 0, 0]",1,0,0,0,0,0,0,0,0.46604683370900374,0.46604683370900374,,,,0.02,8,2,False,False,0.02
120,regular,psi,"[1, 5]","{5: 'equivocate', 1: 'coherent_flip'}",1,1,0,[5],1,1,"[1, 1, 1, 0, 0, 0, 1, 1, 0, 0]","[0, 0, 0, 0, 0, 1, 0, 0]","[0, 0, 0, 0, 1, 1, 0, 0]",0,1,0,1,0,0,1,0,0.878193109793343,0.32607514590926434,,,,0.02,8,2,False,False,0.02
121,regular,psi,"[5, 7]","{5: 'coherent_flip', 7: 'withhold'}",1,0,1,[7],1,1,"[1, 1, 0, 1, 0, 1, 0, 1, 1, 1]","[0, 1, 0, 1, 1, 1, 1, 1]","[0, 1, 0, 1, 1, 1, 1, 1]",1,0,1,1,1,1,0,0,0.3260751772047846,0.3260751772047846,,,,0.02,8,2,False,False,0.02
122,verification,verification,"[1, 2]","{1: 'equivocate', 2: 'coherent_flip'}",1,1,0,[1],1,1,"[1, 1, 1, 1, 1, 0, 1, 0, 0, 0]","[0, 0, 1, 0, 1, 0, 0, 0]","[1, 0, 1, 0, 1, 0, 0, 0]",0,0,1,1,1,0,0,0,,,Psi+,False,0.04981712201110379,0.02,8,2,False,False,0.02
123,regular,psi,"[1, 2]","{2: 'withhold', 1: 'coherent_flip'}",1,0,1,[2],1,1,"[0, 1, 1, 1, 0, 1, 0, 0, 0, 1]","[0, 1, 0, 1, 0, 0, 0, 1]","[0, 1, 0, 1, 0, 0, 0, 1]",0,1,0,0,0,0,0,0,0.32607518280396014,0.32607518280396014,,,,0.02,8,2,False,False,0.02
124,regular,psi,"[7, 8]","{8: 'equivocate', 7: 'withhold'}",0,1,1,"[7, 8]",2,0,"[0, 1, 1, 1, 1, 0, 1, 0, 1, 0]","[1, 1, 1, 0, 1, 0, 1, 1]","[1, 1, 1, 0, 1, 0, 1, 0]",0,0,1,0,0,0,0,1,0.4660468007423375,0.8781931153925188,,,,0.02,8,2,False,False,0.02
125,regular,psi,"[4, 8]","{4: 'coherent_flip', 8: 'coherent_flip'}",2,0,0,[],0,2,"[1, 1, 1, 1, 0, 0, 1, 1, 1, 1]","[1, 1, 0, 1, 1, 1, 1, 0]","[1, 1, 0, 1, 1, 1, 1, 0]",0,0,0,0,0,0,1,1,0.8781931401417654,0.8781931401417654,,,,0.02,8,2,False,False,0.02
126,regular,psi,"[2, 5]","{5: 'withhold', 2: 'withhold'}",0,0,2,"[2, 5]",2,0,"[1, 1, 0, 0, 1, 0, 0, 0, 1, 0]","[0, 0, 1, 0, 0, 0, 1, 0]","[0, 0, 1, 0, 0, 0, 1, 0]",1,1,1,1,1,1,1,1,0.8781931103394429,0.8781931103394429,,,,0.02,8,2,False,False,0.02
127,regular,zero,"[2, 5]","{2: 'equivocate', 5: 'coherent_flip'}",1,1,0,[2],1,1,"[0, 0, 0, 1, 1, 0, 0, 0, 1, 0]","[0, 0, 1, 0, 1, 0, 1, 0]","[0, 1, 1, 0, 1, 0, 1, 0]",1,0,0,1,1,1,0,0,0.0914635387499195,0.9085364612500805,,,,0.02,8,2,True,False,0.02
128,regular,psi,"[4, 7]","{4: 'withhold', 7: 'withhold'}",0,0,2,"[4, 7]",2,0,"[1, 1, 0, 1, 1, 1, 1, 1, 1, 1]","[0, 1, 1, 1, 1, 1, 1, 1]","[0, 1, 1, 1, 1, 1, 1, 1]",1,0,1,0,1,0,1,1,0.87819313012823,0.87819313012823,,,,0.02,8,2,False,False,0.02
129,regular,psi,"[2, 8]","{2: 'withhold', 8: 'equivocate'}",0,1,1,"[2, 8]",2,0,"[1, 1, 1, 1, 1, 0, 1, 1, 0, 1]","[1, 1, 1, 0, 1, 1, 0, 0]","[1, 1, 1, 0, 1, 1, 0, 1]",0,0,1,0,0,0,0,1,0.46604683687334886,0.8781931462870425,,,,0.02,8,2,False,False,0.02
130,regular,psi,"[2, 8]","{8: 'withhold', 2: 'equivocate'}",0,1,1,"[2, 8]",2,0,"[1, 0, 0, 0, 1, 1, 1, 0, 0, 0]","[0, 1, 1, 1, 1, 0, 0, 0]","[0, 0, 1, 1, 1, 0, 0, 0]",1,1,0,1,1,1,0,1,0.46604675895108066,0.8781931387186658,,,,0.02,8,2,False,False,0.02
131,verification,verification,"[1, 8]","{8: 'coherent_flip', 1: 'withhold'}",1,0,1,[1],1,1,"[0, 1, 0, 0, 1, 1, 1, 0, 1, 1]","[0, 0, 1, 1, 1, 0, 1, 0]","[0, 0, 1, 1, 1, 0, 1, 0]",1,1,0,1,0,1,0,0,,,Psi+,False,0.04981713341049172,0.02,8,2,False,False,0.02
132,regular,psi,"[6, 8]","{6: 'coherent_flip', 8: 'withhold'}",1,0,1,[8],1,1,"[1, 0, 1, 0, 1, 1, 1, 0, 0, 0]","[1, 0, 1, 1, 1, 1, 0, 0]","[1, 0, 1, 1, 1, 1, 0, 0]",1,0,0,0,0,0,0,0,0.46604684247252504,0.46604684247252504,,,,0.02,8,2,False,False,0.02
133,regular,psi,"[4, 6]","{6: 'coherent_flip', 4: 'equivocate'}",1,1,0,[4],1,1,"[0, 1, 0, 0, 0, 0, 0, 0, 0, 1]","[0, 0, 0, 1, 0, 1, 0, 1]","[0, 0, 0, 0, 0, 1, 0, 1]",0,0,0,0,1,0,1,0,0.878193115938619,0.46604683370900385,,,,0.02,8,2,False,False,0.02
134,regular,psi,"[2, 8]","{8: 'withhold', 2: 'withhold'}",0,0,2,"[2, 8]",2,0,"[0, 1, 0, 1, 1, 1, 1, 0, 1, 1]","[0, 1, 1, 1, 1, 0, 1, 1]","[0, 1, 1, 1, 1, 0, 1, 1]",0,1,0,1,0,1,1,1,0.8781931406878664,0.8781931406878664,,,,0.02,8,2,False,False,0.02
135,regular,psi,"[6, 7]","{6: 'equivocate', 7: 'equivocate'}",0,2,0,"[6, 7]",2,0,"[1, 1, 0, 1, 1, 1, 0, 1, 0, 0]","[0, 1, 1, 1, 0, 0, 1, 0]","[0, 1, 1, 1, 0, 1, 0, 0]",0,0,1,1,0,0,0,1,0.329684941805916,0.8781931245290535,,,,0.02,8,2,False,False,0.02
136,regular,psi,"[5, 6]","{5: 'withhold', 6: 'coherent_flip'}",1,0,1,[5],1,1,"[1, 0, 0, 0, 0, 0, 1, 0, 0, 0]","[0, 0, 0, 0, 1, 1, 0, 0]","[0, 0, 0, 0, 1, 1, 0, 0]",0,0,1,0,1,0,0,0,0.4660468095058574,0.4660468095058574,,,,0.02,8,2,False,False,0.02
137,regular,psi,"[1, 3]","{1: 'coherent_flip', 3: 'coherent_flip'}",2,0,0,[],0,2,"[0, 1, 0, 1, 0, 0, 1, 0, 1, 0]","[1, 1, 1, 0, 1, 0, 1, 0]","[1, 1, 1, 0, 1, 0, 1, 0]",0,0,0,0,0,0,1,1,0.8781931457409414,0.8781931457409414,,,,0.02,8,2,False,False,0.02
138,regular,psi,"[4, 6]","{4: 'withhold', 6: 'withhold'}",0,0,2,"[4, 6]",2,0,"[0, 1, 1, 1, 1, 1, 0, 0, 1, 0]","[1, 1, 1, 1, 0, 0, 1, 0]","[1, 1, 1, 1, 0, 0, 1, 0]",1,1,1,1,1,1,1,1,0.8781931348744618,0.8781931348744618,,,,0.02,8,2,False,False,0.02
139,regular,psi,"[1, 3]","{3: 'equivocate', 1: 'withhold'}",0,1,1,"[1, 3]",2,0,"[0, 0, 1, 1, 1, 0, 0, 1, 0, 0]","[1, 1, 0, 0, 0, 1, 0, 0]","[1, 1, 1, 0, 0, 1, 0, 0]",0,0,0,1,0,0,0,1,0.32607509554899716,0.878193121537795,,,,0.02,8,2,False,False,0.02
140,regular,psi,"[3, 5]","{3: 'withhold', 5: 'equivocate'}",0,1,1,"[3, 5]",2,0,"[1, 1, 1, 1, 1, 1, 0, 1, 0, 1]","[1, 1, 1, 1, 1, 1, 0, 1]","[1, 1, 1, 1, 0, 1, 0, 1]",1,1,1,0,1,1,0,1,0.32607509512054034,0.8781931219662518,,,,0.02,8,2,False,False,0.02
141,regular,psi,"[3, 6]","{6: 'withhold', 3: 'coherent_flip'}",1,0,1,[6],1,1,"[1, 1, 0, 0, 1, 1, 1, 1, 1, 0]","[0, 0, 0, 1, 1, 1, 1, 0]","[0, 0, 0, 1, 1, 1, 1, 0]",1,0,1,1,1,1,0,0,0.3260751805367431,0.3260751805367431,,,,0.02,8,2,False,False,0.02
142,regular,psi,"[5, 8]","{5: 'equivocate', 8: 'coherent_flip'}",1,1,0,[5],1,1,"[1, 0, 0, 1, 0, 1, 0, 1, 1, 0]","[0, 1, 0, 1, 1, 1, 1, 1]","[0, 1, 0, 1, 0, 1, 1, 1]",1,0,0,1,0,0,0,0,0.3296849629586339,0.46604678470060257,,,,0.02,8,2,False,False,0.02
143,regular,psi,"[1, 4]","{1: 'equivocate', 4: 'coherent_flip'}",1,1,0,[1],1,1,"[0, 1, 1, 1, 0, 0, 1, 0, 1, 1]","[0, 1, 0, 1, 1, 0, 1, 1]","[1, 1, 0, 1, 1, 0, 1, 1]",1,1,0,0,0,1,0,0,0.3296849194018818,0.4660468039066814,,,,0.02,8,2,False,False,0.02
144,regular,psi,"[4, 7]","{7: 'withhold', 4: 'withhold'}",0,0,2,"[4, 7]",2,0,"[0, 0, 1, 0, 1, 0, 0, 0, 1, 0]","[1, 0, 1, 0, 0, 0, 1, 0]","[1, 0, 1, 0, 0, 0, 1, 0]",0,1,0,1,0,1,1,1,0.878193110339443,0.878193110339443,,,,0.02,8,2,False,False,0.02
145,regular,psi,"[2, 7]","{7: 'coherent_flip', 2: 'equivocate'}",1,1,0,[2],1,1,"[1, 1, 1, 0, 1, 0, 0, 0, 0, 1]","[1, 1, 1, 0, 0, 0, 1, 1]","[1, 0, 1, 0, 0, 0, 1, 1]",0,1,1,0,0,0,0,0,0.32968496210905185,0.32607515526885644,,,,0.02,8,2,False,False,0.02
146,regular,psi,"[3, 5]","{5: 'coherent_flip', 3: 'withhold'}",1,0,1,[3],1,1,"[0, 1, 0, 1, 0, 1, 1, 0, 0, 1]","[0, 1, 0, 1, 0, 0, 0, 1]","[0, 1, 0, 1, 0, 0, 0, 1]",0,1,0,0,0,0,0,0,0.32607509986919814,0.32607509986919814,,,,0.02,8,2,False,False,0.02
147,regular,psi,"[2, 6]","{6: 'withhold', 2: 'withhold'}",0,0,2,"[2, 6]",2,0,"[1, 0, 0, 0, 1, 0, 1, 1, 1, 0]","[0, 0, 1, 0, 1, 1, 1, 0]","[0, 0, 1, 0, 1, 1, 1, 0]",1,0,1,0,1,0,1,1,0.8781930774031959,0.8781930774031959,,,,0.02,8,2,False,False,0.02
148,regular,psi,"[3, 4]","{3: 'equivocate', 4: 'equivocate'}",0,2,0,"[3, 4]",2,0,"[1, 0, 0, 0, 0, 1, 1, 0, 0, 1]","[0, 0, 1, 0, 1, 0, 0, 1]","[0, 0, 0, 1, 1, 0, 0, 1]",0,0,1,1,0,0,0,1,0.32968492542951455,0.8781931285149566,,,,0.02,8,2,False,False,0.02
149,regular,psi,"[4, 6]","{4: 'coherent_flip', 6: 'coherent_flip'}",2,0,0,[],0,2,"[0, 1, 1, 1, 1, 0, 0, 0, 0, 1]","[1, 1, 1, 1, 0, 1, 0, 1]","[1, 1, 1, 1, 0, 1, 0, 1]",1,0,1,0,1,0,1,1,0.878193110339443,0.878193110339443,,,,0.02,8,2,False,False,0.02
